id,author,country,work,sentence,n_words
borges_ficciones_0000,Jorge Luis Borges,Argentina,Ficciones,En Las ruinas circulares todo es irreal: en Pierre Menard autor del «Quijote» lo es el destino que su protagonista se impone.,22
borges_ficciones_0001,Jorge Luis Borges,Argentina,Ficciones,Desvarío laborioso y empobrecedor el de componer vastos libros; el de explayar en quinientas páginas una idea.,17
borges_ficciones_0002,Jorge Luis Borges,Argentina,Ficciones,Debo a la conjunción de un espejo y de una enciclopedia el descubrimiento de Uqbar.,15
borges_ficciones_0003,Jorge Luis Borges,Argentina,Ficciones,"Desde el fondo remoto del corredor, el espejo nos acechaba.",10
borges_ficciones_0004,Jorge Luis Borges,Argentina,Ficciones,"Le pregunté el origen de esa memorable sentencia y me contestó que The Anglo American Cyclopaedia la registraba, en su artículo sobre Uqbar.",23
borges_ficciones_0005,Jorge Luis Borges,Argentina,Ficciones,"Me dijo que tenía a la vista el artículo sobre Uqbar, en el volumen XLVI de la Enciclopedia.",18
borges_ficciones_0006,Jorge Luis Borges,Argentina,Ficciones,"Lo cual me sorprendió, porque los escrupulosos índices cartográficos de la Erdkunde de Ritter ignoraban con plenitud el nombre de Uqbar.",21
borges_ficciones_0007,Jorge Luis Borges,Argentina,Ficciones,El volumen que trajo Bioy era efectivamente el XLVI de la Anglo-American Cyclopaedia.,13
borges_ficciones_0008,Jorge Luis Borges,Argentina,Ficciones,Esas cuatro páginas adicionales comprendían el artículo sobre Uqbar; no previsto (como habrá advertido el lector) por la indicación alfabética.,20
borges_ficciones_0009,Jorge Luis Borges,Argentina,Ficciones,Comprobamos después que no hay otra diferencia entre los volúmenes.,10
borges_ficciones_0010,Jorge Luis Borges,Argentina,Ficciones,"De los nombres históricos, uno solo: el impostor Esmerdis el mago, invocado más bien como una metáfora.",17
borges_ficciones_0011,Jorge Luis Borges,Argentina,Ficciones,"En vano fatigamos atlas, catálogos, anuarios de sociedades geográficas, memorias de viajeros e historiadores: nadie había estado nunca en Uqbar.",20
borges_ficciones_0012,Jorge Luis Borges,Argentina,Ficciones,El índice general de la enciclopedia de Bioy tampoco registraba ese nombre.,12
borges_ficciones_0013,Jorge Luis Borges,Argentina,Ficciones,"En vida padeció de irrealidad, como tantos ingleses; muerto, no es siquiera el fantasma que ya era entonces.",18
borges_ficciones_0014,Jorge Luis Borges,Argentina,Ficciones,Era alto y desganado y su cansada barba rectangular había sido roja.,12
borges_ficciones_0015,Jorge Luis Borges,Argentina,Ficciones,Mi padre había estrechado con él (el verbo es excesivo) una de esas amistades inglesas que empiezan por excluir la confidencia y que muy pronto omiten el diálogo.,28
borges_ficciones_0016,Jorge Luis Borges,Argentina,Ficciones,"Hablamos de vida pastoril, de capangas, de la etimología brasilera de la palabra gaucho (que algunos viejos orientales todavía pronuncian gaúcho) y nada más se dijo -Dios me perdone- de funciones duodecimales.",32
borges_ficciones_0017,Jorge Luis Borges,Argentina,Ficciones,"Ashe lo dejó en el bar, donde -meses después- lo encontré.",11
borges_ficciones_0018,Jorge Luis Borges,Argentina,Ficciones,En el amarillo lomo de cuero leí estas curiosas palabras que la falsa carátula repetía: A First Encyclopaedia of Tlön.,20
borges_ficciones_0019,Jorge Luis Borges,Argentina,Ficciones,No había indicación de fecha ni de lugar.,8
borges_ficciones_0020,Jorge Luis Borges,Argentina,Ficciones,En el onceno tomo de que hablo hay alusiones a tomos ulteriores y precedentes.,14
borges_ficciones_0021,Jorge Luis Borges,Argentina,Ficciones,El hecho es que hasta ahora las pesquisas más diligentes han sido estériles.,13
borges_ficciones_0022,Jorge Luis Borges,Argentina,Ficciones,En vano hemos desordenado las bibliotecas de las dos Américas y de Europa.,13
borges_ficciones_0023,Jorge Luis Borges,Argentina,Ficciones,"Alfonso Reyes, harto de esas fatigas subalternas de índole policial, propone que entre todos acometamos la obra de reconstruir los muchos y macizos tomos que faltan: ex ungue leonem.",29
borges_ficciones_0024,Jorge Luis Borges,Argentina,Ficciones,"El plural es inevitable, porque la hipótesis de un solo inventor -de un infinito Leibniz obrando en la tiniebla y en la modestia- ha sido descartada unánimemente.",27
borges_ficciones_0025,Jorge Luis Borges,Argentina,Ficciones,"Las revistas populares han divulgado, con perdonable exceso la zoología y la topografía de Tlön; yo pienso que sus tigres transparentes y sus torres de sangre no merecen, tal vez, la continua atención de todos los hombres.",37
borges_ficciones_0026,Jorge Luis Borges,Argentina,Ficciones,Hume notó para siempre que los argumentos de Berkeley no admitían la menor réplica y no causaban la menor convicción.,20
borges_ficciones_0027,Jorge Luis Borges,Argentina,Ficciones,El mundo para ellos no es un concurso de objetos en el espacio; es una serie heterogénea de actos independientes.,20
borges_ficciones_0028,Jorge Luis Borges,Argentina,Ficciones,"Por ejemplo: no hay palabra que corresponda a la palabra luna, pero hay un verbo que sería en español lunecer o lunar.",22
borges_ficciones_0029,Jorge Luis Borges,Argentina,Ficciones,El sustantivo se forma por acumulación de adjetivos.,8
borges_ficciones_0030,Jorge Luis Borges,Argentina,Ficciones,No se dice luna: se dice aéreo-claro sobre oscuro-redondo o anaranjado-tenue-del cielo o cualquier otra agregación.,16
borges_ficciones_0031,Jorge Luis Borges,Argentina,Ficciones,"En la literatura de este hemisferio (como en el mundo subsistente de Meinong) abundan los objetos ideales, convocados y disueltos en un momento, según las necesidades poéticas.",27
borges_ficciones_0032,Jorge Luis Borges,Argentina,Ficciones,No es exagerado afirmar que la cultura clásica de Tlön comprende una sola disciplina: la psicología.,16
borges_ficciones_0033,Jorge Luis Borges,Argentina,Ficciones,Este monismo o idealismo total invalida la ciencia.,8
borges_ficciones_0034,Jorge Luis Borges,Argentina,Ficciones,"Explicar (o juzgar) un hecho es unirlo a otro; esa vinculación, en Tlön, es un estado posterior del sujeto, que no puede afectar o iluminar el estado anterior.",28
borges_ficciones_0035,Jorge Luis Borges,Argentina,Ficciones,"Todo estado mental es irreductible: el mero hecho de nombrarlo -id est, de clasificarlo- importa un falseo.",17
borges_ficciones_0036,Jorge Luis Borges,Argentina,Ficciones,Los metafísicos de Tlön no buscan la verdad ni siquiera la verosimilitud: buscan el asombro.,15
borges_ficciones_0037,Jorge Luis Borges,Argentina,Ficciones,Saben que un sistema no es otra cosa que la subordinación de todos los aspectos del universo a uno cualquiera de ellos.,22
borges_ficciones_0038,Jorge Luis Borges,Argentina,Ficciones,"Otra, que la historia del universo -y en ellas nuestras vidas y el más tenue detalle de nuestras vidas- es la escritura que produce un dios subalterno para entenderse con un demonio.",32
borges_ficciones_0039,Jorge Luis Borges,Argentina,Ficciones,"Otra, que mientras dormimos aquí, estamos despiertos en otro lado y que así cada hombre es dos hombres.",18
borges_ficciones_0040,Jorge Luis Borges,Argentina,Ficciones,"Algunos pensadores lo han formulado, con menos claridad que fervor, como quien adelanta una paradoja.",15
borges_ficciones_0041,Jorge Luis Borges,Argentina,Ficciones,El lenguaje de Tlön se resistía a formular esa paradoja; los más no la entendieron.,15
borges_ficciones_0042,Jorge Luis Borges,Argentina,Ficciones,"Los defensores del sentido común se limitaron, al principio, a negar la veracidad de la anécdota.",16
borges_ficciones_0043,Jorge Luis Borges,Argentina,Ficciones,"Denunciaron la pérfida circunstancia algo herrumbradas por la lluvia del miércoles, que presupone lo que se trata de demostrar: la persistencia de las cuatro monedas, entre el jueves y el martes.",31
borges_ficciones_0044,Jorge Luis Borges,Argentina,Ficciones,"Argumentaron: si la igualdad comporta la identidad, habría que admitir asimismo que las nueve monedas son una sola.",18
borges_ficciones_0045,Jorge Luis Borges,Argentina,Ficciones,"A los cien años de enunciado el problema, un pensador no menos brillante que el heresiarca pero de tradición ortodoxa, formuló una hipótesis muy audaz.",25
borges_ficciones_0046,Jorge Luis Borges,Argentina,Ficciones,La última corresponde a la nuestra y la subordinan a la primera.,12
borges_ficciones_0047,Jorge Luis Borges,Argentina,Ficciones,"La base de la geometría visual es la superficie, no el punto.",12
borges_ficciones_0048,Jorge Luis Borges,Argentina,Ficciones,La base de su aritmética es la noción de números indefinidos.,11
borges_ficciones_0049,Jorge Luis Borges,Argentina,Ficciones,Afirman que la operación de contar modifica las cantidades y las convierte de indefinidas en definidas.,16
borges_ficciones_0050,Jorge Luis Borges,Argentina,Ficciones,"El hecho de que varios individuos que cuentan una misma cantidad logren un resultado igual, es para los psicólogos un ejemplo de asociación de ideas o de buen ejercicio de la memoria.",32
borges_ficciones_0051,Jorge Luis Borges,Argentina,Ficciones,Ya sabemos que en Tlön el sujeto del conocimiento es uno y eterno.,13
borges_ficciones_0052,Jorge Luis Borges,Argentina,Ficciones,"Todos los hombres, en el vertiginoso instante del coito, son el mismo hombre.",13
borges_ficciones_0053,Jorge Luis Borges,Argentina,Ficciones,El director de una de las cárceles del estado comunicó a los presos que en el antiguo lecho de un río había ciertos sepulcros y prometió la libertad a quienes trajeran un hallazgo importante.,34
borges_ficciones_0054,Jorge Luis Borges,Argentina,Ficciones,Durante los meses que precedieron a la excavación les mostraron láminas fotográficas de lo que iban a hallar.,18
borges_ficciones_0055,Jorge Luis Borges,Argentina,Ficciones,Éste se mantuvo secreto y se repitió después en cuatro colegios.,11
borges_ficciones_0056,Jorge Luis Borges,Argentina,Ficciones,El proceso es periódico; el hrön de duodécimo grado ya empieza a decaer.,13
borges_ficciones_0057,Jorge Luis Borges,Argentina,Ficciones,"A veces unos pájaros, un caballo, han salvado las ruinas de un anfiteatro.",13
borges_ficciones_0058,Jorge Luis Borges,Argentina,Ficciones,El sobre tenía el sello postal de Ouro Preto; la carta elucidaba enteramente el misterio de Tlön.,17
borges_ficciones_0059,Jorge Luis Borges,Argentina,Ficciones,Su texto corrobora las hipótesis de Martínez Estrada.,8
borges_ficciones_0060,Jorge Luis Borges,Argentina,Ficciones,"En el vago programa inicial figuraban los «estudios herméticos», la filantropía y la cábala.",14
borges_ficciones_0061,Jorge Luis Borges,Argentina,Ficciones,De esa primera época data el curioso libro de Andreä.,10
borges_ficciones_0062,Jorge Luis Borges,Argentina,Ficciones,Esa disposición hereditaria prevaleció; después de un hiato de dos siglos la perseguida fraternidad resurge en América.,17
borges_ficciones_0063,Jorge Luis Borges,Argentina,Ficciones,Éste lo deja hablar con algún desdén -y se ríe de la modestia del proyecto-.,15
borges_ficciones_0064,Jorge Luis Borges,Argentina,Ficciones,"La edición es secreta: los cuarenta volúmenes que comprende (la obra más vasta que han acometido los hombres) serían la base de otra más minuciosa, redactada no ya en inglés, sino en alguna de las lenguas de Tlön.",38
borges_ficciones_0065,Jorge Luis Borges,Argentina,Ficciones,La princesa de Faucigny Lucinge había recibido de Poitiers su vajilla de plata.,13
borges_ficciones_0066,Jorge Luis Borges,Argentina,Ficciones,Tal fue la primera intrusión del mundo fantástico en el mundo real.,12
borges_ficciones_0067,Jorge Luis Borges,Argentina,Ficciones,"El pulpero nos acomodó unos catres crujientes en una pieza grande, entorpecida de barriles y cueros.",16
borges_ficciones_0068,Jorge Luis Borges,Argentina,Ficciones,"Como es de suponer, atribuimos a la fogosa caña del patrón ese griterío insistente... A la madrugada, el hombre estaba muerto en el corredor.",24
borges_ficciones_0069,Jorge Luis Borges,Argentina,Ficciones,La aspereza de la voz nos había engañado: era un muchacho joven.,12
borges_ficciones_0070,Jorge Luis Borges,Argentina,Ficciones,Esa evidencia de un objeto muy chico y a la vez pesadísimo dejaba una impresión desagradable de asco y de miedo.,21
borges_ficciones_0071,Jorge Luis Borges,Argentina,Ficciones,Lo demás está en la memoria (cuando no en la esperanza o en el temor) de todos mis lectores.,19
borges_ficciones_0072,Jorge Luis Borges,Argentina,Ficciones,"Básteme recordar o mencionar los hechos subsiguientes, con una mera brevedad de palabras que el cóncavo recuerdo general enriquecerá o ampliará.",21
borges_ficciones_0073,Jorge Luis Borges,Argentina,Ficciones,Hasta el día de hoy se discute si ese descubrimiento fue casual o si lo consintieron los directores del todavía nebuloso Orbis Tertius.,23
borges_ficciones_0074,Jorge Luis Borges,Argentina,Ficciones,"Manuales, antologías, resúmenes, versiones literales, reimpresiones autorizadas y reimpresiones piráticas de la Obra Mayor de los Hombres abarrotaron y siguen abarrotando la tierra.",23
borges_ficciones_0075,Jorge Luis Borges,Argentina,Ficciones,El contacto y el hábito de Tlön han desintegrado este mundo.,11
borges_ficciones_0076,Jorge Luis Borges,Argentina,Ficciones,"Han sido reformadas la numismática, la farmacología y la arqueología.",10
borges_ficciones_0077,Jorge Luis Borges,Argentina,Ficciones,Entiendo que la biología y las matemáticas aguardan también su avatar...,11
borges_ficciones_0078,Jorge Luis Borges,Argentina,Ficciones,Entonces desaparecerán del planeta el inglés y el francés y el mero español.,13
borges_ficciones_0079,Jorge Luis Borges,Argentina,Ficciones,"Esencialmente, ambos escritores concuerdan: los dos indican el mecanismo policial de la obra, y su undercurrent místico.",17
borges_ficciones_0080,Jorge Luis Borges,Argentina,Ficciones,Entonces Bahadur publicó una edición ilustrada que tituló The conversation with the man called Al-Mu'tasim y que subtituló hermosamente: A game with shifting mimo» (Un juego con espejos que se desplazan).,31
borges_ficciones_0081,Jorge Luis Borges,Argentina,Ficciones,"La tengo a la vista; no he logrado juntarme con la primera, que presiento muy superior.",16
borges_ficciones_0082,Jorge Luis Borges,Argentina,Ficciones,"Blasfematoriamente, descree de la fe islámica de sus padres, pero al declinar la décima noche de la luna de muharram, se halla en el centro de un tumulto civil entre musulmanes e hindúes.",33
borges_ficciones_0083,Jorge Luis Borges,Argentina,Ficciones,"Es noche de tambores e invocaciones: entre la muchedumbre adversa, los grandes palios de papel de la procesión musulmana se abren camino.",22
borges_ficciones_0084,Jorge Luis Borges,Argentina,Ficciones,"Tres mil hombres pelean: bastón contra revólver, obscenidad contra imprecación, Dios el Indivisible contra los Dioses.",16
borges_ficciones_0085,Jorge Luis Borges,Argentina,Ficciones,"Atónito, el estudiante librepensador entra en el motín.",8
borges_ficciones_0086,Jorge Luis Borges,Argentina,Ficciones,"Atronadora, ecuestre, semidormida, la policía del Sirkar interviene con rebencazos imparciales.",11
borges_ficciones_0087,Jorge Luis Borges,Argentina,Ficciones,"Huye el estudiante, casi bajo las patas de los caballos.",10
borges_ficciones_0088,Jorge Luis Borges,Argentina,Ficciones,"Atraviesa dos vías ferroviarias, o dos veces la misma vía.",10
borges_ficciones_0089,Jorge Luis Borges,Argentina,Ficciones,"Sube por una escalera de fierro -faltan algunos tramos- y en la azotea, que tiene un pozo renegrido en el centro, da con un hombre escuálido, que está orinando vigorosamente en cuclillas, a la luz de la luna.",38
borges_ficciones_0090,Jorge Luis Borges,Argentina,Ficciones,"Ante las amenazas proyectadas por la noche anterior, el estudiante resuelve perderse en la India.",15
borges_ficciones_0091,Jorge Luis Borges,Argentina,Ficciones,Así acaba el segundo capítulo de la obra.,8
borges_ficciones_0092,Jorge Luis Borges,Argentina,Ficciones,Imposible trazar las peripecias de los diecinueve restantes.,8
borges_ficciones_0093,Jorge Luis Borges,Argentina,Ficciones,Hay una vertiginosa pululación de dramatis personae -para no hablar de una biografía que parece agotar los movimientos del espíritu humano (desde la infamia hasta la especulación matemática) y de la peregrinación que comprende la vasta geografía del Indostán-.,39
borges_ficciones_0094,Jorge Luis Borges,Argentina,Ficciones,El estudiante resuelve dedicar su vida a encontrarlo.,8
borges_ficciones_0095,Jorge Luis Borges,Argentina,Ficciones,"A medida que los hombres interrogados han conocido más de cerca a Almotásim, su porción divina es mayor, pero se entiende que son meros espejos.",25
borges_ficciones_0096,Jorge Luis Borges,Argentina,Ficciones,"Si no me engaño, la buena ejecución de tal argumento impone dos obligaciones al escritor: una, la variada invención de rasgos proféticos; otra, la de que el héroe prefigurado por esos rasgos no sea una mera convención o fantasma.",39
borges_ficciones_0097,Jorge Luis Borges,Argentina,Ficciones,Bahadur satisface la primera; no sé hasta dónde la segunda.,10
borges_ficciones_0098,Jorge Luis Borges,Argentina,Ficciones,"La idea es poco estimulante, a mi ver.",8
borges_ficciones_0099,Jorge Luis Borges,Argentina,Ficciones,"Mir Bahadur Alí, lo hemos visto, es incapaz de soslayar la más burda de las tentaciones del arte: la de ser un genio.",23
borges_ficciones_0100,Jorge Luis Borges,Argentina,Ficciones,"Hay rasgos muy civilizados: por ejemplo, cierta disputa del capítulo diecinueve en la que se presiente que es amigo de Almotásim un contendor que no rebate los sofismas del otro, «para no tener razón de un modo triunfal».",38
borges_ficciones_0101,Jorge Luis Borges,Argentina,Ficciones,"Treinta, purificados por los trabajos, pisan la montaña del Simurg.",10
borges_ficciones_0102,Jorge Luis Borges,Argentina,Ficciones,Los contactos de ese poema con la novela de Mir Bahadur Alí no son excesivos.,15
borges_ficciones_0103,Jorge Luis Borges,Argentina,Ficciones,Otro capítulo insinúa que Almotásim es el «hindú» que el estudiante cree haber matado.,14
borges_ficciones_0104,Jorge Luis Borges,Argentina,Ficciones,La obra visible que ha dejado este novelista es de fácil y breve enumeración.,14
borges_ficciones_0105,Jorge Luis Borges,Argentina,Ficciones,Diríase que ayer nos reunimos ante el mármol final y entre los cipreses infaustos y ya el Error trata de empañar su Memoria...,23
borges_ficciones_0106,Jorge Luis Borges,Argentina,Ficciones,Me consta que es muy fácil recusar mi pobre autoridad.,10
borges_ficciones_0107,Jorge Luis Borges,Argentina,Ficciones,"Espero, sin embargo, que no me prohibirán mencionar dos altos testimonios.",11
borges_ficciones_0108,Jorge Luis Borges,Argentina,Ficciones,La baronesa de Bacourt (en cuyos vendredis inolvidables tuve el honor de conocer al llorado poeta) ha tenido a bien aprobar las líneas que siguen.,25
borges_ficciones_0109,Jorge Luis Borges,Argentina,Ficciones,"Menard propone, recomienda, discute y acaba por rechazar esa innovación.",10
borges_ficciones_0110,Jorge Luis Borges,Argentina,Ficciones,Menard -recuerdo- declaraba que censurar y alabar son operaciones sentimentales que nada tienen que ver con la crítica.,18
borges_ficciones_0111,Jorge Luis Borges,Argentina,Ficciones,Éste así lo entendió y la amistad antigua de los dos no corrió peligro.,14
borges_ficciones_0112,Jorge Luis Borges,Argentina,Ficciones,"Paso ahora a la otra: la subterránea, la interminablemente heroica, la impar.",12
borges_ficciones_0113,Jorge Luis Borges,Argentina,Ficciones,"También, ¡ay de las posibilidades del hombre!, la inconclusa.",9
borges_ficciones_0114,Jorge Luis Borges,Argentina,Ficciones,Pero ¿cómo atreverme a competir con las páginas áureas que me dicen prepara la baronesa de Bacourt o con el lápiz delicado y puntual de Carolus Hourcade?,27
borges_ficciones_0115,Jorge Luis Borges,Argentina,Ficciones,No quería componer otro Quijote -lo cual es fácil- sino «el» Quijote.,12
borges_ficciones_0116,Jorge Luis Borges,Argentina,Ficciones,Su admirable ambición era producir unas páginas que coincidieran -palabra por palabra y línea por línea- con las de Miguel de Cervantes.,22
borges_ficciones_0117,Jorge Luis Borges,Argentina,Ficciones,La sola diferencia es que los filósofos publican en agradables volúmenes las etapas intermediarias de su labor y que yo he resuelto perderlas.,23
borges_ficciones_0118,Jorge Luis Borges,Argentina,Ficciones,El método inicial que imaginó era relativamente sencillo.,8
borges_ficciones_0119,Jorge Luis Borges,Argentina,Ficciones,"De acuerdo, pero la empresa era de antemano imposible y de todos los medios imposibles para llevarla a término, éste era el menos interesante.",24
borges_ficciones_0120,Jorge Luis Borges,Argentina,Ficciones,"Ser, de alguna manera, Cervantes y llegar al Quijote le pareció menos arduo -por consiguiente, menos interesante- que seguir siendo Pierre Menard y llegar al Quijote, a través de las experiencias de Pierre Menard.",34
borges_ficciones_0121,Jorge Luis Borges,Argentina,Ficciones,Me bastaría ser inmortal para llevarla a cabo.,8
borges_ficciones_0122,Jorge Luis Borges,Argentina,Ficciones,¿Por qué precisamente el Quijote? dirá nuestro lector.,8
borges_ficciones_0123,Jorge Luis Borges,Argentina,Ficciones,"Esa preferencia, en un español, no hubiera sido inexplicable; pero sin duda lo es en un simbolista de Nîmes, devoto esencialmente de Poe, que engendró a Baudelaire, que engendró a Mallarmé, que engendró a Valéry, que engendró a Edmond Teste.",40
borges_ficciones_0124,Jorge Luis Borges,Argentina,Ficciones,"Puedo premeditar su escritura, puedo escribirlo, sin incurrir en una tautología.",11
borges_ficciones_0125,Jorge Luis Borges,Argentina,Ficciones,"A los doce o trece años lo leí, tal vez íntegramente.",11
borges_ficciones_0126,Jorge Luis Borges,Argentina,Ficciones,"Después, he releído con atención algunos capítulos, aquellos que no intentaré por ahora.",13
borges_ficciones_0127,Jorge Luis Borges,Argentina,Ficciones,"He cursado asimismo los entremeses, las comedias, La Galatea, las Novelas ejemplares, los trabajos sin duda laboriosos de Persiles y Segismunda y el Viaje del Parnaso...",26
borges_ficciones_0128,Jorge Luis Borges,Argentina,Ficciones,"Mi recuerdo general del Quijote, simplificado por el olvido y la indiferencia, puede muy bien equivaler a la imprecisa imagen anterior de un libro no escrito.",26
borges_ficciones_0129,Jorge Luis Borges,Argentina,Ficciones,"Mi complaciente precursor no rehusó la colaboración del azar: iba componiendo la obra inmortal un poco à la diable, llevado por inercias del lenguaje y de la invención.",28
borges_ficciones_0130,Jorge Luis Borges,Argentina,Ficciones,Yo he contraído el misterioso deber de reconstruir literalmente su obra espontánea.,12
borges_ficciones_0131,Jorge Luis Borges,Argentina,Ficciones,"Componer el Quijote a principios del siglo Xvii era una empresa razonable, necesaria, acaso fatal; a principios del XX, es casi imposible.",22
borges_ficciones_0132,Jorge Luis Borges,Argentina,Ficciones,"No en vano han transcurrido trescientos años, cargados de complejísimos hechos.",11
borges_ficciones_0133,Jorge Luis Borges,Argentina,Ficciones,"Entre ellos, para mencionar uno solo: el mismo Quijote.",9
borges_ficciones_0134,Jorge Luis Borges,Argentina,Ficciones,"Es sabido que don Quijote (como Quevedo en el pasaje análogo, y posterior, de La hora de todos) falla el pleito contra las letras y en favor de las armas.",30
borges_ficciones_0135,Jorge Luis Borges,Argentina,Ficciones,"Madame Bachelier ha visto en ellas una admirable y típica subordinación del autor a la psicología del héroe; otros (nada perspicazmente) una transcripción del Quijote; la baronesa de Bacourt, la influencia de Nietzsche.",33
borges_ficciones_0136,Jorge Luis Borges,Argentina,Ficciones,"Redactada en el siglo XVII, redactada por el «ingenio lego» Cervantes, esa enumeración es un mero elogio retórico de la historia.",21
borges_ficciones_0137,Jorge Luis Borges,Argentina,Ficciones,"Menard, contemporáneo de William James, no define la historia como una indagación de la realidad sino como su origen.",19
borges_ficciones_0138,Jorge Luis Borges,Argentina,Ficciones,"Las cláusulas finales -«ejemplo y aviso de lo presente, advertencia de lo por venir»- son descaradamente pragmáticas.",17
borges_ficciones_0139,Jorge Luis Borges,Argentina,Ficciones,El estilo arcaizante de Menard -extranjero al fin- adolece de alguna afectación.,12
borges_ficciones_0140,Jorge Luis Borges,Argentina,Ficciones,"No así el del precursor, que maneja con desenfado el español corriente de su época.",15
borges_ficciones_0141,Jorge Luis Borges,Argentina,Ficciones,No hay ejercicio intelectual que no sea finalmente inútil.,9
borges_ficciones_0142,Jorge Luis Borges,Argentina,Ficciones,Una doctrina es al principio una descripción verosímil del universo; giran los años y es un mero capítulo -cuando no un párrafo o un nombre- de la historia de la filosofía.,31
borges_ficciones_0143,Jorge Luis Borges,Argentina,Ficciones,"En la literatura, esa caducidad es aún más notoria.",9
borges_ficciones_0144,Jorge Luis Borges,Argentina,Ficciones,"El Quijote -me dijo Menard- fue ante todo un libro agradable; ahora es una ocasión de brindis patriótico, de soberbia gramatical, de obscenas ediciones de lujo.",26
borges_ficciones_0145,Jorge Luis Borges,Argentina,Ficciones,Resolvió adelantarse a la vanidad que aguarda todas las fatigas del hombre; acometió una empresa complejísima y de antemano fútil.,20
borges_ficciones_0146,Jorge Luis Borges,Argentina,Ficciones,"Desgraciadamente, sólo un segundo Pierre Menard, invirtiendo el trabajo del anterior, podría exhumar y resucitar esas Troyas...",17
borges_ficciones_0147,Jorge Luis Borges,Argentina,Ficciones,Todo hombre debe ser capaz de todas las ideas y entiendo que en el porvenir lo será.,17
borges_ficciones_0148,Jorge Luis Borges,Argentina,Ficciones,Esa técnica puebla de aventura los libros más calmosos.,9
borges_ficciones_0149,Jorge Luis Borges,Argentina,Ficciones,"Ese redondel es un templo que devoraron los incendios antiguos, que la selva palúdica ha profanado y cuyo dios no recibe honor de los hombres.",25
borges_ficciones_0150,Jorge Luis Borges,Argentina,Ficciones,"Rastros de pies descalzos, unos higos y un cántaro le advirtieron que los hombres de la región habían espiado con respeto su sueño y solicitaban su amparo o temían su magia.",31
borges_ficciones_0151,Jorge Luis Borges,Argentina,Ficciones,Sintió el frío del miedo y buscó en la muralla dilapidada un nicho sepulcral y se tapó con hojas desconocidas.,20
borges_ficciones_0152,Jorge Luis Borges,Argentina,Ficciones,"Ese proyecto mágico había agotado el espacio entero de su alma; si alguien le hubiera preguntado su propio nombre o cualquier rasgo de su vida anterior, no habría acertado a responder.",31
borges_ficciones_0153,Jorge Luis Borges,Argentina,Ficciones,"El arroz y las frutas de su tributo eran pábulo suficiente para su cuerpo, consagrado a la única tarea de dormir y soñar.",23
borges_ficciones_0154,Jorge Luis Borges,Argentina,Ficciones,"Al principio, los sueños eran caóticos; poco después, fueron de naturaleza dialéctica.",12
borges_ficciones_0155,Jorge Luis Borges,Argentina,Ficciones,"A las nueve o diez noches comprendió con alguna amargura que nada podía esperar de aquellos alumnos que aceptaban con pasividad su doctrina y sí de aquellos que arriesgaban, a veces, una contradicción razonable.",34
borges_ficciones_0156,Jorge Luis Borges,Argentina,Ficciones,"Los primeros, aunque dignos de amor y de buen afecto, no podían ascender a individuos; los últimos preexistían un poco más.",21
borges_ficciones_0157,Jorge Luis Borges,Argentina,Ficciones,"Una tarde (ahora también las tardes eran tributarias del sueño, ahora no velaba sino un par de horas en el amanecer) licenció para siempre el vasto colegio ilusorio y se quedó con un solo alumno.",35
borges_ficciones_0158,Jorge Luis Borges,Argentina,Ficciones,Juró olvidar la enorme alucinación que lo había desviado al principio y buscó otro método de trabajo.,17
borges_ficciones_0159,Jorge Luis Borges,Argentina,Ficciones,"Para reanudar la tarea, esperó que el disco de la luna fuera perfecto.",13
borges_ficciones_0160,Jorge Luis Borges,Argentina,Ficciones,"No lo tocaba; se limitaba a atestiguarlo, a observarlo, tal vez a corregirlo con la mirada.",16
borges_ficciones_0161,Jorge Luis Borges,Argentina,Ficciones,"Noche tras noche, el hombre lo soñaba dormido.",8
borges_ficciones_0162,Jorge Luis Borges,Argentina,Ficciones,"Le ordenó que una vez instruido en los ritos, lo enviara al otro templo despedazado cuyas pirámides persisten aguas abajo, para que alguna voz lo glorificara en aquel edificio desierto.",30
borges_ficciones_0163,Jorge Luis Borges,Argentina,Ficciones,"En el sueño del hombre que soñaba, el soñado se despertó.",11
borges_ficciones_0164,Jorge Luis Borges,Argentina,Ficciones,Consagró un plazo (que finalmente abarcó dos años) a descubrirle los arcanos del universo y del culto del fuego.,19
borges_ficciones_0165,Jorge Luis Borges,Argentina,Ficciones,"A veces, lo inquietaba una impresión de que ya todo eso había acontecido... En general, sus días eran felices; al cerrar los ojos pensaba: «Ahora estaré con mi hijo».",29
borges_ficciones_0166,Jorge Luis Borges,Argentina,Ficciones,Una vez le ordenó que embanderara una cumbre lejana.,9
borges_ficciones_0167,Jorge Luis Borges,Argentina,Ficciones,"Antes (para que no supiera nunca que era un fantasma, para que se creyera un hombre como los otros) le infundió el olvido total de sus años de aprendizaje.",29
borges_ficciones_0168,Jorge Luis Borges,Argentina,Ficciones,Percibía con cierta palidez los 'sonidos y formas del universo: el hijo ausente se nutría de esas disminuciones de su alma.,21
borges_ficciones_0169,Jorge Luis Borges,Argentina,Ficciones,El propósito de su vida estaba colmado; el hombre persistió en una suerte de éxtasis.,15
borges_ficciones_0170,Jorge Luis Borges,Argentina,Ficciones,El mago recordó bruscamente las palabras del dios.,8
borges_ficciones_0171,Jorge Luis Borges,Argentina,Ficciones,"Recordó que de todas las criaturas que componen el orbe, el fuego era la única que sabía que su hijo era un fantasma.",23
borges_ficciones_0172,Jorge Luis Borges,Argentina,Ficciones,Temió que su hijo meditara en ese privilegio anormal y descubriera de algún modo su condición de mero simulacro.,19
borges_ficciones_0173,Jorge Luis Borges,Argentina,Ficciones,"No ser un hombre, ser la proyección del sueño de otro hombre, ¡qué humillación incomparable, qué vértigo!",17
borges_ficciones_0174,Jorge Luis Borges,Argentina,Ficciones,"El término de sus cavilaciones fue brusco, pero lo prometieron algunos signos.",12
borges_ficciones_0175,Jorge Luis Borges,Argentina,Ficciones,Porque se repitió lo acontecido hace muchos siglos.,8
borges_ficciones_0176,Jorge Luis Borges,Argentina,Ficciones,En un alba sin pájaros el mago vio cernirse contra los muros el incendio concéntrico.,15
borges_ficciones_0177,Jorge Luis Borges,Argentina,Ficciones,"Por un instante, pensó refugiarse en las aguas, pero luego comprendió que la muerte venía a coronar su vejez ,y a absolverlo de sus trabajos.",25
borges_ficciones_0178,Jorge Luis Borges,Argentina,Ficciones,"Con alivio, con humillación, con terror, comprendió que él también era una apariencia, que otro estaba soñándolo.",17
borges_ficciones_0179,Jorge Luis Borges,Argentina,Ficciones,"Miren: por este desgarrón de la capa se ve en mi estómago un tatuaje bermejo: es el segundo símbolo, Beth.",20
borges_ficciones_0180,Jorge Luis Borges,Argentina,Ficciones,"Esta letra, en las noches de luna llena, me confiere poder sobre los hombres cuya marca es Ghimel, pero me subordina a los de Aleph, que en las noches sin luna deben obediencia a los Ghimel.",36
borges_ficciones_0181,Jorge Luis Borges,Argentina,Ficciones,He conocido lo que ignoran los griegos: la incertidumbre.,9
borges_ficciones_0182,Jorge Luis Borges,Argentina,Ficciones,"Soy de un país vertiginoso donde la lotería es parte principal de la realidad: hasta el día de hoy, he pensado tan poco en ella como en la conducta de los dioses indescifrables o de mi corazón.",37
borges_ficciones_0183,Jorge Luis Borges,Argentina,Ficciones,"En pleno día se verificaba un sorteo: los agraciados recibían, sin otra corroboración del azar, monedas acuñadas de plata.",19
borges_ficciones_0184,Jorge Luis Borges,Argentina,Ficciones,"Ante la indiferencia pública, los mercaderes que fundaron esas loterías venales comenzaron a perder el dinero.",16
borges_ficciones_0185,Jorge Luis Borges,Argentina,Ficciones,"Con el tiempo, ese desdén justificado se duplicó.",8
borges_ficciones_0186,Jorge Luis Borges,Argentina,Ficciones,Entabló una demanda a los perdedores: el juez los condenó a pagar la multa original y las costas o a unos días de cárcel.,24
borges_ficciones_0187,Jorge Luis Borges,Argentina,Ficciones,"Todos optaron por la cárcel, para defraudar a la Compañía.",10
borges_ficciones_0188,Jorge Luis Borges,Argentina,Ficciones,"Poco después, los informes de los sorteos omitieron las enumeraciones de multas y se limitaron a publicar los días de prisión que designaba cada número adverso.",26
borges_ficciones_0189,Jorge Luis Borges,Argentina,Ficciones,"Instada por los jugadores, la Compañía se vio precisada a aumentar los números adversos.",14
borges_ficciones_0190,Jorge Luis Borges,Argentina,Ficciones,"Los miembros del colegio sacerdotal multiplicaban las puestas y gozaban de todas las vicisitudes del terror y de la esperanza; los pobres (con envidia razonable e inevitable) se sabían excluidos de ese vaivén, notoriamente delicioso.",35
borges_ficciones_0191,Jorge Luis Borges,Argentina,Ficciones,"Hubo disturbios, hubo efusiones lamentables de sangre; pero la gente babilónica impuso finalmente su voluntad, contra la oposición de los ricos.",21
borges_ficciones_0192,Jorge Luis Borges,Argentina,Ficciones,El pueblo consiguió con plenitud sus fines generosos.,8
borges_ficciones_0193,Jorge Luis Borges,Argentina,Ficciones,"En primer término, logró que la Compañía aceptara la suma, del poder público.",13
borges_ficciones_0194,Jorge Luis Borges,Argentina,Ficciones,"A veces un solo hecho -el tabernario asesinato de C, la apoteosis misteriosa de B- era la solución genial de treinta o cuarenta sorteos.",24
borges_ficciones_0195,Jorge Luis Borges,Argentina,Ficciones,Combinar las jugadas era difícil; pero hay que recordar que los individuos de la Compañía eran (y son) todopoderosos y astutos.,21
borges_ficciones_0196,Jorge Luis Borges,Argentina,Ficciones,"Había ciertos leones de piedra, había una letrina sagrada llamada Qaphqa, había unas grietas en un polvoriento acueducto que, según opinión general, daban a la Compañía; las personas malignas o benévolas depositaban delaciones en esos sitios.",36
borges_ficciones_0197,Jorge Luis Borges,Argentina,Ficciones,Un archivo alfabético recogía esas noticias de variable veracidad.,9
borges_ficciones_0198,Jorge Luis Borges,Argentina,Ficciones,"Observaba asimismo que esos leones y ese recipiente sagrado, aunque no desautorizados por la Compañia (que no renunciaba al derecho de consultarlos), funcionaban sin garantía oficial.",26
borges_ficciones_0199,Jorge Luis Borges,Argentina,Ficciones,Poco tiempo me queda; nos avisan que la nave está por zarpar; pero trataré de explicarlo.,16
borges_ficciones_0200,Jorge Luis Borges,Argentina,Ficciones,"Por inverosímil que sea, nadie había ensayado hasta entonces una teoría general de los juegos.",15
borges_ficciones_0201,Jorge Luis Borges,Argentina,Ficciones,"¿No es irrisorio que el azar dicte la muerte de alguien y que las circunstancias de esa muerte -la reserva, la publicidad, el plazo de una hora o de un siglo- no estén sujetas al azar?",36
borges_ficciones_0202,Jorge Luis Borges,Argentina,Ficciones,"Los ignorantes suponen que infinitos sorteos requieren un tiempo infinito; en realidad basta que el tiempo sea infinitamente subdivisible, como lo enseña la famosa parábola del Certamen con la Tortuga.",30
borges_ficciones_0203,Jorge Luis Borges,Argentina,Ficciones,"Bajo el influjo bienhechor de la Compañía, nuestras costumbres están saturadas de azar.",13
borges_ficciones_0204,Jorge Luis Borges,Argentina,Ficciones,"Además, ¿quién podrá jactarse de ser un mero impostor?",9
borges_ficciones_0205,Jorge Luis Borges,Argentina,Ficciones,"El ebrio que improvisa un mandato absurdo, el soñador que se despierta de golpe y ahoga con las manos a la mujer que duerme a su lado, ano ejecutan, acaso, una secreta decisión de la Compañía?",36
borges_ficciones_0206,Jorge Luis Borges,Argentina,Ficciones,"He repetido una modestia de Herbert Quain; naturalmente, esa modestia no agota su pensamiento.",14
borges_ficciones_0207,Jorge Luis Borges,Argentina,Ficciones,"Deploraba con sonriente sinceridad «la servil y obstinada, conservación» de libros pretéritos...",12
borges_ficciones_0208,Jorge Luis Borges,Argentina,Ficciones,Ignoro si su vaga teoría es justificable; sé que sus libros anhelan demasiado el asombro.,15
borges_ficciones_0209,Jorge Luis Borges,Argentina,Ficciones,"Deploro haber prestado a una dama, irreversiblemente, el primero que publicó.",11
borges_ficciones_0210,Jorge Luis Borges,Argentina,Ficciones,"En los primeros de diciembre, las agradables y arduas involuciones del Siamese Twin Mystery atacaron a Londres y a Nueva York; yo prefiero atribuir a esa coincidencia ruinosa el fracaso de la novela de nuestro amigo.",36
borges_ficciones_0211,Jorge Luis Borges,Argentina,Ficciones,"Hay un indescifrable asesinato en las p iniciales, una lenta discusión en las intermedias, una solución en las últimas.",19
borges_ficciones_0212,Jorge Luis Borges,Argentina,Ficciones,Esa frase deja entender que la solución es errónea.,9
borges_ficciones_0213,Jorge Luis Borges,Argentina,Ficciones,"El lector, inquieto, revisa los capítulos pertinentes y descubre otra solución, que es la verdadera.",15
borges_ficciones_0214,Jorge Luis Borges,Argentina,Ficciones,El lector de ese libro singular es más perspicaz que el detective.,12
borges_ficciones_0215,Jorge Luis Borges,Argentina,Ficciones,El primero refiere el ambiguo diálogo de unos desconocidos en un andén.,12
borges_ficciones_0216,Jorge Luis Borges,Argentina,Ficciones,"La obra total consta, pues, de nueve novelas; cada novela, de tres largos capítulos.",14
borges_ficciones_0217,Jorge Luis Borges,Argentina,Ficciones,Quizá un esquema ayude a comprender la estructura.,8
borges_ficciones_0218,Jorge Luis Borges,Argentina,Ficciones,"El primer acto (el más extenso) ocurre en la casa de campo del general Thrale, C.I.E., cerca de Melton Mowbray.",20
borges_ficciones_0219,Jorge Luis Borges,Argentina,Ficciones,"El invisible centro de la trama es miss Ulrica Thrale, la hija mayor del general.",15
borges_ficciones_0220,Jorge Luis Borges,Argentina,Ficciones,"La venera un autor dramático, Wilfred Quarles; ella le ha deparado alguna vez un distraído beso.",16
borges_ficciones_0221,Jorge Luis Borges,Argentina,Ficciones,"Los personajes son de vasta fortuna y de antigua sangre; los afectos, nobles aunque vehementes; el diálogo parece vacilar entre la mera vanilocuencia de Bulwer-Lytton y los epigramas de Wilde o de Mr.",33
borges_ficciones_0222,Jorge Luis Borges,Argentina,Ficciones,Hay un ruiseñor y una noche; hay un duelo secreto en una terraza.,13
borges_ficciones_0223,Jorge Luis Borges,Argentina,Ficciones,Los personajes del primer acto reaparecen en el segundo -con otros nombres-.,12
borges_ficciones_0224,Jorge Luis Borges,Argentina,Ficciones,"La trama de los actos es paralela, pero en el segundo todo es ligeramente horrible, todo se posterga o se frustra.",21
borges_ficciones_0225,Jorge Luis Borges,Argentina,Ficciones,La mención del primero me parece del todo injustificada.,9
borges_ficciones_0226,Jorge Luis Borges,Argentina,Ficciones,La fama divulgó que The Secret Mirror era una comedia freudiana; esa interpretación propicia (y falaz) determinó su éxito.,19
borges_ficciones_0227,Jorge Luis Borges,Argentina,Ficciones,"Cada uno de ellos prefigura o promete un buen argumento, voluntariamente frustrado por el autor.",15
borges_ficciones_0228,Jorge Luis Borges,Argentina,Ficciones,"El lector, distraído por la vanidad, cree haberlos inventado.",9
borges_ficciones_0229,Jorge Luis Borges,Argentina,Ficciones,"Desde cualquier hexágono, se ven los pisos inferiores y superiores: interminablemente.",11
borges_ficciones_0230,Jorge Luis Borges,Argentina,Ficciones,"Veinte anaqueles, a cinco largos anaqueles por lado, cubren todos los lados menos dos; su altura, que es la de los pisos, excede apenas la de un bibliotecario normal.",29
borges_ficciones_0231,Jorge Luis Borges,Argentina,Ficciones,A izquierda y a derecha del zaguán hay dos gabinetes minúsculos.,11
borges_ficciones_0232,Jorge Luis Borges,Argentina,Ficciones,"Por ahí pasa la escalera espiral, que se abisma y se eleva hacia lo remoto.",15
borges_ficciones_0233,Jorge Luis Borges,Argentina,Ficciones,La luz procede de unas frutas esféricas que llevan el nombre de lámparas.,13
borges_ficciones_0234,Jorge Luis Borges,Argentina,Ficciones,"Muerto, no faltarán manos piadosas que me tiren por la baranda; mi sepultura será el aire insondable: mi cuerpo se hundirá largamente y se corromperá y disolverá en el viento engendrado por la caída, que es infinita.",37
borges_ficciones_0235,Jorge Luis Borges,Argentina,Ficciones,Razonan que es inconcebible una sala triangular o pentagonal.,9
borges_ficciones_0236,Jorge Luis Borges,Argentina,Ficciones,"Básteme, por ahora, repetir el dictamen clásico: «La Biblioteca es una esfera cuyo centro cabal es cualquier hexágono, cuya circunferencia es inaccesible».",22
borges_ficciones_0237,Jorge Luis Borges,Argentina,Ficciones,También hay letras en el dorso de cada libro; esas letras no indican o prefiguran lo que dirán las páginas.,20
borges_ficciones_0238,Jorge Luis Borges,Argentina,Ficciones,"Sé que esa inconexión, alguna vez, pareció misteriosa.",8
borges_ficciones_0239,Jorge Luis Borges,Argentina,Ficciones,"Antes de resumir la solución (cuyo descubrimiento, a pesar de sus trágicas proyecciones, es quizá el hecho capital de la historia) quiero rememorar algunos axiomas.",25
borges_ficciones_0240,Jorge Luis Borges,Argentina,Ficciones,"Uno, que mi padre vio en un hexágono del circuito quince noventa y cuatro, constaba de las letras MCV perversamente repetidas desde el renglón primero hasta el último.",28
borges_ficciones_0241,Jorge Luis Borges,Argentina,Ficciones,"Otro (muy consultado en esta zona) es un mero laberinto de letras, pero la página penúltima dice «Oh tiempo tus pirámides».",21
borges_ficciones_0242,Jorge Luis Borges,Argentina,Ficciones,"Ya se sabe: por una línea razonable o una recta noticia hay leguas de insensatas cacofonías, de fárragos verbales y de incoherencias.",22
borges_ficciones_0243,Jorge Luis Borges,Argentina,Ficciones,"Admiten que los inventores de la escritura imitaron los veinticinco símbolos naturales, pero sostienen que esa aplicación es casual y que los libros nada significan en sí.",27
borges_ficciones_0244,Jorge Luis Borges,Argentina,Ficciones,"Todo eso, lo repito, es verdad, pero cuatrocientas diez páginas de inalterable MCV no pueden corresponder a ningún idioma, por dialectal o rudimentario que sea.",25
borges_ficciones_0245,Jorge Luis Borges,Argentina,Ficciones,"Mostró su hallazgo a un descifrador ambulante, que le dijo que estaban redactadas en portugués; otros le dijeron que en yiddish.",21
borges_ficciones_0246,Jorge Luis Borges,Argentina,Ficciones,"Antes de un siglo pudo establecerse el idioma: un dialecto samoyedo-lituano del guaraní, con inflexiones de árabe clásico.",18
borges_ficciones_0247,Jorge Luis Borges,Argentina,Ficciones,"También se descifró el contenido: nociones de análisis combinatorio, ilustradas por ejemplos de variaciones con repetición ilimitada.",17
borges_ficciones_0248,Jorge Luis Borges,Argentina,Ficciones,Esos ejemplos permitieron que un bibliotecario de genio descubriera la ley fundamental de la Biblioteca.,15
borges_ficciones_0249,Jorge Luis Borges,Argentina,Ficciones,El suicidio y las enfermedades pulmonares han destruido esa proporción.,10
borges_ficciones_0250,Jorge Luis Borges,Argentina,Ficciones,"Cuando se proclamó que la Biblioteca abarcaba todos los libros, la primera impresión fue de extravagante felicidad.",17
borges_ficciones_0251,Jorge Luis Borges,Argentina,Ficciones,No había problema personal o mundial cuya elocuente solución no existiera: en algún hexágono.,14
borges_ficciones_0252,Jorge Luis Borges,Argentina,Ficciones,"Miles de codiciosos abandonaron el dulce hexágono natal y se lanzaron escaleras arriba, urgidos por el vano propósito de encontrar su Vindicación.",22
borges_ficciones_0253,Jorge Luis Borges,Argentina,Ficciones,"Es verosímil que esos graves misterios puedan explicarse en palabras: si no basta el lenguaje de los filósofos, la multiforme Biblioteca habrá producido el idioma inaudito que se requiere y los vocabularios y gramáticas de ese idioma.",37
borges_ficciones_0254,Jorge Luis Borges,Argentina,Ficciones,"Hace ya cuatro siglos que los hombres fatigan los hexágonos... Hay buscadores oficiales, inquisidores.",14
borges_ficciones_0255,Jorge Luis Borges,Argentina,Ficciones,"A la desaforada esperanza, sucedió, como es natural, una depresión excesiva.",11
borges_ficciones_0256,Jorge Luis Borges,Argentina,Ficciones,"Una secta blasfema sugirió que cesaran las buscas y que todos los hombres barajaran letras y símbolos, hasta construir, mediante un improbable don del azar, esos libros canónicos.",28
borges_ficciones_0257,Jorge Luis Borges,Argentina,Ficciones,"La secta desapareció, pero en mi niñez he visto hombres viejos que largamente se ocultaban en las letrinas, con unos discos de metal en un cubilete prohibido, y débilmente remedaban el divino desorden.",33
borges_ficciones_0258,Jorge Luis Borges,Argentina,Ficciones,"Otros, inversamente, creyeron que lo primordial era eliminar las obras inútiles.",11
borges_ficciones_0259,Jorge Luis Borges,Argentina,Ficciones,"Invadían los hexágonos, exhibían credenciales no siempre falsas, hojeaban con fastidio un volumen y condenaban anaqueles enteros: a su furor higiénico, ascético, se debe la insensata perdición de millones de libros.",31
borges_ficciones_0260,Jorge Luis Borges,Argentina,Ficciones,"Su nombre es execrado, pero quienes deploran los «tesoros» que su frenesí destruyó, negligen dos hechos notorios.",17
borges_ficciones_0261,Jorge Luis Borges,Argentina,Ficciones,"Otro: cada ejemplar único, irreemplazable, pero (como la Biblioteca es total) hay siempre varios centenares de miles de facsímiles imperfectos: de obras que no difieren sino por una letra o por una coma.",33
borges_ficciones_0262,Jorge Luis Borges,Argentina,Ficciones,"Los urgía el delirio de conquistar los libros del Hexágono Carmesí: libros de formato menor que los naturales; omnipotentes, ilustrados y mágicos.",22
borges_ficciones_0263,Jorge Luis Borges,Argentina,Ficciones,En algún anaquel de algún hexágono (razonaron los hombres) debe existir un libro que sea la cifra y el compendio perfecto de todos los demás: algún bibliotecario lo ha recorrido y es análogo a un dios.,36
borges_ficciones_0264,Jorge Luis Borges,Argentina,Ficciones,En el lenguaje de esta zona persisten aún vestigios del culto de ese funcionario remoto.,15
borges_ficciones_0265,Jorge Luis Borges,Argentina,Ficciones,¿Cómo localizar el venerado hexágono secreto que lo hospedaba?,9
borges_ficciones_0266,Jorge Luis Borges,Argentina,Ficciones,"Si el honor y la sabiduría y la felicidad no son para mí, que sean para otros.",17
borges_ficciones_0267,Jorge Luis Borges,Argentina,Ficciones,"Que yo sea ultrajado y aniquilado, pero que en un instante, en un ser, Tu enorme biblioteca se justifique.",19
borges_ficciones_0268,Jorge Luis Borges,Argentina,Ficciones,"Hablan (lo sé) de «la Biblioteca febril, cuyos azarosos volúmenes corren el incesante albur de cambiarse en otros y que todo lo afirman, lo niegan y lo confunden como una divinidad que delira».",33
borges_ficciones_0269,Jorge Luis Borges,Argentina,Ficciones,Nadie puede articular una sílaba que no esté llena de ternuras y de temores; que no sea en alguno de esos lenguajes el nombre poderoso de un dios.,28
borges_ficciones_0270,Jorge Luis Borges,Argentina,Ficciones,"Las epidemias, las discordias heréticas, las peregrinaciones que inevitablemente degeneran en bandolerismo, han diezmado la población.",16
borges_ficciones_0271,Jorge Luis Borges,Argentina,Ficciones,"Creo haber mencionado los suicidios, cada año más frecuentes.",9
borges_ficciones_0272,Jorge Luis Borges,Argentina,Ficciones,"Quizá me engañen la vejez y el temor, pero sospecho que la especie humana -la única- está por extinguirse y que la Biblioteca perdurará: iluminada, solitaria, infinita, perfectamente inmóvil, armada de volúmenes preciosos, inútil, incorruptible, secreta.",36
borges_ficciones_0273,Jorge Luis Borges,Argentina,Ficciones,"Quienes lo imaginan sin límites, olvidan que los tiene el número posible de libros.",14
borges_ficciones_0274,Jorge Luis Borges,Argentina,Ficciones,"Inmediatamente después, reconocí la voz que había contestado en alemán.",10
borges_ficciones_0275,Jorge Luis Borges,Argentina,Ficciones,"Madden, en el departamento de Viktor Runeberg, quería decir el fin de nuestros afanes y -pero eso parecía muy secundario, o debía parecérmelo- también de nuestras vidas.",27
borges_ficciones_0276,Jorge Luis Borges,Argentina,Ficciones,En la ventana estaban los tejados de siempre y el sol nublado de las seis.,15
borges_ficciones_0277,Jorge Luis Borges,Argentina,Ficciones,Me pareció increíble que ese día sin premoniciones ni símbolos fuera el de mi muerte implacable.,16
borges_ficciones_0278,Jorge Luis Borges,Argentina,Ficciones,"A pesar de mi padre muerto, a pesar de haber sido un niño en un simétrico jardín de Ha¡ Feng ¿yo, ahora, iba a morir?",25
borges_ficciones_0279,Jorge Luis Borges,Argentina,Ficciones,El casi intolerable recuerdo del rostro acaballado de Madden abolió esas divagaciones.,12
borges_ficciones_0280,Jorge Luis Borges,Argentina,Ficciones,"Si mi boca, antes que la deshiciera un balazo, pudiera gritar ese nombre de modo que lo oyeran en Alemania... Mi voz humana era muy pobre.",26
borges_ficciones_0281,Jorge Luis Borges,Argentina,Ficciones,"Éste, en defensa propia, le causó heridas que determinaron su muerte.",11
borges_ficciones_0282,Jorge Luis Borges,Argentina,Ficciones,Absurdamente lo empuñé y sopesé para darme valor.,8
borges_ficciones_0283,Jorge Luis Borges,Argentina,Ficciones,Vagamente Pênsé que un pistoletazo puede oírse muy lejos.,9
borges_ficciones_0284,Jorge Luis Borges,Argentina,Ficciones,"La guía telefónica me dio el nombre de la única persona capaz de transmitir la noticia: vivía en un suburbio de Fenton, a menos de media hora de tren.",29
borges_ficciones_0285,Jorge Luis Borges,Argentina,Ficciones,"Ahora lo digo, ahora que he llevado a término un plan que nadie no calificará de arriesgado.",17
borges_ficciones_0286,Jorge Luis Borges,Argentina,Ficciones,"Además, yo sé de un hombre de Inglaterra -un hombre modesto- que para mí no es menos que Goethe.",19
borges_ficciones_0287,Jorge Luis Borges,Argentina,Ficciones,"El tren salía dentro de muy pocos minutos, a las ocho y cincuenta.",13
borges_ficciones_0288,Jorge Luis Borges,Argentina,Ficciones,"Recorrí los coches: recuerdo unos labradores, una enlutada, un joven que leía con fervor los Anales de Tácito, un soldado herido y feliz.",23
borges_ficciones_0289,Jorge Luis Borges,Argentina,Ficciones,"Aniquilado, trémulo, me encogí en la otra punta del sillón, lejos del temido cristal.",14
borges_ficciones_0290,Jorge Luis Borges,Argentina,Ficciones,De esa debilidad saqué fuerzas que no me abandonaron.,9
borges_ficciones_0291,Jorge Luis Borges,Argentina,Ficciones,"Así procedí yo, mientras mis ojos de hombre ya muerto registraban la fluencia de aquel día que era tal vez el último, y la difusión de la noche.",28
borges_ficciones_0292,Jorge Luis Borges,Argentina,Ficciones,"Trece años dedicó a esas heterogéneas fatigas, pero la mano de un forastero lo asesinó y su novela era insensata y nadie encontró el laberinto.",25
borges_ficciones_0293,Jorge Luis Borges,Argentina,Ficciones,"Pênsé en un laberinto de laberintos, en un sinuoso laberinto creciente que abarcara el pasado y el porvenir y que implicara de algún modo los astros.",26
borges_ficciones_0294,Jorge Luis Borges,Argentina,Ficciones,"Absorto en esas ilusorias imágenes, olvidé mi destino de perseguido.",10
borges_ficciones_0295,Jorge Luis Borges,Argentina,Ficciones,"El camino bajaba y se bifurcaba, entre las ya confusas praderas.",11
borges_ficciones_0296,Jorge Luis Borges,Argentina,Ficciones,"Una música aguda y como silábica se aproximaba y se alejaba en el vaivén del viento, empañada de hojas y de distancia.",22
borges_ficciones_0297,Jorge Luis Borges,Argentina,Ficciones,"Comprendí, de pronto, dos cosas, la primera trivial, la segunda casi increíble: la música venía del pabellón, la música era china.",21
borges_ficciones_0298,Jorge Luis Borges,Argentina,Ficciones,"Por eso, yo la había aceptado con plenitud, sin prestarle atención.",11
borges_ficciones_0299,Jorge Luis Borges,Argentina,Ficciones,Abrió el portón y dijo lentamente en mi idioma: »-Veo que el piadoso Hsi Pêng se empeña en corregir mi soledad.,21
borges_ficciones_0300,Jorge Luis Borges,Argentina,Ficciones,"Reconocí, encuadernados en seda amarilla, algunos tomos manuscritos de la Enciclopedia Perdida que dirigió el Tercer Emperador de la Dinastía Luminosa y que no se dio nunca a la imprenta.",30
borges_ficciones_0301,Jorge Luis Borges,Argentina,Ficciones,El disco del gramófono giraba junto a un fénix de bronce.,11
borges_ficciones_0302,Jorge Luis Borges,Argentina,Ficciones,"Era (ya lo dije) muy alto, de rasgos afilados, de ojos grises y barba gris.",15
borges_ficciones_0303,Jorge Luis Borges,Argentina,Ficciones,"Gobernador de su provincia natal, docto en astronomía, en astrología y en la interpretación infatigable de los libros canónicos, ajedrecista, famoso poeta y calígrafo: todo lo abandonó para componer un libro y un laberinto.",34
borges_ficciones_0304,Jorge Luis Borges,Argentina,Ficciones,"La familia, como usted acaso no ignora, quiso adjudicarlos al fuego; pero su albacea (un monje taoísta o budista) insistió en la publicación.",23
borges_ficciones_0305,Jorge Luis Borges,Argentina,Ficciones,"En cuanto a la otra empresa de Ts'ui Pên, a su Laberinto... »-Aquí está el Laberinto -dijo indicándome un alto escritorio laqueado.",22
borges_ficciones_0306,Jorge Luis Borges,Argentina,Ficciones,"Ts'ui Pên diría una vez: ""Me retiro a escribir un libro"".",11
borges_ficciones_0307,Jorge Luis Borges,Argentina,Ficciones,Dos circunstancias me dieron la recta solución del problema.,9
borges_ficciones_0308,Jorge Luis Borges,Argentina,Ficciones,Otra: un fragmento de una carta que descubrí.,8
borges_ficciones_0309,Jorge Luis Borges,Argentina,Ficciones,"Me dio, por unos instantes, la espalda; abrió un cajón del áureo y renegrido escritorio.",15
borges_ficciones_0310,Jorge Luis Borges,Argentina,Ficciones,Volvió con un papel antes carmesí; ahora rosado y tenue y cuadriculado.,12
borges_ficciones_0311,Jorge Luis Borges,Argentina,Ficciones,Era justo el renombre caligráfico de Ts'ui Pên.,8
borges_ficciones_0312,Jorge Luis Borges,Argentina,Ficciones,"Esas conjeturas me distrajeron; pero ninguna parecía corresponder, siquiera de un modo remoto, a los contradictorios capítulos de Ts'ui Pên.",20
borges_ficciones_0313,Jorge Luis Borges,Argentina,Ficciones,"Me detuve, como es natural, en la frase: ""Dejo a los varios porvenires (no a todos) mi jardín de senderos que se bifurcan"".",23
borges_ficciones_0314,Jorge Luis Borges,Argentina,Ficciones,La relectura general de la obra confirmó esa teoría.,9
borges_ficciones_0315,Jorge Luis Borges,Argentina,Ficciones,"En todas las ficciones, cada vez que un hombre se enfrenta con diversas alternativas, opta por una y elimina las otras; en la del casi inextricable Ts'ui Pên, opta -simultáneamente- por todas.",32
borges_ficciones_0316,Jorge Luis Borges,Argentina,Ficciones,"Alguna vez, los senderos de ese laberinto convergen: por ejemplo, usted llega a esta casa, pero en uno de los pasados posibles usted es mi enemigo, en otro mi amigo.",30
borges_ficciones_0317,Jorge Luis Borges,Argentina,Ficciones,"Recuerdo las palabras finales, repetidas en cada redacción como un mandamiento secreto: ""Así combatieron los héroes, tranquilo el admirable corazón, violenta la espada, resignados a matar y a morir"".",29
borges_ficciones_0318,Jorge Luis Borges,Argentina,Ficciones,Stephen Albert prosiguió: »-No creo que su ilustre antepasado jugara ociosamente a las variaciones.,14
borges_ficciones_0319,Jorge Luis Borges,Argentina,Ficciones,"El testimonio de sus contemporáneos proclamaba -y harto lo confirma su vida- sus aficiones metafísicas, místicas.",16
borges_ficciones_0320,Jorge Luis Borges,Argentina,Ficciones,"Ahora bien, ése es el único problema que no figura en las páginas del Jardín.",15
borges_ficciones_0321,Jorge Luis Borges,Argentina,Ficciones,"Es el modo tortuoso que prefirió, en cada uno de los meandros de su infatigable novela, el oblicuo Ts'ui Pên.",20
borges_ficciones_0322,Jorge Luis Borges,Argentina,Ficciones,"A diferencia de Newton y de Schopenhauer, su antepasado no creía en un tiempo uniforme, absoluto.",16
borges_ficciones_0323,Jorge Luis Borges,Argentina,Ficciones,"Esa trama de tiempos que se aproximan, se bifurcan, se cortan o que secularmente se ignoran, abarca todas las posibilidades.",20
borges_ficciones_0324,Jorge Luis Borges,Argentina,Ficciones,Alcé los ojos y la tenue pesadilla se disipó.,9
borges_ficciones_0325,Jorge Luis Borges,Argentina,Ficciones,Yo juro que su muerte fue instantánea: una fulminación.,9
borges_ficciones_0326,Jorge Luis Borges,Argentina,Ficciones,Abominablemente he vencido: he comunicado a Berlín el secreto nombre de la ciudad que deben atacar.,16
borges_ficciones_0327,Jorge Luis Borges,Argentina,Ficciones,No sabe (nadie puede saber) mi innumerable contrición y cansancio.,10
borges_ficciones_0328,Jorge Luis Borges,Argentina,Ficciones,"Dos, acaso, permiten una mención detenida: La muerte y la brújula, Funes el memorioso.",14
borges_ficciones_0329,Jorge Luis Borges,Argentina,Ficciones,La segunda es una larga metáfora del insomnio.,8
borges_ficciones_0330,Jorge Luis Borges,Argentina,Ficciones,"En la alegoría del Fénix me impuse el problema de sugerir un hecho común -el Secreto- de una manera vacilante y gradual que resultara, al fin, inequívoca; no sé hasta dónde la fortuna me ha acompañado.",36
borges_ficciones_0331,Jorge Luis Borges,Argentina,Ficciones,"Recuerdo claramente su voz; la voz pausada, resentida y nasal del orillero antiguo, sin los silbidos italianos de ahora.",19
borges_ficciones_0332,Jorge Luis Borges,Argentina,Ficciones,"Mi deplorable condición de argentino me impedirá incurrir en el ditirambo -género obligatorio en el Uruguay-,cuando el tema es un uruguayo.",21
borges_ficciones_0333,Jorge Luis Borges,Argentina,Ficciones,"Literato, cajetilla, porteño; Funes no dijo esas injuriosas palabras, pero de un modo suficiente me consta que yo representaba para él esas desventuras.",23
borges_ficciones_0334,Jorge Luis Borges,Argentina,Ficciones,"Pedro Leandro Ipuche ha escrito que Funes era un precursor de los superhombres, «un Zarathustra cimarrón y vernáculo»; no lo discuto, pero no hay que olvidar que era también un compadrito de Fray Bentos, con ciertas incurables limitaciones.",38
borges_ficciones_0335,Jorge Luis Borges,Argentina,Ficciones,Mi primer recuerdo de Funes es muy perspicuo.,8
borges_ficciones_0336,Jorge Luis Borges,Argentina,Ficciones,"Volvíamos cantando, a caballo, y ésa no era la única circunstancia de mi felicidad.",14
borges_ficciones_0337,Jorge Luis Borges,Argentina,Ficciones,"Después de un día bochornoso, una enorme tormenta color pizarra había escondido el cielo.",14
borges_ficciones_0338,Jorge Luis Borges,Argentina,Ficciones,"La alentaba el viento del Sur, ya se enloquecían los árboles; yo tenía el temor (la esperanza) de que nos sorprendiera en un descampado el agua elemental.",27
borges_ficciones_0339,Jorge Luis Borges,Argentina,Ficciones,Corrimos una especie de carrera con la tormenta.,8
borges_ficciones_0340,Jorge Luis Borges,Argentina,Ficciones,"Me dijo que el muchacho del callejón era un tal Ireneo Funes, mentado por algunas rarezas como la de no darse con nadie y la de saber siempre la hora, como un reloj.",33
borges_ficciones_0341,Jorge Luis Borges,Argentina,Ficciones,"Vivía con su madre, a la vuelta de la quinta de los Laureles.",13
borges_ficciones_0342,Jorge Luis Borges,Argentina,Ficciones,"Pregunté, como es natural, por todos los conocidos y, finalmente, por el «cronométrico Funes».",14
borges_ficciones_0343,Jorge Luis Borges,Argentina,Ficciones,"Mi valija incluía el De vires illustribus de Lhomond, el Thesaurus de Quicherat, los comentarios de Julio César y un volumen impar de la Naturalis historia de Plinio, que excedía (y sigue excediendo) mis módicas virtudes de latinista.",38
borges_ficciones_0344,Jorge Luis Borges,Argentina,Ficciones,"La letra era perfecta, muy perfilada; la ortografía, del tipo que Andrés Bello preconizó: i por y, j por g. Al principio, temí naturalmente una broma.",26
borges_ficciones_0345,Jorge Luis Borges,Argentina,Ficciones,"Me dijo que Ireneo estaba en la pieza del fondo y que no me extrañara encontrarla a oscuras, porque Ireneo sabía pasarse las horas muertas sin encender la vela.",29
borges_ficciones_0346,Jorge Luis Borges,Argentina,Ficciones,Había una parra; la oscuridad pudo parecerme total.,8
borges_ficciones_0347,Jorge Luis Borges,Argentina,Ficciones,Esa voz hablaba en latín; esa voz (que venía de la tiniebla) articulaba con moroso deleite un discurso o plegaria o incantación.,22
borges_ficciones_0348,Jorge Luis Borges,Argentina,Ficciones,"Sin el menor cambio de voz, Ireneo me dijo que pasara.",11
borges_ficciones_0349,Jorge Luis Borges,Argentina,Ficciones,"Arribo, ahora, al más difícil punto de mi relato.",9
borges_ficciones_0350,Jorge Luis Borges,Argentina,Ficciones,"No trataré de reproducir sus palabras, irrecuperables ahora.",8
borges_ficciones_0351,Jorge Luis Borges,Argentina,Ficciones,Prefiero resumir con veracidad las muchas cosas que me dijo Ireneo.,11
borges_ficciones_0352,Jorge Luis Borges,Argentina,Ficciones,"Me dijo que antes de esa tarde lluviosa e: que lo volteó el azulejo, él había sido lo que son todos los cristiano: un ciego, un sordo, un abombado, un desmemoriado.",31
borges_ficciones_0353,Jorge Luis Borges,Argentina,Ficciones,"Diecinueve años había vivido con quien sueña: miraba sin ver, oía sin oír, se olvidaba de todo, de casi todo.",20
borges_ficciones_0354,Jorge Luis Borges,Argentina,Ficciones,Razonó (sintió) que la inmovilidad era un precio mínimo.,9
borges_ficciones_0355,Jorge Luis Borges,Argentina,Ficciones,"Dos o tres veces había reconstruido un día entero; no había dudado nunca, pero cada reconstrucción había requerido un día entero.",21
borges_ficciones_0356,Jorge Luis Borges,Argentina,Ficciones,No sé cuántas estrellas veía en el cielo.,8
borges_ficciones_0357,Jorge Luis Borges,Argentina,Ficciones,"En aquel tiempo no había cinematógrafos ni fonógrafos; es, sin embargo, inverosímil y hasta increíble que nadie hiciera un experimento con Funes.",22
borges_ficciones_0358,Jorge Luis Borges,Argentina,Ficciones,"En efecto, Funes no sólo recordaba cada hoja de cada árbol, de cada monte, sino cada una de las veces que la había percibido o imaginado.",26
borges_ficciones_0359,Jorge Luis Borges,Argentina,Ficciones,"Lo disuadieron dos consideraciones: la conciencia de que la tarea era interminable, la conciencia de que era inútil.",18
borges_ficciones_0360,Jorge Luis Borges,Argentina,Ficciones,Pensó que en la hora de la muerte no habría acabado aún de clasificar todos los recuerdos de la niñez.,20
borges_ficciones_0361,Jorge Luis Borges,Argentina,Ficciones,"Los dos proyectos que he indicado (un vocabulario infinito para la serie natural de los números, un inútil catálogo mental de todas las imágenes del recuerdo) son insensatos, pero revelan cierta balbuciente grandeza.",33
borges_ficciones_0362,Jorge Luis Borges,Argentina,Ficciones,"Su propia cara en el espejo, sus propias manos, lo sorprendían cada vez.",13
borges_ficciones_0363,Jorge Luis Borges,Argentina,Ficciones,"Refiere Swift que el emperador de Lilliput discernía el movimiento del minutero; Funes discernía continuamente los tranquilos avances de la corrupción, de las caries, de la fatiga.",27
borges_ficciones_0364,Jorge Luis Borges,Argentina,Ficciones,"Notaba los progresos de la muerte, de la humedad.",9
borges_ficciones_0365,Jorge Luis Borges,Argentina,Ficciones,"Funes las imaginaba negras, compactas, hechas de tiniebla homogénea; en esa dirección volvía la cara para dormir.",17
borges_ficciones_0366,Jorge Luis Borges,Argentina,Ficciones,"También solía imaginarse en el tundo del río, mecido y anulado por la corriente.",14
borges_ficciones_0367,Jorge Luis Borges,Argentina,Ficciones,"Había aprendido sin esfuerzo el inglés, el francés, el portugués, el latín.",12
borges_ficciones_0368,Jorge Luis Borges,Argentina,Ficciones,"Sospecho, sin embargo, que no era muy capaz de pensar.",10
borges_ficciones_0369,Jorge Luis Borges,Argentina,Ficciones,Entonces vi la cara de la voz que toda la noche había hablado.,13
borges_ficciones_0370,Jorge Luis Borges,Argentina,Ficciones,Pensé que cada una de mis palabras (que cada uno de mis gestos) perduraría en su implacable memoria; me entorpeció el temor de multiplicar ademanes inútiles.,26
borges_ficciones_0371,Jorge Luis Borges,Argentina,Ficciones,Le cruzaba la cara una cicatriz rencorosa: un arco ceniciento y casi perfecto que de un lado ajaba la sien y del otro el pómulo.,25
borges_ficciones_0372,Jorge Luis Borges,Argentina,Ficciones,Su nombre verdadero no importa; todos en Tacuarembó le decían el Inglés de La Colorada.,15
borges_ficciones_0373,Jorge Luis Borges,Argentina,Ficciones,"El Inglés venía de la frontera, de Río Grande del Sur; no faltó quien dijera que en el Brasil había sido contrabandista.",22
borges_ficciones_0374,Jorge Luis Borges,Argentina,Ficciones,"Recuerdo los ojos glaciales, la enérgica flacura, el bigote gris.",10
borges_ficciones_0375,Jorge Luis Borges,Argentina,Ficciones,"La última vez que recorrí los departamentos del Norte, una crecida del arroyo Caraguatá me obligó a hacer noche en La Colorada.",22
borges_ficciones_0376,Jorge Luis Borges,Argentina,Ficciones,A los pocos minutos creí notar que mi aparición era inoportuna; procuré congraciarme con el Inglés; acudí a la menos perspicaz de las pasiones: el patriotismo.,26
borges_ficciones_0377,Jorge Luis Borges,Argentina,Ficciones,"Mi interlocutor asintió, pero agregó con una sonrisa que él no era inglés.",13
borges_ficciones_0378,Jorge Luis Borges,Argentina,Ficciones,"En el desmantelado comedor, el peón que había servido la cena trajo una botella de ron.",16
borges_ficciones_0379,Jorge Luis Borges,Argentina,Ficciones,La cara del Inglés se demudó; durante unos segundos pensé que me iba a expulsar de la casa.,18
borges_ficciones_0380,Jorge Luis Borges,Argentina,Ficciones,Afirmaba que la revolución está predestinada a triunfar.,8
borges_ficciones_0381,Jorge Luis Borges,Argentina,Ficciones,Yo le dije que a un gentleman sólo pueden interesarle causas perdidas...,12
borges_ficciones_0382,Jorge Luis Borges,Argentina,Ficciones,"Ya era de noche; seguimos disintiendo en el corredor, en las escaleras, luego en las vagas calles.",17
borges_ficciones_0383,Jorge Luis Borges,Argentina,Ficciones,Los juicios emitidos por Moon me impresionaron menos que su inapelable tono apodíctico.,13
borges_ficciones_0384,Jorge Luis Borges,Argentina,Ficciones,El nuevo camarada no discutía: dictaminaba con desdén y con cierta cólera.,12
borges_ficciones_0385,Jorge Luis Borges,Argentina,Ficciones,"Una descarga de fusilería nos buscó; una bala rozó el hombro derecho de Moon; éste, mientras huíamos entre pinos, prorrumpió en un débil sollozo.",24
borges_ficciones_0386,Jorge Luis Borges,Argentina,Ficciones,"Moon, trémula y reseca la boca, murmuró que los episodios de la noche eran interesantes; le hice una curación, le traje una taza de té; pude comprobar que su ""herida"" era superficial.",32
borges_ficciones_0387,Jorge Luis Borges,Argentina,Ficciones,De pronto balbuceó con perplejidad: »-Pero usted se ha arriesgado sensiblemente.,11
borges_ficciones_0388,Jorge Luis Borges,Argentina,Ficciones,"Aceptó un cigarrillo y me sometió a un severo interrogatorio sobre los ""recursos económicos de nuestro partido revolucionario"".",18
borges_ficciones_0389,Jorge Luis Borges,Argentina,Ficciones,Le dije a Moon que nos esperaban los compañeros.,9
borges_ficciones_0390,Jorge Luis Borges,Argentina,Ficciones,"Mi sobretodo y mi revólver estaban en mi pieza; cuando volví, encontré a Moon tendido en el sofá, con los ojos cerrados.",22
borges_ficciones_0391,Jorge Luis Borges,Argentina,Ficciones,Conjeturó que tenía fiebre; invocó un doloroso espasmo en el hombro.,11
borges_ficciones_0392,Jorge Luis Borges,Argentina,Ficciones,Le rogué torpemente que se cuidara y me despedí.,9
borges_ficciones_0393,Jorge Luis Borges,Argentina,Ficciones,"Me abochornaba ese hombre con miedo, como si yo fuera el cobarde, no Vincent Moon.",15
borges_ficciones_0394,Jorge Luis Borges,Argentina,Ficciones,Lo que hace un hombre es como si lo hicieran todos los hombres.,13
borges_ficciones_0395,Jorge Luis Borges,Argentina,Ficciones,Nueve días pasamos en la enorme casa del general.,9
borges_ficciones_0396,Jorge Luis Borges,Argentina,Ficciones,"Moon, en la biblioteca, hablaba con alguien; el tono de la voz me hizo comprender que hablaba por teléfono.",19
borges_ficciones_0397,Jorge Luis Borges,Argentina,Ficciones,"Después oí mi nombre; después que yo regresaría a las siete, después la indicación de que me arrestaran cuando yo atravesara el jardín.",23
borges_ficciones_0398,Jorge Luis Borges,Argentina,Ficciones,Le oí exigir unas garantías de seguridad personal.,8
borges_ficciones_0399,Jorge Luis Borges,Argentina,Ficciones,Sé que perseguí al delator a través de negros corredores de pesadilla y de hondas escaleras de vértigo.,18
borges_ficciones_0400,Jorge Luis Borges,Argentina,Ficciones,Entonces un gemido lo atravesó; entonces me mostró con débil dulzura la corva cicatriz blanquecina.,15
borges_ficciones_0401,Jorge Luis Borges,Argentina,Ficciones,¿No ve que llevo escrita en la cara la marca de mi infamia?,13
borges_ficciones_0402,Jorge Luis Borges,Argentina,Ficciones,Sho the Platonic Year Whirls out new right and wrong Whirls in the old instead; All men are dancers and their tread Goes to the barbarous clangour of a gong.,30
borges_ficciones_0403,Jorge Luis Borges,Argentina,Ficciones,"Kilpatrick fue asesinado en un teatro; la policía británica no dio jamás con el matador; los historiadores declaran que ese fracaso no empaña su buen crédito, ya que tal vez lo hizo matar la misma policía.",36
borges_ficciones_0404,Jorge Luis Borges,Argentina,Ficciones,"Piensa en la transmigración de las almas, doctrina que da horror a las letras célticas y que el propio César atribuyó a los druidas británicos; piensa que antes de ser Fergus Kilpatrick, Fergus Kilpatrick fue Julio César.",37
borges_ficciones_0405,Jorge Luis Borges,Argentina,Ficciones,Que la historia hubiera copiado a la historia ya era suficientemente pasmoso; que la historia copie a la literatura es inconcebible...,21
borges_ficciones_0406,Jorge Luis Borges,Argentina,Ficciones,"También descubre en los archivos un artículo manuscrito de Nolan sobre los Festspiele de Suiza: vastas y errantes representaciones teatrales, que requieren miles de actores y que reiteran episodios históricos en las mismas ciudades y montañas donde ocurrieron.",38
borges_ficciones_0407,Jorge Luis Borges,Argentina,Ficciones,"Otro documento inédito le revela que, pocos días antes del fin, Kilpatrick, presidiendo el último cónclave, había firmado la sentencia de muerte de un traidor, cuyo nombre ha sido borrado.",30
borges_ficciones_0408,Jorge Luis Borges,Argentina,Ficciones,Esta sentencia no condice con los piadosos hábitos de Kilpatrick.,10
borges_ficciones_0409,Jorge Luis Borges,Argentina,Ficciones,"El país estaba maduro para la rebelión; algo, sin embargo, fallaba siempre: algún traidor había en el cónclave.",18
borges_ficciones_0410,Jorge Luis Borges,Argentina,Ficciones,Demostró con pruebas irrefutables la verdad de la acusación; los conjurados condenaron a muerte a su presidente.,17
borges_ficciones_0411,Jorge Luis Borges,Argentina,Ficciones,La pública y secreta representación comprendió varios días.,8
borges_ficciones_0412,Jorge Luis Borges,Argentina,Ficciones,"El condenado entró en Dublín, discutió, obró, rezó, reprobó, pronunció palabras patéticas, y cada uno de esos actos que reflejaría la gloria, había sido prefijado por Nolan.",27
borges_ficciones_0413,Jorge Luis Borges,Argentina,Ficciones,"Ryan sospecha que el autor los intercaló para que una persona, en el porvenir, diera con la verdad.",18
borges_ficciones_0414,Jorge Luis Borges,Argentina,Ficciones,"Comprende que él también forma parte de la trama de Nolan... Al cabo de tenaces cavilaciones, resuelve silenciar el descubrimiento.",20
borges_ficciones_0415,Jorge Luis Borges,Argentina,Ficciones,"Publica un libro dedicado a la gloria del héroe; también eso, tal vez, estaba previsto.",15
borges_ficciones_0416,Jorge Luis Borges,Argentina,Ficciones,"Tampoco adivinó la identidad del infausto asesino de Yarmolinsky, pero sí la secreta morfología de la malvada serie y la participación de Red Scharlach, cuyo segundo apodo es Scharlach el Dandy.",31
borges_ficciones_0417,Jorge Luis Borges,Argentina,Ficciones,Todos sabemos que el Tetrarca de Galilea posee los mejores zafiros del mundo.,13
borges_ficciones_0418,Jorge Luis Borges,Argentina,Ficciones,Usted replicará que la realidad no tiene la menor obligación de ser interesante.,13
borges_ficciones_0419,Jorge Luis Borges,Argentina,Ficciones,"Yo le replicaré que la realidad puede prescindir de esa obligación, pero no las hipótesis.",15
borges_ficciones_0420,Jorge Luis Borges,Argentina,Ficciones,"En la que usted ha improvisado, interviene copiosamente el azar.",10
borges_ficciones_0421,Jorge Luis Borges,Argentina,Ficciones,Treviranus repuso con mal humor: -No me interesan las explicaciones rabínicas; me interesa la captura del hombre que apuñaló a este desconocido.,22
borges_ficciones_0422,Jorge Luis Borges,Argentina,Ficciones,"El comisario los miró con temor, casi con repulsión.",9
borges_ficciones_0423,Jorge Luis Borges,Argentina,Ficciones,La primera letra del Nombre ha sido articulada.,8
borges_ficciones_0424,Jorge Luis Borges,Argentina,Ficciones,"Lönnrot, se abstuvo de sonreír: Bruscamente bibliófilo o hebraísta, ordenó que le hicieran un paquete con los libros del muerto y los llevó a su departamento.",26
borges_ficciones_0425,Jorge Luis Borges,Argentina,Ficciones,"Indiferente a la investigación policial, se dedicó a estudiarlos.",9
borges_ficciones_0426,Jorge Luis Borges,Argentina,Ficciones,"Su noveno atributo, la eternidad -es decir, el conocimiento inmediato- de todas las cosas que serán, que son y que han sido en el universo.",25
borges_ficciones_0427,Jorge Luis Borges,Argentina,Ficciones,La tradición enumera noventa y nueve nombres de Dios; los hebraístas atribuyen ese imperfecto número al mágico temor de las cifras pares; los Hasidim razonan que ese hiato señala un centésimo nombre -el Nombre Absoluto.,35
borges_ficciones_0428,Jorge Luis Borges,Argentina,Ficciones,"De esa erudición lo distrajo, a los pocos días, la aparición del redactor de la Yidische Zaitung.",17
borges_ficciones_0429,Jorge Luis Borges,Argentina,Ficciones,"Lönnrot, habituado a las simplificaciones del periodismo, no se indignó.",10
borges_ficciones_0430,Jorge Luis Borges,Argentina,Ficciones,"Uno de esos tenderos que han descubierto que cualquier hombre se resigna a comprar cualquier libro, publicó una edición popular de la Historia de la secta de los Hasidim.",29
borges_ficciones_0431,Jorge Luis Borges,Argentina,Ficciones,"Hacia el amanecer, uno de los gendarmes que vigilan a caballo esas soledades vio en el umbral de una antigua pinturería un hombre emponchado, yacente.",25
borges_ficciones_0432,Jorge Luis Borges,Argentina,Ficciones,"En la pared, sobre los rombos amarillos y rojos, había unas palabras en tiza.",14
borges_ficciones_0433,Jorge Luis Borges,Argentina,Ficciones,"A izquierda y a derecha del automóvil, la ciudad se desintegraba; crecía el firmamento y ya importaban poco las casas y mucho un horno de ladrillos o un álamo.",29
borges_ficciones_0434,Jorge Luis Borges,Argentina,Ficciones,"Era Daniel Simón Azevedo, hombre de alguna fama en los antiguos arrabales del Norte, que había ascendido de carrero a guapo electoral, para degenerar después en ladrón y hasta en delator.",31
borges_ficciones_0435,Jorge Luis Borges,Argentina,Ficciones,"Con ávido sigilo, habló un hombre de voz gutural; dijo que se llamaba Ginzberg (o Ginsburg) y que estaba dispuesto a comunicar, por una remuneración razonable, los hechos de los dos sacrificios de Azevedo y de Yarmolinsky.",37
borges_ficciones_0436,Jorge Luis Borges,Argentina,Ficciones,Una discordia de silbidos y de cornetas ahogó la voz del delator.,12
borges_ficciones_0437,Jorge Luis Borges,Argentina,Ficciones,"Éste (Black Finnegan, antiguo criminal irlandés, abrumado y casi anulado por la decencia) le dijo que la última persona que había empleado el teléfono de la casa era un inquilino, un tal Gryphius, que acababa de salir con unos amigos.",40
borges_ficciones_0438,Jorge Luis Borges,Argentina,Ficciones,"Era un hombre de rasgos afilados, de nebulosa barba gris, trajeado pobremente de negro; Finnegan (que destinaba esa habitación a un empleo que Treviranus adivinó) le pidió un alquiler sin duda excesivo; Gryphius inmediatamente pagó la suma estipulada.",38
borges_ficciones_0439,Jorge Luis Borges,Argentina,Ficciones,Un cupé cerrado se detuvo ante la taberna.,8
borges_ficciones_0440,Jorge Luis Borges,Argentina,Ficciones,El cochero no se movió del pescante; algunos parroquianos recordaron que tenía máscara de oso.,15
borges_ficciones_0441,Jorge Luis Borges,Argentina,Ficciones,"Iba, alto y vertiginoso, en el medio, entre los arlequines enmascarados.",11
borges_ficciones_0442,Jorge Luis Borges,Argentina,Ficciones,"Rumbo a la dársena inmediata, de agua rectangular, los tres subieron al cupé y desaparecieron.",15
borges_ficciones_0443,Jorge Luis Borges,Argentina,Ficciones,Treviranus lo miró con indignación e hizo buscar a Lönnrot.,10
borges_ficciones_0444,Jorge Luis Borges,Argentina,Ficciones,"En la torcida Rue de Toulon, cuando pisaban las serpentinas muertas del alba, Treviranus dijo: -¿Y si la historia de esta noche fuera un simulacro?",25
borges_ficciones_0445,Jorge Luis Borges,Argentina,Ficciones,"Éste recibió, la noche del primero de marzo, un imponente sobre sellado.",12
borges_ficciones_0446,Jorge Luis Borges,Argentina,Ficciones,Treviranus leyó con resignación ese argumento more geometrico y mandó la carta y el plano a casa de Lönnrot -indiscutible merecedor de tales locuras.,24
borges_ficciones_0447,Jorge Luis Borges,Argentina,Ficciones,Le dijo: -Gracias por ese triángulo equilátero que usted anoche me mandó.,12
borges_ficciones_0448,Jorge Luis Borges,Argentina,Ficciones,Mañana viernes los criminales estarán en la cárcel; podemos estar muy tranquilos.,12
borges_ficciones_0449,Jorge Luis Borges,Argentina,Ficciones,Lönnrot sonrió al pensar que el más afamado -Red Scharlach- hubiera dado cualquier cosa por conocer esa clandestina visita.,19
borges_ficciones_0450,Jorge Luis Borges,Argentina,Ficciones,Reflexionó que la explicación de los crímenes estaba en un triángulo anónimo y en una polvorienta palabra griega.,18
borges_ficciones_0451,Jorge Luis Borges,Argentina,Ficciones,El tren paró en una silenciosa estación de cargas.,9
borges_ficciones_0452,Jorge Luis Borges,Argentina,Ficciones,"Vio perros, vio un furgón en una vía muerta, vio el horizonte, vio un caballo plateado que bebía el agua crapulosa de un charco.",24
borges_ficciones_0453,Jorge Luis Borges,Argentina,Ficciones,"Oscurecía cuando vio el mirador rectangular de la quinta de Triste-le-Roy, casi tan alto como los negros eucaliptos que lo rodeaban.",21
borges_ficciones_0454,Jorge Luis Borges,Argentina,Ficciones,Pensó que apenas un amanecer y un ocaso (un viejo resplandor en el oriente y otro en el occidente) lo separaban de la hora anhelada por los buscadores del Nombre.,30
borges_ficciones_0455,Jorge Luis Borges,Argentina,Ficciones,"Lönnrot, sin mucha esperanza de entrar, dio toda la vuelta.",10
borges_ficciones_0456,Jorge Luis Borges,Argentina,Ficciones,"De nuevo ante el portón infranqueable, metió la mano entre los barrotes, casi maquinalmente, y dio con el pasador.",19
borges_ficciones_0457,Jorge Luis Borges,Argentina,Ficciones,Un Hermes de dos caras proyectaba una sombra monstruosa.,9
borges_ficciones_0458,Jorge Luis Borges,Argentina,Ficciones,Todo lo examinó; bajo el nivel de la terraza vio una estrecha persiana.,13
borges_ficciones_0459,Jorge Luis Borges,Argentina,Ficciones,La empujó: unos pocos escalones de mármol descendían a un sótano.,11
borges_ficciones_0460,Jorge Luis Borges,Argentina,Ficciones,"Lönnrot, que ya intuía las preferencias del arquitecto, adivinó que en el opuesto muro del sótano había otros escalones.",19
borges_ficciones_0461,Jorge Luis Borges,Argentina,Ficciones,"Los encontró, subió, alzó las manos y abrió la trampa de salida.",12
borges_ficciones_0462,Jorge Luis Borges,Argentina,Ficciones,"En el segundo piso, en el último, la casa le pareció infinita y creciente.",14
borges_ficciones_0463,Jorge Luis Borges,Argentina,Ficciones,"La luna de esa tarde atravesaba los losanges de las ventanas; eran amarillos, rojos y verdes.",16
borges_ficciones_0464,Jorge Luis Borges,Argentina,Ficciones,"Dos hombres de pequeña estatura, feroces y fornidos, se arrojaron sobre él y lo desarmaron; otro, muy alto, lo saludó con gravedad y le dijo: -Usted es muy amable.",29
borges_ficciones_0465,Jorge Luis Borges,Argentina,Ficciones,"No había participado en la breve lucha, apenas si alargó la mano para recibir el revólver de Lönnrot.",18
borges_ficciones_0466,Jorge Luis Borges,Argentina,Ficciones,"Habló; Lönnrot oyó en su voz una fatigada victoria, un odio del tamaño del universo, una tristeza no menor que aquel odio.",22
borges_ficciones_0467,Jorge Luis Borges,Argentina,Ficciones,"Busco algo más efímero y deleznable, busco a Erik Lönnrot.",10
borges_ficciones_0468,Jorge Luis Borges,Argentina,Ficciones,"En un cupé, mis hombres me sacaron del tiroteo con una bala policial en el vientre.",16
borges_ficciones_0469,Jorge Luis Borges,Argentina,Ficciones,"Llegué a abominar de mi cuerpo, llegué a sentir que dos ojos, dos manos, dos pulmones, son tan monstruosos como dos caras.",22
borges_ficciones_0470,Jorge Luis Borges,Argentina,Ficciones,"Yo había tramado con algunos colegas -entre ellos, Daniel Azevedo- el robo de los zafiros del Tetrarca.",17
borges_ficciones_0471,Jorge Luis Borges,Argentina,Ficciones,Azevedo nos traicionó: se emborrachó con el dinero que le habíamos adelantado y acometió la empresa el día antes.,19
borges_ficciones_0472,Jorge Luis Borges,Argentina,Ficciones,"Verosímilmente, redactaba unas notas o un artículo sobre el Nombre de Dios; había escrito ya las palabras: ""La primera letra del Nombre ha sido articulada"".",25
borges_ficciones_0473,Jorge Luis Borges,Argentina,Ficciones,Azevedo le intimó silencio; Yarmolinsky alargó la mano hacia el timbre que despertaría todas las fuerzas del hotel; Azevedo le dio una sola puñalada en el pecho.,27
borges_ficciones_0474,Jorge Luis Borges,Argentina,Ficciones,"Desde el estribo del cupé, uno de ellos escribió en un pilar ""La última de las letras del Nombre ha sido articulada"".",22
borges_ficciones_0475,Jorge Luis Borges,Argentina,Ficciones,Esa escritura divulgó que la serie de crímenes era triple.,10
borges_ficciones_0476,Jorge Luis Borges,Argentina,Ficciones,"Yo sé de un laberinto griego que es una línea única, recta.",12
borges_ficciones_0477,Jorge Luis Borges,Argentina,Ficciones,El primer sentimiento de Hladík fue de mero terror.,9
borges_ficciones_0478,Jorge Luis Borges,Argentina,Ficciones,"Anticipaba infinitamente el proceso, desde el insomne amanecer hasta la misteriosa descarga.",12
borges_ficciones_0479,Jorge Luis Borges,Argentina,Ficciones,"Afrontaba con verdadero temor (quizá con verdadero coraje) esas ejecuciones imaginarias; cada simulacro duraba unos pocos segundos; cerrado el círculo, Jaromir interminablemente volvía a las trémulas vísperas de su muerte.",30
borges_ficciones_0480,Jorge Luis Borges,Argentina,Ficciones,"Fiel a esa débil magia, inventaba, para que no sucedieran, rasgos atroces; naturalmente, acabó por temer que esos rasgos fueran proféticos.",21
borges_ficciones_0481,Jorge Luis Borges,Argentina,Ficciones,Pensaba que las noches de sueño eran piletas hondas y oscuras en las que podía sumergirse.,16
borges_ficciones_0482,Jorge Luis Borges,Argentina,Ficciones,"A veces anhelaba con impaciencia la definitiva descarga, que lo redimiría, mal o bien, de su vana tarea de imaginar.",20
borges_ficciones_0483,Jorge Luis Borges,Argentina,Ficciones,"Este drama observaba las unidades de tiempo, de lugar y de acción; transcurría en Hradcany; en la biblioteca del barón de Roemerstadt, en una de las últimas tardes del siglo xix.",31
borges_ficciones_0484,Jorge Luis Borges,Argentina,Ficciones,"Roemerstadt logra detener o burlar sus complejas intrigas; en el diálogo, aluden a su novia, Julia de Weidenau, y a un tal Jaroslav Kubin, que alguna vez la importunó con su amor.",32
borges_ficciones_0485,Jorge Luis Borges,Argentina,Ficciones,"Los peligros arrecian; Roemerstadt, al cabo del segundo acto, se ve en la obligación de matar a un conspirador.",19
borges_ficciones_0486,Jorge Luis Borges,Argentina,Ficciones,"Alguien hace notar que no ha atardecido: el reloj da las siete, en los altos cristales reverbera el sol occidental, el aire trae una apasionada música húngara.",27
borges_ficciones_0487,Jorge Luis Borges,Argentina,Ficciones,Aparece el primer interlocutor y repite las palabras que pronunció en la primera escena del primer acto.,17
borges_ficciones_0488,Jorge Luis Borges,Argentina,Ficciones,"Hacia el alba, soñó que se había ocultado en una de las naves de la biblioteca del Clementinum.",18
borges_ficciones_0489,Jorge Luis Borges,Argentina,Ficciones,Un bibliotecario de gafas negras le preguntó: «¿Qué busca?».,9
borges_ficciones_0490,Jorge Luis Borges,Argentina,Ficciones,El bibliotecario le dijo: «Dios está en una de las letras de una de las páginas de uno de los cuatrocientos mil tomos del Clementinum.,25
borges_ficciones_0491,Jorge Luis Borges,Argentina,Ficciones,Mis padres y los padres de mis padres han buscado esa letra; yo me he quedado ciego buscándola».,18
borges_ficciones_0492,Jorge Luis Borges,Argentina,Ficciones,"Se quitó las gafas y Hladík vio los ojos, que estaban muertos.",12
borges_ficciones_0493,Jorge Luis Borges,Argentina,Ficciones,Una voz ubicua le dijo: « El tiempo de tu labor ha sido otorgado».,14
borges_ficciones_0494,Jorge Luis Borges,Argentina,Ficciones,Se vistió; dos soldados entraron en la celda y le ordenaron que los siguiera.,14
borges_ficciones_0495,Jorge Luis Borges,Argentina,Ficciones,"Del otro lado de la puerta, Hladík había previsto un laberinto de galerías, escaleras y pabellones.",16
borges_ficciones_0496,Jorge Luis Borges,Argentina,Ficciones,La realidad fue menos rica: bajaron a un traspatio por una sola escalera de fierro.,15
borges_ficciones_0497,Jorge Luis Borges,Argentina,Ficciones,Varios soldados -alguno de uniforme desabrochado- revisaban una motocicleta y la discutían.,12
borges_ficciones_0498,Jorge Luis Borges,Argentina,Ficciones,Advirtió que los ojos de los soldados rehuían los suyos.,10
borges_ficciones_0499,Jorge Luis Borges,Argentina,Ficciones,"Para aliviar la espera, el sargento le entregó un cigarrillo.",10
borges_ficciones_0500,Jorge Luis Borges,Argentina,Ficciones,Hladík no fumaba; lo aceptó por cortesía o por humildad.,10
borges_ficciones_0501,Jorge Luis Borges,Argentina,Ficciones,"Al encenderlo, vio que le temblaban las manos.",8
borges_ficciones_0502,Jorge Luis Borges,Argentina,Ficciones,Alguien temió que la pared quedara maculada de sangre; entonces le ordenaron al reo que avanzara unos pasos.,18
borges_ficciones_0503,Jorge Luis Borges,Argentina,Ficciones,"El viento había cesado, como en un cuadro.",8
borges_ficciones_0504,Jorge Luis Borges,Argentina,Ficciones,No le. llegaba ni el más tenue rumor del impedido mundo.,11
borges_ficciones_0505,Jorge Luis Borges,Argentina,Ficciones,"Le asombró no sentir ninguna fatiga, ni siquiera el vértigo de su larga inmovilidad.",14
borges_ficciones_0506,Jorge Luis Borges,Argentina,Ficciones,"En su mejilla perduraba la, gota de agua; en el patio, la sombra de la abeja; el humo del cigarrillo que había tirado no acababa nunca de dispersarse.",28
borges_ficciones_0507,Jorge Luis Borges,Argentina,Ficciones,Un año entero había solicitado de Dios para terminar su labor: un año le otorgaba su omnipotencia.,17
borges_ficciones_0508,Jorge Luis Borges,Argentina,Ficciones,"Minucioso, inmóvil, secreto, urdió en el tiempo su alto laberinto invisible.",11
borges_ficciones_0509,Jorge Luis Borges,Argentina,Ficciones,"Borró algún símbolo demasiado evidente: las repetidas campanadas, la música.",10
borges_ficciones_0510,Jorge Luis Borges,Argentina,Ficciones,"Llegó a querer el patio, el cuartel; uno de los rostros que lo enfrentaban modificó su concepción del carácter de Roemerstadt.",21
borges_ficciones_0511,Jorge Luis Borges,Argentina,Ficciones,"En cambio, Dios le deparó el siglo xx y la ciudad universitaria de Lund.",14
borges_ficciones_0512,Jorge Luis Borges,Argentina,Ficciones,"En un cenáculo de París o aun de Buenos Aires, un literato podría muy bien redescubrir las tesis de Runeberg; esas tesis, propuestas en un cenáculo, serán ligeros ejercicios inútiles de la negligencia o de la blasfemia.",37
borges_ficciones_0513,Jorge Luis Borges,Argentina,Ficciones,"Quienes recorran este artículo, deben asimismo considerar que no registra sino las conclusiones de Runeberg, no su dialéctica y sus pruebas.",21
borges_ficciones_0514,Jorge Luis Borges,Argentina,Ficciones,Alguien observará que la conclusión precedió sin duda a las «pruebas».,11
borges_ficciones_0515,Jorge Luis Borges,Argentina,Ficciones,"Hábilmente, empieza por destacar la superfluidad del acto de judas.",10
borges_ficciones_0516,Jorge Luis Borges,Argentina,Ficciones,"Observa (como Robertson) que para identificar a un maestro que diariamente predicaba en la sinagoga y que obraba milagros ante concursos de miles de hombres, no se requiere la traición de un apóstol.",33
borges_ficciones_0517,Jorge Luis Borges,Argentina,Ficciones,"Judas, único entre los apóstoles, intuyó la secreta divinidad y el terrible propósito de Jesús.",15
borges_ficciones_0518,Jorge Luis Borges,Argentina,Ficciones,"De allí los treinta dineros y el beso; de ahí la muerte voluntaria, para merecer aún más la Reprobación.",19
borges_ficciones_0519,Jorge Luis Borges,Argentina,Ficciones,"Admitió que Jesús, «que disponía de los considerables recursos que la Omnipotencia puede ofrecer», no necesitaba de un hombre para redimir a todos los hombres.",25
borges_ficciones_0520,Jorge Luis Borges,Argentina,Ficciones,"Obró con gigantesca humildad, se creyó indigno de ser bueno.",10
borges_ficciones_0521,Jorge Luis Borges,Argentina,Ficciones,El lector argentino recordará pasajes análogos en la obra de Almafuerte.,11
borges_ficciones_0522,Jorge Luis Borges,Argentina,Ficciones,"El argumento general no es complejo, si bien la conclusión es monstruosa.",12
borges_ficciones_0523,Jorge Luis Borges,Argentina,Ficciones,"Los incrédulos la consideraron, a priori, un insípido y laborioso juego teológico; los teólogos la desdeñaron.",16
borges_ficciones_0524,Jorge Luis Borges,Argentina,Ficciones,"Los heresiólogos tal vez lo recordarán; agregó al concepto del Hijo, que parecía agotado, las complejidades del mal y del infortunio.",21
borges_ficciones_0525,Jorge Luis Borges,Argentina,Ficciones,"Recabarren, tendido, entreabrió los ojos y vio el oblicuo cielo raso de junco.",13
borges_ficciones_0526,Jorge Luis Borges,Argentina,Ficciones,"De la otra pieza le llegaba un rasgueo de guitarra, una suerte de pobrísimo laberinto que se enredaba y desataba infinitamente...",21
borges_ficciones_0527,Jorge Luis Borges,Argentina,Ficciones,"Afuera, más allá de los barrotes de la ventana, se dilataban la llanura y la tarde; había dormido, pero aún quedaba mucha luz en el cielo.",26
borges_ficciones_0528,Jorge Luis Borges,Argentina,Ficciones,"Vencido, seguía frecuentando la pulpería, como a la espera de alguien.",11
borges_ficciones_0529,Jorge Luis Borges,Argentina,Ficciones,La gente ya se había acostumbrado a ese hombre inofensivo.,10
borges_ficciones_0530,Jorge Luis Borges,Argentina,Ficciones,"Habituado a vivir en el presente, como los animales, ahora miraba el cielo y pensaba que el cerco rojo de la luna era señal de lluvia.",26
borges_ficciones_0531,Jorge Luis Borges,Argentina,Ficciones,"El chico, taciturno, le dijo por señas que no; el negro no contaba.",13
borges_ficciones_0532,Jorge Luis Borges,Argentina,Ficciones,"Recabarren no lo vio más, pero lo oyó chistar, apearse, atar el caballo al palenque y entrar con paso firme en la pulpería.",23
borges_ficciones_0533,Jorge Luis Borges,Argentina,Ficciones,"Sin alzar los ojos del instrumento, donde parecía buscar algo, el negro dijo con dulzura: -Ya sabía yo, señor, que podía contar con usted.",24
borges_ficciones_0534,Jorge Luis Borges,Argentina,Ficciones,"El otro, con voz áspera, replicó: -Y yo con vos, moreno.",11
borges_ficciones_0535,Jorge Luis Borges,Argentina,Ficciones,"Una porción de días te hice esperar, pero aquí he venido.",11
borges_ficciones_0536,Jorge Luis Borges,Argentina,Ficciones,Los encontré ese día y no quise mostrarme como un hombre que anda a las puñaladas.,16
borges_ficciones_0537,Jorge Luis Borges,Argentina,Ficciones,Pidió una caña y la paladeó sin concluirla.,8
borges_ficciones_0538,Jorge Luis Borges,Argentina,Ficciones,"Les dije, entre otras cosas, que el hombre no debe derramar la sangre del hombre.",15
borges_ficciones_0539,Jorge Luis Borges,Argentina,Ficciones,"El negro, como si no lo oyera, observó: -Con el otoño se van acortando los días.",16
borges_ficciones_0540,Jorge Luis Borges,Argentina,Ficciones,"Se alejaron un trecho de las casas, caminando a la par.",11
borges_ficciones_0541,Jorge Luis Borges,Argentina,Ficciones,"Ya estaban con el poncho en el antebrazo, cuando el negro dijo: -Una cosa quiero pedirle antes que nos trabemos.",20
borges_ficciones_0542,Jorge Luis Borges,Argentina,Ficciones,"Acaso por primera vez en su diálogo, Martín Fierro oyó el odio.",12
borges_ficciones_0543,Jorge Luis Borges,Argentina,Ficciones,Se entreveraron y el acero filoso rayó y marcó la cara del negro.,13
borges_ficciones_0544,Jorge Luis Borges,Argentina,Ficciones,"Una embestida y el negro reculó, perdió pie, amagó un hachazo a la cara y se tendió en una puñalada profunda, que penetró en el vientre.",26
borges_ficciones_0545,Jorge Luis Borges,Argentina,Ficciones,Después vino otra que el pulpero no alcanzó a precisar y Fierro no se levantó.,15
borges_ficciones_0546,Jorge Luis Borges,Argentina,Ficciones,Mejor dicho era el otro: no tenía destino sobre la tierra y había matado a un hombre.,17
borges_ficciones_0547,Jorge Luis Borges,Argentina,Ficciones,"Miklosich, en una página demasiado famosa, ha equiparado los sectarios del Fénix a los gitanos.",15
borges_ficciones_0548,Jorge Luis Borges,Argentina,Ficciones,"Los gitanos son chalanes, caldereros, herreros y decidores de la buenaventura; los sectarios suelen ejercer felizmente las profesiones liberales.",19
borges_ficciones_0549,Jorge Luis Borges,Argentina,Ficciones,La gente más o menos discurre así: Urmann era un hombre sensible; Urmann era judío; Urmann frecuentó a los sectarios en la judería de Praga; la afinidad que Urmann sintió prueba un hecho real.,34
borges_ficciones_0550,Jorge Luis Borges,Argentina,Ficciones,"En las guerras occidentales y en las remotas guerras del Asia han vertido su sangre secularmente, bajo banderas enemigas; de muy poco les vale identificarse con todas las naciones del orbe.",31
borges_ficciones_0551,Jorge Luis Borges,Argentina,Ficciones,"Alguna vez, además del Secreto hubo una leyenda (y quizá un mito cosmogónico), pero los superficiales hombres del Fénix la han olvidado y hoy sólo guardan la oscura tradición de un castigo.",32
borges_ficciones_0552,Jorge Luis Borges,Argentina,Ficciones,"De un castigo, de un pacto o de un privilegio, porque las versiones difieren y apenas dejan entrever el fallo de un Dios que asegura a una estirpe la eternidad, si sus hombres, generación tras generación, ejecutan un rito.",39
borges_ficciones_0553,Jorge Luis Borges,Argentina,Ficciones,"He compulsado los informes de los viajeros, he conversado con patriarcas y teólogos; puedo dar fe de que el cumplimiento del rito es la única práctica religiosa que observan los sectarios.",31
borges_ficciones_0554,Jorge Luis Borges,Argentina,Ficciones,"Éste, como ya indiqué, se transmite de generación en generación, pero el uso no quiere que las madres lo enseñen a los hijos, ni tampoco los sacerdotes; la iniciación en el misterio es tarea de los individuos más bajos.",39
borges_ficciones_0555,Jorge Luis Borges,Argentina,Ficciones,"Un esclavo, un leproso o un pordiosero hacen de mistagogos.",10
borges_ficciones_0556,Jorge Luis Borges,Argentina,Ficciones,"Los materiales son el corcho, la cera o la goma arábiga.",11
borges_ficciones_0557,Jorge Luis Borges,Argentina,Ficciones,El Secreto es sagrado pero no deja de ser un poco ridículo; su ejercicio es furtivo y aun clandestino y los adeptos no hablan de él.,26
borges_ficciones_0558,Jorge Luis Borges,Argentina,Ficciones,Sepan los Nueve Firmamentos que el Dios Es deleitable como el Corcho y el Cieno.,15
borges_ficciones_0559,Jorge Luis Borges,Argentina,Ficciones,Alguien no ha vacilado en afirmar que ya es instintivo.,10
borges_ficciones_0560,Jorge Luis Borges,Argentina,Ficciones,La fiebre lo gastó y las ilustraciones de Las mil y una noches sirvieron para decorar pesadillas.,17
borges_ficciones_0561,Jorge Luis Borges,Argentina,Ficciones,"Una tarde, el médico habitual se presentó con un médico nuevo y lo condujeron a un sanatorio de la calle Ecuador, porque era indispensable sacarle una radiografía.",27
borges_ficciones_0562,Jorge Luis Borges,Argentina,Ficciones,"Sufrió con estoicismo las curaciones, que eran muy dolorosas, pero cuando el cirujano le dijo que había estado a punto de morir de una septicemia, Dahlmann se echó a llorar, condolido de su destino.",34
borges_ficciones_0563,Jorge Luis Borges,Argentina,Ficciones,Las miserias físicas y la incesante previsión de las malas noches no le habían dejado pensar en algo tan abstracto como la muerte.,23
borges_ficciones_0564,Jorge Luis Borges,Argentina,Ficciones,"Otro día, el cirujano le dijo que estaba reponiéndose y que, muy pronto, podría ir a convalecer a la estancia.",20
borges_ficciones_0565,Jorge Luis Borges,Argentina,Ficciones,"La ciudad, a las siete de la mañana, no había perdido ese aire de casa vieja que le infunde la noche; las calles eran como largos zaguanes, las plazas como patios.",31
borges_ficciones_0566,Jorge Luis Borges,Argentina,Ficciones,Nadie ignora que el Sur empieza del otro lado de Rivadavia.,11
borges_ficciones_0567,Jorge Luis Borges,Argentina,Ficciones,Dahlmann solfa repetir que ello no es una convención y que quien atraviesa esa calle entra en un mundo más antiguo y más firme.,24
borges_ficciones_0568,Jorge Luis Borges,Argentina,Ficciones,En el hall de la estación advirtió que faltaban treinta minutos.,11
borges_ficciones_0569,Jorge Luis Borges,Argentina,Ficciones,Dahlmann recorrió los vagones y dio con uno casi vacío.,10
borges_ficciones_0570,Jorge Luis Borges,Argentina,Ficciones,"Acomodó en la red la valija; cuando los coches arrancaron, la abrió y sacó, tras alguna vacilación, el primer tomo de Las mil y una noches.",26
borges_ficciones_0571,Jorge Luis Borges,Argentina,Ficciones,"Viajar con este libro, tan vinculado a la historia de su desdicha, era una afirmación de que esa desdicha había sido anulada y un desafío alegre y secreto a las frustradas fuerzas del mal.",34
borges_ficciones_0572,Jorge Luis Borges,Argentina,Ficciones,"A los lados del tren, la ciudad se desgarraba en suburbios; esta visión y luego la de jardines y quintas demoraron el principio de la lectura.",26
borges_ficciones_0573,Jorge Luis Borges,Argentina,Ficciones,"El almuerzo (con el caldo servido en boles de metal reluciente, como en los ya remotos veraneos de la niñez) fue otro goce tranquilo y agradecido.",26
borges_ficciones_0574,Jorge Luis Borges,Argentina,Ficciones,"También creyó reconocer árboles y sembrados que no hubiera podido nombrar, porque su directo conocimiento de la campaña era harto inferior a su conocimiento nostálgico y literario.",27
borges_ficciones_0575,Jorge Luis Borges,Argentina,Ficciones,Ya el blanco sol intolerable de las doce del día era el sol amarillo que precede al anochecer y no tardaría en ser rojo.,24
borges_ficciones_0576,Jorge Luis Borges,Argentina,Ficciones,Afuera la móvil sombra del vagón se alargaba hacia el horizonte.,11
borges_ficciones_0577,Jorge Luis Borges,Argentina,Ficciones,"Todo era vasto, pero al mismo tiempo era íntimo y, de alguna manera, secreto.",14
borges_ficciones_0578,Jorge Luis Borges,Argentina,Ficciones,"La soledad era perfecta y tal vez hostil, y Dahlmann pudo sospechar que viajaba al pasado y no sólo al Sur.",21
borges_ficciones_0579,Jorge Luis Borges,Argentina,Ficciones,"De esa conjetura fantástica lo distrajo el inspector, que al ver su boleto, le advirtió que el tren no lo dejaría en la estación de siempre sino en otra, un poco anterior y apenas conocida por Dahlmann.",37
borges_ficciones_0580,Jorge Luis Borges,Argentina,Ficciones,"El tren laboriosamente se detuvo, casi en medio del campo.",10
borges_ficciones_0581,Jorge Luis Borges,Argentina,Ficciones,"El almacén, alguna vez, había sido punzó, pero los años habían mitigado para su bien ese color violento.",18
borges_ficciones_0582,Jorge Luis Borges,Argentina,Ficciones,Los muchos años lo habían reducido y pulido como las aguas a una piedra o las generaciones de los hombres a una sentencia.,23
borges_ficciones_0583,Jorge Luis Borges,Argentina,Ficciones,"Era oscuro, chico y reseco, y estaba como fuera del tiempo, en una eternidad.",14
borges_ficciones_0584,Jorge Luis Borges,Argentina,Ficciones,"La oscuridad fue quedándose con el campo, pero su olor y sus rumores aún le llegaban entre los barrotes de hierro.",21
borges_ficciones_0585,Jorge Luis Borges,Argentina,Ficciones,El patrón le trajo sardinas y después carne asada; Dahlmann las empujó con unos vasos de vino tinto.,18
borges_ficciones_0586,Jorge Luis Borges,Argentina,Ficciones,"La lámpara de kerosén pendía de uno de los tirantes; los parroquianos de la otra mesa eran tres: dos parecían peones de chacra; otro, de rasgos achinados y torpes, bebía con el chambergo puesto.",34
borges_ficciones_0587,Jorge Luis Borges,Argentina,Ficciones,"Eso era todo, pero alguien se la había tirado.",9
borges_ficciones_0588,Jorge Luis Borges,Argentina,Ficciones,"Resolvió salir; ya estaba de pie cuando el patrón se le acercó y lo exhortó con voz alarmada: -Señor Dahlmann, no les haga caso a esos mozos, que están medio alegres.",31
borges_ficciones_0589,Jorge Luis Borges,Argentina,Ficciones,"Dahlmann no se extrañó de que el otro, ahora, lo conociera, pero sintió que estas palabras conciliadoras agravaban, de hecho, la situación.",22
borges_ficciones_0590,Jorge Luis Borges,Argentina,Ficciones,"El compadrito de la cara achinada se paró, tambaleándose.",9
borges_ficciones_0591,Jorge Luis Borges,Argentina,Ficciones,Jugaba a exagerar su borrachera y esa exageración era una ferocidad y una burla.,14
borges_ficciones_0592,Jorge Luis Borges,Argentina,Ficciones,"Entre malas palabras y obscenidades, tiró al aire un largo cuchillo, lo siguió con los ojos, lo barajó, e invitó a Dahlmann a pelear.",24
borges_ficciones_0593,Jorge Luis Borges,Argentina,Ficciones,El patrón objetó con trémula voz que Dahlmann estaba desarmado.,10
borges_ficciones_0594,Jorge Luis Borges,Argentina,Ficciones,"Desde un rincón, el viejo gaucho extático, en el que Dahlmann vio una cifra del Sur (del Sur que era suyo), le tiró una daga desnuda que vino a caer a sus pies.",33
borges_ficciones_0595,Jorge Luis Borges,Argentina,Ficciones,Era como si el Sur hubiera resuelto que Dahlmann aceptara el duelo.,12
borges_ficciones_0596,Jorge Luis Borges,Argentina,Ficciones,Dahlmann se inclinó a recoger la daga y sintió dos cosas.,11
borges_ficciones_0597,Jorge Luis Borges,Argentina,Ficciones,"La segunda, que el arma, en su mano torpe, no serviría para defenderlo, sino para justificar que lo mataran.",19
borges_ficciones_0598,Jorge Luis Borges,Argentina,Ficciones,"Salieron, y si en Dahlmann no había esperanza, tampoco había temor.",11
borges_ficciones_0599,Jorge Luis Borges,Argentina,Ficciones,"Dahlmann empuña con firmeza el cuchillo, que acaso no sabrá manejar, y sale a la llanura.",16
allende_lacasadelosespiritus_0000,Isabel Allende,Chile,La casa de los espiritus,"La casa de los espíritus es una de las grandes novelas del siglo veinte, por su sinceridad al traducir la complejidad de la vida en literatura, asociando espiritualidad y filosofía, realidad política y poética.",34
allende_lacasadelosespiritus_0001,Isabel Allende,Chile,La casa de los espiritus,Ese Jueves Santo el padre Restrepo había llevado a los oyentes al límite de su resistencia con sus visiones apocalípticas y Nívea empezó a sentir mareos.,26
allende_lacasadelosespiritus_0002,Isabel Allende,Chile,La casa de los espiritus,"Nívea y Severo ocupaban, con sus hijos, toda la tercera hilera de bancos.",13
allende_lacasadelosespiritus_0003,Isabel Allende,Chile,La casa de los espiritus,"Miró a sus hijos, los menores estaban cansados, rígidos en su ropa de domingo, y los mayores comenzaban a distraerse.",20
allende_lacasadelosespiritus_0004,Isabel Allende,Chile,La casa de los espiritus,Él estaba trabajando en las minas del Norte.,8
allende_lacasadelosespiritus_0005,Isabel Allende,Chile,La casa de los espiritus,Sus últimas frases todavía vibraban entre las columnas.,8
allende_lacasadelosespiritus_0006,Isabel Allende,Chile,La casa de los espiritus,"Tomó a su mujer del brazo y a Clara por el cuello y salió arrastrándolas a grandes zancadas, seguido por sus otros hijos, que se precipitaron en tropel hacia la puerta.",31
allende_lacasadelosespiritus_0007,Isabel Allende,Chile,La casa de los espiritus,También se habían habituado a los presagios de la hermana menor.,11
allende_lacasadelosespiritus_0008,Isabel Allende,Chile,La casa de los espiritus,"Lo grave era que si las proezas de su hija trascendían las paredes de la casa y el cura empezaba a indagar, todo el mundo iba a enterarse.",28
allende_lacasadelosespiritus_0009,Isabel Allende,Chile,La casa de los espiritus,"En eso estaban cuando llegó la Nana arrastrando sus alpargatas, con su frufrú de enaguas almidonadas, a anunciar que en el patio había unos hombres descargando a un muerto.",29
allende_lacasadelosespiritus_0010,Isabel Allende,Chile,La casa de los espiritus,"Los modales del tío Marcos eran los de un caníbal, como decía Severo.",13
allende_lacasadelosespiritus_0011,Isabel Allende,Chile,La casa de los espiritus,"Clara recordaba perfectamente, a pesar de que entonces era muy pequeña, la primera vez que su tío Marcos llegó a la casa de regreso de uno de sus viajes.",29
allende_lacasadelosespiritus_0012,Isabel Allende,Chile,La casa de los espiritus,"Se colocó debajo de su ventana un atardecer, a tocar su marcha militar y su vals, en el momento en que ella tomaba el té con un grupo de amigas.",30
allende_lacasadelosespiritus_0013,Isabel Allende,Chile,La casa de los espiritus,"Ante el bochorno familiar, Marcos tuvo que desistir del organillo y elegir métodos menos conspicuos para atraer a la prima Antonieta, pero no renunció a asediarla.",26
allende_lacasadelosespiritus_0014,Isabel Allende,Chile,La casa de los espiritus,Nada en su apariencia permitía suponer que podría moverse y mucho menos encumbrarse y atravesar las montañas nevadas.,18
allende_lacasadelosespiritus_0015,Isabel Allende,Chile,La casa de los espiritus,"Nicolás tuvo la idea de hacerlo con fines comerciales, en una salchicha gigantesca rellena con aire caliente, que llevaría impreso un aviso publicitario de bebidas gaseosas.",26
allende_lacasadelosespiritus_0016,Isabel Allende,Chile,La casa de los espiritus,"La gente se vistió de primavera, adelantándose un poco a la inauguración oficial de la temporada, los hombres con trajes de lino blanco y las damas con los sombreros de pajilla italiana que hicieron furor ese año.",37
allende_lacasadelosespiritus_0017,Isabel Allende,Chile,La casa de los espiritus,Marcos recibía las flores y bromeaba diciendo que esperaran que se estrellara para llevarle flores al entierro.,17
allende_lacasadelosespiritus_0018,Isabel Allende,Chile,La casa de los espiritus,"A la semana sin tener noticias del tío volador, se supuso que había subido hasta perderse en el espacio sideral y los más ignorantes especularon con la idea de que llegaría a la luna.",34
allende_lacasadelosespiritus_0019,Isabel Allende,Chile,La casa de los espiritus,"Nívea lloró desconsoladamente y prendió unas velas a san Antonio, patrono de las cosas perdidas.",15
allende_lacasadelosespiritus_0020,Isabel Allende,Chile,La casa de los espiritus,"Toda la familia lo lloró como se merecía, menos Clara, que siguió escrutando el cielo con paciencia de astrónomo.",19
allende_lacasadelosespiritus_0021,Isabel Allende,Chile,La casa de los espiritus,Severo del Valle tuvo que poner todo su conocimiento de las leyes al servicio de devolver la vida y la condición de ciudadano a su cuñado.,26
allende_lacasadelosespiritus_0022,Isabel Allende,Chile,La casa de los espiritus,Marcos vivió en la casa de su hermana por unos meses.,11
allende_lacasadelosespiritus_0023,Isabel Allende,Chile,La casa de los espiritus,"Una noche se fue sin despedirse de nadie, dejando sus baúles, sus libros, sus armas, sus botas y todos sus bártulos.",21
allende_lacasadelosespiritus_0024,Isabel Allende,Chile,La casa de los espiritus,"Severo, y hasta la misma Nívea, respiraron aliviados.",8
allende_lacasadelosespiritus_0025,Isabel Allende,Chile,La casa de los espiritus,"Pero Clara se sintió tan afectada, que pasó una semana caminando sonámbula y chupándose el dedo.",16
allende_lacasadelosespiritus_0026,Isabel Allende,Chile,La casa de los espiritus,"Una de ellas había sido acusada de ladrona, porque su patrona había extraviado una sortija.",15
allende_lacasadelosespiritus_0027,Isabel Allende,Chile,La casa de los espiritus,Se había dejado crecer la barba y el pelo y estaba más delgado que nunca.,15
allende_lacasadelosespiritus_0028,Isabel Allende,Chile,La casa de los espiritus,"Lo soplaba al oído al tío Marcos, quien transmitía el mensaje al cliente e improvisaba los consejos que le parecían atinados.",21
allende_lacasadelosespiritus_0029,Isabel Allende,Chile,La casa de los espiritus,Más tarde se enteró de que el correo en esas latitudes no tenía la misma confiabilidad que en su lejana Inglaterra y que sus telegramas se volatilizaron por el camino.,30
allende_lacasadelosespiritus_0030,Isabel Allende,Chile,La casa de los espiritus,"A pesar de su apariencia, la niña no tuvo dificultad en identificarlo.",12
allende_lacasadelosespiritus_0031,Isabel Allende,Chile,La casa de los espiritus,"Lo sacó de la jaula, lo acunó en su pecho y con cuidados de misionera consiguió darle agua en el hocico hinchado y reseco.",24
allende_lacasadelosespiritus_0032,Isabel Allende,Chile,La casa de los espiritus,"Si me lo quita, le juro que dejo de respirar y me muero.",13
allende_lacasadelosespiritus_0033,Isabel Allende,Chile,La casa de los espiritus,"La Nana sugirió mocharle la cola, para que pareciera perro fino, pero Clara agarró un berrinche que degeneró en ataque de asma y nadie volvió a mencionar el asunto.",29
allende_lacasadelosespiritus_0034,Isabel Allende,Chile,La casa de los espiritus,"El veterinario no supo decir cuál era su origen y Clara supuso que provenía de la China, porque gran parte del contenido del equipaje de su tío eran recuerdos de ese lejano país.",33
allende_lacasadelosespiritus_0035,Isabel Allende,Chile,La casa de los espiritus,A los seis meses era del tamaño de una oveja y al año de las proporciones de un potrillo.,19
allende_lacasadelosespiritus_0036,Isabel Allende,Chile,La casa de los espiritus,"Severo tuvo que pagar todos los destrozos y ordenó que el perro fuera amarrado en el patio, pero Clara tuvo otra de sus pataletas y la decisión fue aplazada por tiempo indefinido.",32
allende_lacasadelosespiritus_0037,Isabel Allende,Chile,La casa de los espiritus,"La gente lo creía una cruza de perro con yegua, suponían que podían aparecerle alas, cuernos y un aliento sulfuroso de dragón, como las bestias que bordaba Rosa en su interminable mantel.",32
allende_lacasadelosespiritus_0038,Isabel Allende,Chile,La casa de los espiritus,"Era una sola pieza cuadrada donde acomodé mis pertenencias, con un ventanuco en cada pared, para que circulara el aire bochornoso del día, con postigos para cerrarlos en la noche, cuando corría el viento glacial.",35
allende_lacasadelosespiritus_0039,Isabel Allende,Chile,La casa de los espiritus,"Nunca me había bañado en agua caliente y los recuerdos que tenía de mi niñez eran de frío, soledad y un eterno vacío en el estómago.",26
allende_lacasadelosespiritus_0040,Isabel Allende,Chile,La casa de los espiritus,Descubrí eso a los dieciséis años y nunca lo he olvidado.,11
allende_lacasadelosespiritus_0041,Isabel Allende,Chile,La casa de los espiritus,"En aquella época todavía no había vivido con una mujer, así es que tampoco podía echar de menos lo que no conocía.",22
allende_lacasadelosespiritus_0042,Isabel Allende,Chile,La casa de los espiritus,"Iba con la Nana y otra criatura, probablemente alguna hermana menor.",11
allende_lacasadelosespiritus_0043,Isabel Allende,Chile,La casa de los espiritus,"No sé qué pudo ver Rosa en mí, ni por qué con el tiempo, me aceptó por esposo.",18
allende_lacasadelosespiritus_0044,Isabel Allende,Chile,La casa de los espiritus,"Llegué a ser su novio oficial sin tener que realizar ninguna proeza sobrenatural, porque a pesar de su belleza inhumana y sus innumerables virtudes, Rosa no tenía pretendientes.",28
allende_lacasadelosespiritus_0045,Isabel Allende,Chile,La casa de los espiritus,"La invitación fue apoyada por un cerdo asado, rosado y monumental, que fue enviado por los electores a la casa de la familia Del Valle.",25
allende_lacasadelosespiritus_0046,Isabel Allende,Chile,La casa de los espiritus,"Empezó a cocinar la avena, a colar el café, tostar el pan.",12
allende_lacasadelosespiritus_0047,Isabel Allende,Chile,La casa de los espiritus,"Lo vio distraído jugando con una gallina y aprovechó para salir en su largo viaje por los patios y los corredores, desde la cocina, al fondo de la casa, hasta el cuarto de las niñas, al otro extremo.",38
allende_lacasadelosespiritus_0048,Isabel Allende,Chile,La casa de los espiritus,Abrió las pesadas cortinas y el pálido sol de la mañana entró en el cuarto.,15
allende_lacasadelosespiritus_0049,Isabel Allende,Chile,La casa de los espiritus,"Comenzó a husmear por todos lados, inspeccionó la cocina, pasó los dedos por las cacerolas, abrió los sacos de harina, las bolsas de azúcar, las cajas de frutas secas, revolvió todo y dejó a su paso un desparrame de huracán.",40
allende_lacasadelosespiritus_0050,Isabel Allende,Chile,La casa de los espiritus,Tres horas después estaba de regreso con una expresión de horror que transformaba su rubicundo rostro de fauno en una máscara pálida que no le abandonó durante todo ese terrible asunto.,31
allende_lacasadelosespiritus_0051,Isabel Allende,Chile,La casa de los espiritus,"Se dirigió a Severo, lo tomó de un brazo y lo llevó aparte.",13
allende_lacasadelosespiritus_0052,Isabel Allende,Chile,La casa de los espiritus,Mandó a sus hijos a la cama y autorizó a los sirvientes para retirarse temprano.,15
allende_lacasadelosespiritus_0053,Isabel Allende,Chile,La casa de los espiritus,"A Clara, que estaba demasiado impresionada por lo que había sucedido, le permitió pasar esa noche en el cuarto de otra hermana.",22
allende_lacasadelosespiritus_0054,Isabel Allende,Chile,La casa de los espiritus,"Después que todas las luces se apagaron y la casa entró en reposo, llegó el ayudante del doctor Cuevas, un joven esmirriado y miope, que tartamudeaba al hablar.",28
allende_lacasadelosespiritus_0055,Isabel Allende,Chile,La casa de los espiritus,"Siguió por los corredores silenciosos y helados, cruzando los tres cuerpos de la casa, hasta llegar al salón.",18
allende_lacasadelosespiritus_0056,Isabel Allende,Chile,La casa de los espiritus,"La Nana se quedó de pie, con los brazos cruzados sujetando el chal contra su pecho.",16
allende_lacasadelosespiritus_0057,Isabel Allende,Chile,La casa de los espiritus,Severo le señaló el sofá y ella se aproximó con timidez.,11
allende_lacasadelosespiritus_0058,Isabel Allende,Chile,La casa de los espiritus,Estiró su mano áspera y con un gesto automático le alisó el pelo con la misma caricia que durante veinte años había empleado para consolarle a los hijos.,28
allende_lacasadelosespiritus_0059,Isabel Allende,Chile,La casa de los espiritus,"Apoyó la frente en su falda, aspiró el suave olor de su delantal almidonado y rompió en sollozos como un niño, vertiendo todas las lágrimas que había aguantado en su vida de hombre.",33
allende_lacasadelosespiritus_0060,Isabel Allende,Chile,La casa de los espiritus,"El ayudante, demasiado emocionado por la hermosura de la muerta, no se resignaba a dejarla cosida como un saco y sugirió acomodarla un poco.",24
allende_lacasadelosespiritus_0061,Isabel Allende,Chile,La casa de los espiritus,Vamos a arreglarla un poco para que la vea su madre.,11
allende_lacasadelosespiritus_0062,Isabel Allende,Chile,La casa de los espiritus,El arriero se ofreció para acompañarme hasta el tren.,9
allende_lacasadelosespiritus_0063,Isabel Allende,Chile,La casa de los espiritus,"La noche estaba clara y estrellada, sentía el frío traspasándome los huesos, agarrotándome las manos, metiéndoseme en el alma.",19
allende_lacasadelosespiritus_0064,Isabel Allende,Chile,La casa de los espiritus,"Dicen que entré a la casa cubierto de polvo, sin sombrero, sucio y barbudo, sediento y furioso, preguntando a gritos por mi novia.",23
allende_lacasadelosespiritus_0065,Isabel Allende,Chile,La casa de los espiritus,"Sentí su manita enguantada aferrada a la mía y durante todo el trayecto la tuve a mi lado, pequeña sombra silenciosa que removía una ternura desconocida en mi alma.",29
allende_lacasadelosespiritus_0066,Isabel Allende,Chile,La casa de los espiritus,No oí los pasos del guardián del cementerio que se me acercó por detrás.,14
allende_lacasadelosespiritus_0067,Isabel Allende,Chile,La casa de los espiritus,"Creía que así como la fuerza de su mente podía mover el salero, igualmente podía ser la causa de las muertes, de los temblores de tierra y otras desgracias mayores.",30
allende_lacasadelosespiritus_0068,Isabel Allende,Chile,La casa de los espiritus,Su madre dormía drogada por el doctor Cuevas y sus hermanos y los sirvientes se habían retirado temprano a sus habitaciones.,21
allende_lacasadelosespiritus_0069,Isabel Allende,Chile,La casa de los espiritus,"Recorrió los salones, deslizándose pegada a los muros, asustada y helada.",11
allende_lacasadelosespiritus_0070,Isabel Allende,Chile,La casa de los espiritus,"Notó que en el salón brillaba algo de luz por una rendija debajo de la puerta y estuvo a punto de entrar, pero temió encontrar a su padre y que la mandara de regreso a la cama.",37
allende_lacasadelosespiritus_0071,Isabel Allende,Chile,La casa de los espiritus,Se quedó hasta que el médico salió poniéndose su chaqueta negra con un gesto de mortal tristeza.,17
allende_lacasadelosespiritus_0072,Isabel Allende,Chile,La casa de los espiritus,Se quedó hasta que el ayudante la cargó en los brazos con la misma conmovedora ternura con que la hubiera levantado para cruzar por primera vez el umbral de su casa si hubiera sido su novia.,36
allende_lacasadelosespiritus_0073,Isabel Allende,Chile,La casa de los espiritus,Doña Ester Trueba no acompañaba a sus hijos en la mesa.,11
allende_lacasadelosespiritus_0074,Isabel Allende,Chile,La casa de los espiritus,Esteban terminó de escarbar la carne blancuzca del pescado entre la maraña de espinas y dejó los cubiertos en el plato.,21
allende_lacasadelosespiritus_0075,Isabel Allende,Chile,La casa de los espiritus,"Tenía un rostro muy armonioso, a pesar del gesto adusto y sombrío y su frecuente expresión de mal humor.",19
allende_lacasadelosespiritus_0076,Isabel Allende,Chile,La casa de los espiritus,"Ya sabes que nosotras gastamos muy poco, casi nada, pero las medicinas de mamá son caras.",16
allende_lacasadelosespiritus_0077,Isabel Allende,Chile,La casa de los espiritus,"Y tanto como se odiaba a sí misma por esos tortuosos e inconfesables placeres, odiaba a su madre por servirle de instrumento.",22
allende_lacasadelosespiritus_0078,Isabel Allende,Chile,La casa de los espiritus,"Sin decirlo abiertamente, estaba presente entre las dos el hecho de que la hija había sacrificado su vida por cuidar a la madre y se había quedado soltera por esa causa.",31
allende_lacasadelosespiritus_0079,Isabel Allende,Chile,La casa de los espiritus,La citaban como ejemplo por la dedicación que le prodigaba a doña Ester y por la forma en que había criado a su único hermano cuando enfermó la madre y murió el padre dejándolos en la miseria.,37
allende_lacasadelosespiritus_0080,Isabel Allende,Chile,La casa de los espiritus,El muchacho empezó a alejarse de ella apenas se puso pantalones largos.,12
allende_lacasadelosespiritus_0081,Isabel Allende,Chile,La casa de los espiritus,"Finalmente se atrevió a tomar la cucharilla de mango largo y con un suspiro de dicha, la hundió en la crema.",21
allende_lacasadelosespiritus_0082,Isabel Allende,Chile,La casa de los espiritus,"En la medida en que él se fue alejando de su tutela, Férula le fue tomando antipatía.",17
allende_lacasadelosespiritus_0083,Isabel Allende,Chile,La casa de los espiritus,Los hermanos estaban muy alejados y lo único que todavía los unía era la presencia de la madre y el recuerdo borroso del amor que se tuvieron en la niñez.,30
allende_lacasadelosespiritus_0084,Isabel Allende,Chile,La casa de los espiritus,"Se felicitó por haberse decidido a gastar en un pasaje más costoso, por primera vez en su vida, y decidió que era en los detalles donde estaba la diferencia entre un caballero y un patán.",35
allende_lacasadelosespiritus_0085,Isabel Allende,Chile,La casa de los espiritus,"Trueba le explicó que necesitaba alquilar un coche, pero ella pareció no comprender y se limitó a esconder a los niños en los pliegues de su delantal, con una mirada sin expresión.",32
allende_lacasadelosespiritus_0086,Isabel Allende,Chile,La casa de los espiritus,Se paró delante y obligó al conductor a detenerse.,9
allende_lacasadelosespiritus_0087,Isabel Allende,Chile,La casa de los espiritus,De algunas casas salieron niños corriendo tras la carreta.,9
allende_lacasadelosespiritus_0088,Isabel Allende,Chile,La casa de los espiritus,"La carreta avanzó lentamente, siguiendo una huella que el paso de las bestias y los hombres había trazado en los malezales.",21
allende_lacasadelosespiritus_0089,Isabel Allende,Chile,La casa de los espiritus,Habían pasado quince años sin ver ningún patrón y habían deducido que simplemente no lo tenían.,16
allende_lacasadelosespiritus_0090,Isabel Allende,Chile,La casa de los espiritus,Calculó que había por lo menos una docena de niños de todas las edades.,14
allende_lacasadelosespiritus_0091,Isabel Allende,Chile,La casa de los espiritus,"Adentro había suficiente luz, porque la mañana entraba por los postigos rotos y los huecos del techo, donde habían cedido las tejas.",22
allende_lacasadelosespiritus_0092,Isabel Allende,Chile,La casa de los espiritus,"No tenemos donde ir, siempre hemos vivido aquí.",8
allende_lacasadelosespiritus_0093,Isabel Allende,Chile,La casa de los espiritus,"Organicé a los hombres en cuadrillas y después de trabajar en el campo, nos dedicábamos a reconstruir la casa patronal.",20
allende_lacasadelosespiritus_0094,Isabel Allende,Chile,La casa de los espiritus,"Hasta plomería hicimos con ellos, arreglamos los techos, pintamos todo con cal, limpiamos hasta dejar la casa brillante por dentro y por fuera.",23
allende_lacasadelosespiritus_0095,Isabel Allende,Chile,La casa de los espiritus,"Me quedé viviendo en la casa vacía, sin más mobiliario que esas dos cosas y unos cajones donde me sentaba, hasta que Férula me mandó de la capital los muebles nuevos que le encargué.",34
allende_lacasadelosespiritus_0096,Isabel Allende,Chile,La casa de los espiritus,En esa época la gente trabajaba sin chistar.,8
allende_lacasadelosespiritus_0097,Isabel Allende,Chile,La casa de los espiritus,"Me fui convirtiendo en un salvaje, se me olvidaron las palabras, se me acortó el vocabulario, me puse muy mandón.",20
allende_lacasadelosespiritus_0098,Isabel Allende,Chile,La casa de los espiritus,"Me levantaba mucho antes que amaneciera y partía con una escopeta al hombro, mi morral y mi perro perdiguero.",19
allende_lacasadelosespiritus_0099,Isabel Allende,Chile,La casa de los espiritus,"Cuando pienso en esos tiempos, me da una gran tristeza.",10
allende_lacasadelosespiritus_0100,Isabel Allende,Chile,La casa de los espiritus,"Vencido, se dejaba flotar a la deriva, sintiéndose abrazado por la corriente, besado por los guarisapos, fustigado por las cañas de la orilla.",23
allende_lacasadelosespiritus_0101,Isabel Allende,Chile,La casa de los espiritus,"Era de huesos grandes y rostro aindiado, con las facciones anchas y la piel oscura, de expresión apacible y dulce, su amplia boca carnosa conservaba todavía todos los dientes y cuando sonreía se iluminaba, pero lo hacía muy poco.",39
allende_lacasadelosespiritus_0102,Isabel Allende,Chile,La casa de los espiritus,"Se dio cuenta demasiado tarde, por las salpicaduras sangrientas en su vestido, que la joven era virgen, pero ni la humilde condición de Pancha, ni las apremiantes exigencias de su apetito, le permitieron tener contemplaciones.",35
allende_lacasadelosespiritus_0103,Isabel Allende,Chile,La casa de los espiritus,"Se quedó de espaldas, mirando el cielo con expresión despavorida, hasta que sintió que el hombre se desplomaba con un gemido a su lado.",24
allende_lacasadelosespiritus_0104,Isabel Allende,Chile,La casa de los espiritus,"Se fue al campo canturreando y a su regreso, Pancha estaba en la cocina, afanada revolviendo el manjar blanco en una gran olla de cobre.",25
allende_lacasadelosespiritus_0105,Isabel Allende,Chile,La casa de los espiritus,Esa vez Esteban se dio tiempo para gozarla y para hacerla gozar.,12
allende_lacasadelosespiritus_0106,Isabel Allende,Chile,La casa de los espiritus,A Pancha García le crecieron los senos y se le redondearon las caderas.,13
allende_lacasadelosespiritus_0107,Isabel Allende,Chile,La casa de los espiritus,"Modernizó la lechería, que no era más que un galpón lleno de estiércol y moscas, y obligó a las vacas a producir suficiente leche.",24
allende_lacasadelosespiritus_0108,Isabel Allende,Chile,La casa de los espiritus,"Un día leyó en la enciclopedia las ventajas de una dieta equilibrada y comenzó su manía de las vitaminas, que había de durarle por el resto de la vida.",29
allende_lacasadelosespiritus_0109,Isabel Allende,Chile,La casa de los espiritus,Trueba sabía que ese rudo campesino era más inteligente que los demás.,12
allende_lacasadelosespiritus_0110,Isabel Allende,Chile,La casa de los espiritus,"Era lo más parecido a un amigo que tenía en cien kilómetros a la redonda, pero su monumental orgullo le impedía reconocerle ninguna virtud, excepto aquellas propias de su condición de buen peón de campo.",35
allende_lacasadelosespiritus_0111,Isabel Allende,Chile,La casa de los espiritus,"Esteban tardó bastante en darse cuenta, porque casi nunca la miraba y, pasado el entusiasmo del primer momento, tampoco la acariciaba.",21
allende_lacasadelosespiritus_0112,Isabel Allende,Chile,La casa de los espiritus,"Las Tres Marías era un buen negocio que no requería ayuda del filón de oro, sino, por el contrario, sirvió de garantía para prorrogar la concesión de la mina.",29
allende_lacasadelosespiritus_0113,Isabel Allende,Chile,La casa de los espiritus,"No se preocupaba de hacerlo a escondidas, porque no le temía a nadie.",13
allende_lacasadelosespiritus_0114,Isabel Allende,Chile,La casa de los espiritus,¿Hay otro fundo por aquí que tenga su propia escuela?,10
allende_lacasadelosespiritus_0115,Isabel Allende,Chile,La casa de los espiritus,Por desgracia el garrote es lo único que funciona en estos países.,12
allende_lacasadelosespiritus_0116,Isabel Allende,Chile,La casa de los espiritus,"Si vamos al fondo de las cosas, no sirven ni para hacer los mandados, siempre lo he dicho: son como niños.",21
allende_lacasadelosespiritus_0117,Isabel Allende,Chile,La casa de los espiritus,"Si las mujeres no saben sumar dos más dos, menos podrán tomar un bisturí.",14
allende_lacasadelosespiritus_0118,Isabel Allende,Chile,La casa de los espiritus,Y mientras tanto están produciendo una confusión y un desorden que puede terminar en un desastre.,16
allende_lacasadelosespiritus_0119,Isabel Allende,Chile,La casa de los espiritus,La oleada de descontento que agitaba al pueblo estaba golpeando la sólida estructura de aquella sociedad oligárquica.,17
allende_lacasadelosespiritus_0120,Isabel Allende,Chile,La casa de los espiritus,Fue un año de miseria en el que lo único que faltó para rematar el desastre fue un terremoto.,19
allende_lacasadelosespiritus_0121,Isabel Allende,Chile,La casa de los espiritus,"La clase alta, sin embargo, dueña del poder y de la riqueza, no se dio cuenta del peligro que amenazaba el frágil equilibrio de su posición.",26
allende_lacasadelosespiritus_0122,Isabel Allende,Chile,La casa de los espiritus,"Los ricos se divertían bailando el charlestón y los nuevos ritmos del jazz, el fox-trot y unas cumbias de negros que eran una maravillosa indecencia.",25
allende_lacasadelosespiritus_0123,Isabel Allende,Chile,La casa de los espiritus,"Tres días después, cuando se había vuelto a la rutina, llegó la carta de Férula a Las Tres Marías.",19
allende_lacasadelosespiritus_0124,Isabel Allende,Chile,La casa de los espiritus,"Entró a tomar su desayuno en la cocina, como todos los días, y vio una gallina que andaba picoteando las migas en el suelo.",24
allende_lacasadelosespiritus_0125,Isabel Allende,Chile,La casa de los espiritus,"En eso llegó a la casa Pedro Segundo García, que había ido a la estación San Lucas a dejar una encomienda y había pasado por el pueblo a recoger el correo.",31
allende_lacasadelosespiritus_0126,Isabel Allende,Chile,La casa de los espiritus,Clara tenía diez años cuando decidió que no valía la pena hablar y se encerró en el mutismo.,18
allende_lacasadelosespiritus_0127,Isabel Allende,Chile,La casa de los espiritus,"El médico de la familia, el gordo y afable doctor Cuevas, intentó curarle el silencio con píldoras de su invención, con vitaminas en jarabe y tocaciones de miel de bórax en la garganta, pero sin ningún resultado aparente.",38
allende_lacasadelosespiritus_0128,Isabel Allende,Chile,La casa de los espiritus,"De todos modos, ante la insistencia de los padres, fabricó unas píldoras de azúcar pintadas de color violeta y las recetó advirtiendo que eran un remedio siberiano para curar sordomudos.",30
allende_lacasadelosespiritus_0129,Isabel Allende,Chile,La casa de los espiritus,"El perro comenzó a orinarse sentado, dejando a su alrededor un inmenso charco y con frecuencia le crujían los dientes.",20
allende_lacasadelosespiritus_0130,Isabel Allende,Chile,La casa de los espiritus,Esta habilidad era natural en ella y no requería los engorrosos estudios cabalísticos que usaba el tío Marcos con más esfuerzo y menos acierto.,24
allende_lacasadelosespiritus_0131,Isabel Allende,Chile,La casa de los espiritus,"Clara se dio cuenta a la primera mirada que Getulio Armando iba a estafar a su padre con el negocio de las ovejas australianas, porque se lo leyó en el color del aura.",33
allende_lacasadelosespiritus_0132,Isabel Allende,Chile,La casa de los espiritus,"Las noches de luna llena era común verlos paseando por los corredores, como dos fantasmas flotando en la pálida luz.",20
allende_lacasadelosespiritus_0133,Isabel Allende,Chile,La casa de los espiritus,"A medida que el perro fue creciendo, se hicieron evidentes sus distracciones.",12
allende_lacasadelosespiritus_0134,Isabel Allende,Chile,La casa de los espiritus,Le mostraba los daguerrotipos de la pared y le narraba el pasado.,12
allende_lacasadelosespiritus_0135,Isabel Allende,Chile,La casa de los espiritus,"Se estremeció al ver cómo se había deteriorado el barrio en esos años, desde que los ricos quisieron vivir más arriba que los demás y la ciudad creció hacia los faldeos de la cordillera.",34
allende_lacasadelosespiritus_0136,Isabel Allende,Chile,La casa de los espiritus,Su madre habitaba el segundo piso y alquilaba la planta baja a una fábrica de botones.,16
allende_lacasadelosespiritus_0137,Isabel Allende,Chile,La casa de los espiritus,Esteban quitó la colcha de damasco deshilachada y vio las piernas de su madre.,14
allende_lacasadelosespiritus_0138,Isabel Allende,Chile,La casa de los espiritus,"No recordaba haber estado tan interesado en alguien desde el día glorioso en que vio a Rosa, la bella, comprando caramelos de anís en la confitería de la Plaza de Armas.",31
allende_lacasadelosespiritus_0139,Isabel Allende,Chile,La casa de los espiritus,En ese momento un grito de horror sacudió a la concurrencia.,11
allende_lacasadelosespiritus_0140,Isabel Allende,Chile,La casa de los espiritus,"Nívea se ocupó del ajuar de Clara, quien no demostraba el menor interés en el contenido de los baúles de sándalo y seguía experimentando con la mesa de tres patas y sus naipes de adivinación.",35
allende_lacasadelosespiritus_0141,Isabel Allende,Chile,La casa de los espiritus,"El matrimonio de su hermano la sumía en la incertidumbre, porque pensaba que ése sería un motivo más de alejamiento para Esteban, que era su único sustento.",27
allende_lacasadelosespiritus_0142,Isabel Allende,Chile,La casa de los espiritus,"Férula observaba con disimulo a su futura cuñada, que parecía de quince años y todavía tenía la voz desafinada, producto de los años de silencio, sin saber cómo abordar el tema.",31
allende_lacasadelosespiritus_0143,Isabel Allende,Chile,La casa de los espiritus,"Su primera reacción fue de orgullo y hubiera rechazado la oferta nada más que por la belleza del gesto, pero Clara no le dio tiempo.",25
allende_lacasadelosespiritus_0144,Isabel Allende,Chile,La casa de los espiritus,"Esteban regaló a su novia un aderezo de brillantes, que ella encontró muy bonito, lo guardó en una caja de zapatos y enseguida olvidó dónde lo había puesto.",28
allende_lacasadelosespiritus_0145,Isabel Allende,Chile,La casa de los espiritus,Al cuarto día ella amaneció mejor y salieron a cubierta a mirar el mar.,14
allende_lacasadelosespiritus_0146,Isabel Allende,Chile,La casa de los espiritus,"Al cruzar el umbral por primera vez, Esteban levantó a su mujer en brazos.",14
allende_lacasadelosespiritus_0147,Isabel Allende,Chile,La casa de los espiritus,"El cariño que Férula sentía por su cuñada se transformó en una pasión por cuidarla, una dedicación para servirla y una tolerancia ilimitada para resistir sus distracciones y excentricidades.",29
allende_lacasadelosespiritus_0148,Isabel Allende,Chile,La casa de los espiritus,"La propiedad, que antes le parecía un paraíso y era todo su orgullo, ahora le resultaba un fastidio.",18
allende_lacasadelosespiritus_0149,Isabel Allende,Chile,La casa de los espiritus,"Clara se dejaba conducir con una dulzura que no era imbecilidad, sino distracción y gastaba toda su capacidad de concentración en inútiles intentos de comunicarse telepáticamente con Esteban, que no recibía los mensajes, y en perfeccionar su propia clarividencia.",39
allende_lacasadelosespiritus_0150,Isabel Allende,Chile,La casa de los espiritus,"Con él en la casa, ella debía ponerse a la sombra y ser más prudente en la forma de dirigirse a los sirvientes, tanto como en las atenciones que prodigaba a Clara.",32
allende_lacasadelosespiritus_0151,Isabel Allende,Chile,La casa de los espiritus,"Los oigo a través de la puerta de su dormitorio y una vez pude verlos, porque se había quedado la puerta entreabierta.",22
allende_lacasadelosespiritus_0152,Isabel Allende,Chile,La casa de los espiritus,"No le puedo contar lo que vi, padre, pero debe ser un pecado terrible.",14
allende_lacasadelosespiritus_0153,Isabel Allende,Chile,La casa de los espiritus,Esteban quería un hijo que llevara su nombre y le pasara a su descendencia el apellido de los Trueba.,19
allende_lacasadelosespiritus_0154,Isabel Allende,Chile,La casa de los espiritus,"Tenía todos sus dientes y empezaba a abrir los armarios para alborotar su contenido, cuando la familia decidió ir a pasar el verano a Las Tres Marías, que Clara no conocía más que de referencia.",35
allende_lacasadelosespiritus_0155,Isabel Allende,Chile,La casa de los espiritus,"En San Lucas tomaron tres coches que los condujeron a Las Tres Marías envueltos en una nube de polvo, como gitanos.",21
allende_lacasadelosespiritus_0156,Isabel Allende,Chile,La casa de los espiritus,"Acudían por simpatía, más que por fe, y daban a la solterona la oportunidad de recordar los buenos tiempos de sus conventillos.",22
allende_lacasadelosespiritus_0157,Isabel Allende,Chile,La casa de los espiritus,Tampoco le hicieron caso cuando tuvo el segundo ataque.,9
allende_lacasadelosespiritus_0158,Isabel Allende,Chile,La casa de los espiritus,"Estaba instalada en aquel asiento solitario como un trono, cuando se abrió la puerta y entró uno de los invitados, nada menos que el alcalde del pueblo, desabrochándose la bragueta y algo achispado con el aperitivo.",36
allende_lacasadelosespiritus_0159,Isabel Allende,Chile,La casa de los espiritus,"A lo largo de tantos años de soledad y tristeza había ido decantando las emociones y limpiando los sentimientos, hasta reducirlos a unas pocas terribles y magníficas pasiones, que la ocupaban por completo.",33
allende_lacasadelosespiritus_0160,Isabel Allende,Chile,La casa de los espiritus,"Es una vieja fotografía color sepia, desteñida por el tiempo, donde, sin embargo, aún se la puede ver con claridad.",20
allende_lacasadelosespiritus_0161,Isabel Allende,Chile,La casa de los espiritus,"Era una regia matrona, pero tenía un rictus amargo en el rostro que delataba su tragedia interior.",17
allende_lacasadelosespiritus_0162,Isabel Allende,Chile,La casa de los espiritus,Ella fue la depositaria de sus más sutiles emociones y a ella pudo dedicar su enorme capacidad de sacrificio y veneración.,21
allende_lacasadelosespiritus_0163,Isabel Allende,Chile,La casa de los espiritus,"Tres días después desembarcó en la estación míster Brown, un gringo enano, provisto de una maleta misteriosa, que Esteban presentó como técnico agrícola experto en insecticidas.",26
allende_lacasadelosespiritus_0164,Isabel Allende,Chile,La casa de los espiritus,"Pero ella no se refería concretamente a la levitación, sino a subir a un nivel que le permitiera desprenderse de la incomodidad, del peso de su embarazo y de la profunda fatiga que se le estaba metiendo en los huesos.",40
allende_lacasadelosespiritus_0165,Isabel Allende,Chile,La casa de los espiritus,"También comencé a interesarme en la política y hasta entré en un gimnasio, donde un gigantesco entrenador me obligaba a ejercitar unos músculos que no sospechaba que tenía en el cuerpo.",31
allende_lacasadelosespiritus_0166,Isabel Allende,Chile,La casa de los espiritus,"Me habían recomendado que me diera masajes, pero nunca me gustó eso: detesto que me toquen manos mercenarias.",18
allende_lacasadelosespiritus_0167,Isabel Allende,Chile,La casa de los espiritus,Muchas veces me desvelé pensando que se podía morir al dar a luz y me encerraba con el doctor Cuevas a discutir la mejor forma de ayudarla.,27
allende_lacasadelosespiritus_0168,Isabel Allende,Chile,La casa de los espiritus,"Un día, faltando poco para la fecha del parto, Clara descendió sin previo aviso de su refugio brahamánico y volvió a hablar.",22
allende_lacasadelosespiritus_0169,Isabel Allende,Chile,La casa de los espiritus,"En parte porque lo necesitaba y en parte por venganza, me fui al burdel más conocido de la ciudad, que tenía un nombre histórico.",24
allende_lacasadelosespiritus_0170,Isabel Allende,Chile,La casa de los espiritus,"Llevaba el pelo ladeado sobre una oreja, un peinado que nunca me ha gustado, y a su paso se desprendía un terrible perfume almizclado que quedaba flotando en el aire, tan persistente como un gemido.",35
allende_lacasadelosespiritus_0171,Isabel Allende,Chile,La casa de los espiritus,"Allí quité personalmente el vestido de raso negro a Tránsito, desarmé su horrendo peinado y pude ver que en esos años había crecido, engordado y embellecido.",26
allende_lacasadelosespiritus_0172,Isabel Allende,Chile,La casa de los espiritus,"Tenía el cuerpo depilado y su piel había sido frotada con limón y miel de hamamelis, como me explicó hasta dejarla suave y blanca como la de una criatura.",29
allende_lacasadelosespiritus_0173,Isabel Allende,Chile,La casa de los espiritus,"En esta profesión una se desgasta mucho, hay que cuidarse.",10
allende_lacasadelosespiritus_0174,Isabel Allende,Chile,La casa de los espiritus,"Nunca me ha gustado eso, es muy peligroso.",8
allende_lacasadelosespiritus_0175,Isabel Allende,Chile,La casa de los espiritus,"En la calle hay que tener un cafiche, porque si no se arriesga mucho.",14
allende_lacasadelosespiritus_0176,Isabel Allende,Chile,La casa de los espiritus,Necesitan a un hombre para sentirse seguras y no se dan cuenta que lo único que hay que temer es a los mismos hombres.,24
allende_lacasadelosespiritus_0177,Isabel Allende,Chile,La casa de los espiritus,No soy como esas que andan puro quejándose y echándole la culpa a la mala suerte cuando les va mal.,20
allende_lacasadelosespiritus_0178,Isabel Allende,Chile,La casa de los espiritus,No me conviene salir de un capitalista para caer en otro.,11
allende_lacasadelosespiritus_0179,Isabel Allende,Chile,La casa de los espiritus,Lo que yo quiero es una cooperativa de putas.,9
allende_lacasadelosespiritus_0180,Isabel Allende,Chile,La casa de los espiritus,"Hay que hacer un muro de censura a su alrededor, ni periódicos, ni radio, ni visitas, ¡nada! Vigila a los sirvientes para que nadie se lo diga.",27
allende_lacasadelosespiritus_0181,Isabel Allende,Chile,La casa de los espiritus,Severo del Valle tuvo desde joven debilidad por los inventos modernos.,11
allende_lacasadelosespiritus_0182,Isabel Allende,Chile,La casa de los espiritus,Al principio fue combatido como un peligro público.,8
allende_lacasadelosespiritus_0183,Isabel Allende,Chile,La casa de los espiritus,"Al día siguiente, cuando el italiano llegó a su trabajo, encontró un corrillo de niños y vecinos burlándose de él.",20
allende_lacasadelosespiritus_0184,Isabel Allende,Chile,La casa de los espiritus,"Severo optó por llevar una piedra grande en el automóvil y cuando estacionaba en pendiente, un pasajero apretaba el freno de pie y el otro descendía rápidamente y ponía la piedra por delante de las ruedas.",36
allende_lacasadelosespiritus_0185,Isabel Allende,Chile,La casa de los espiritus,Una de las láminas entró por el parabrisas y decapitó a Nívea limpiamente.,13
allende_lacasadelosespiritus_0186,Isabel Allende,Chile,La casa de los espiritus,Férula se afanó con los preparativos mientras iba un sirviente a buscar al doctor Cuevas y a la comadrona.,19
allende_lacasadelosespiritus_0187,Isabel Allende,Chile,La casa de los espiritus,"Antes que llegaran el médico y la comadrona, ocultó debajo de la cama la cabeza de Nívea, para evitar engorrosas explicaciones.",21
allende_lacasadelosespiritus_0188,Isabel Allende,Chile,La casa de los espiritus,"La cabeza de Nívea se convirtió en un problema, porque no había donde ponerla para no estar viéndola.",18
allende_lacasadelosespiritus_0189,Isabel Allende,Chile,La casa de los espiritus,"Se enteraron, por conductos misteriosos al alcance de los iniciados, de la existencia de Clara, se pusieron en contacto telepático con ella y de inmediato comprendieron que eran hermanas astrales.",30
allende_lacasadelosespiritus_0190,Isabel Allende,Chile,La casa de los espiritus,"Sentía a su mujer cada vez más alejada, más rara e inaccesible, no podía alcanzarla ni con regalos, ni con sus tímidas muestras de ternura, ni con la pasión desenfrenada que lo conmovía siempre en su presencia.",37
allende_lacasadelosespiritus_0191,Isabel Allende,Chile,La casa de los espiritus,Vagaba por las habitaciones sin extrañarse de que todo estuviera en perfecto estado de orden y de limpieza.,18
allende_lacasadelosespiritus_0192,Isabel Allende,Chile,La casa de los espiritus,"Terminó de comer aprisa, pidió la cuenta y salió.",9
allende_lacasadelosespiritus_0193,Isabel Allende,Chile,La casa de los espiritus,"Buscando un poco de compañía y calor, se acostó a su lado procurando no despertarla y murmurando oraciones silenciosas para que aquello no fuera a degenerar en un terremoto.",29
allende_lacasadelosespiritus_0194,Isabel Allende,Chile,La casa de los espiritus,"Le anunció que la había echado de la casa, que le prohibía volver a mencionarla en su presencia y le sugirió que si tenía algo de decencia, tampoco la mencionara a sus espaldas.",33
allende_lacasadelosespiritus_0195,Isabel Allende,Chile,La casa de los espiritus,"Nació en los barrios de los indigentes, por culpa del invierno, de la desnutrición, del agua sucia de las acequias.",20
allende_lacasadelosespiritus_0196,Isabel Allende,Chile,La casa de los espiritus,Los contagiados empezaban a tiritar con un frío de lápida en los huesos y a poco eran presas del estupor.,20
allende_lacasadelosespiritus_0197,Isabel Allende,Chile,La casa de los espiritus,"La ausencia de Férula se sintió como un cataclismo en la casa y hasta la Nana, que siempre había deseado que ese momento llegara algún día, se conmovió.",28
allende_lacasadelosespiritus_0198,Isabel Allende,Chile,La casa de los espiritus,¡Es muy fácil estirar la mano y pedir limosna! Yo creo en el esfuerzo y en la recompensa.,18
allende_lacasadelosespiritus_0199,Isabel Allende,Chile,La casa de los espiritus,Por eso no aceptaré ideas bolcheviques en mi casa.,9
allende_lacasadelosespiritus_0200,Isabel Allende,Chile,La casa de los espiritus,"Se quedó toda la tarde pensativo, rumiando el cuento del zorro y las gallinas, y tal vez ése fue el instante en que el niño comenzó a hacerse hombre.",29
allende_lacasadelosespiritus_0201,Isabel Allende,Chile,La casa de los espiritus,"Amaba los altos corredores de piedra, la limpieza inmaculada de los pisos de mármol, los blancos muros desnudos, el Cristo de fierro que vigilaba la entrada.",26
allende_lacasadelosespiritus_0202,Isabel Allende,Chile,La casa de los espiritus,"En su enorme cama de bronce, dolida y extrañada, hundió la cara en la almohada y lloró con desconsuelo.",19
allende_lacasadelosespiritus_0203,Isabel Allende,Chile,La casa de los espiritus,"Esa noche Blanca durmió mal y despertó al amanecer, rodeada por las sombras de la amplia habitación.",17
allende_lacasadelosespiritus_0204,Isabel Allende,Chile,La casa de los espiritus,Sonrió con una nueva y delicada sonrisa de mujer.,9
allende_lacasadelosespiritus_0205,Isabel Allende,Chile,La casa de los espiritus,"Respiró el perfume de la tierra mojada, de las hojas podridas, del humus, que despertaba un placer desconocido en sus sentidos.",21
allende_lacasadelosespiritus_0206,Isabel Allende,Chile,La casa de los espiritus,"Al verla, se puso de pie y ella calculó que medía media cabeza más que él.",16
allende_lacasadelosespiritus_0207,Isabel Allende,Chile,La casa de los espiritus,"Caminaron, saboreando aquel amanecer del mundo, arrastrando los pies en el barro, recogiendo tallos tiernos para chuparles la savia mirándose y sonriendo, sin hablar, hasta que llegaron a un potrero lejano.",31
allende_lacasadelosespiritus_0208,Isabel Allende,Chile,La casa de los espiritus,Pedro le indicó que se tirara al suelo y guardara silencio.,11
allende_lacasadelosespiritus_0209,Isabel Allende,Chile,La casa de los espiritus,"Otras veces se escondían en los lugares más secretos y tupidos del bosque, hacían lechos de hoja y jugaban a que estaban casados, acariciándose hasta la extenuación.",27
allende_lacasadelosespiritus_0210,Isabel Allende,Chile,La casa de los espiritus,Ya no competían para ver quién era capaz de hacer el charco más grande de orina y Blanca no le habló de aquella materia oscura que le manchaba los calzones una vez al mes.,34
allende_lacasadelosespiritus_0211,Isabel Allende,Chile,La casa de los espiritus,"Blanca alcanzó a pararse para ir a su encuentro, pero Clara, que se sentaba a su lado, estiró la mano y la sujetó de un brazo.",26
allende_lacasadelosespiritus_0212,Isabel Allende,Chile,La casa de los espiritus,Esteban Trueba soltó los cubiertos de trinchar el asado sobre el mantel y salió corriendo del comedor.,17
allende_lacasadelosespiritus_0213,Isabel Allende,Chile,La casa de los espiritus,"Entretanto Clara ordenó a un sirviente que fuera a buscar los abrigos y cuando su esposo regresó, estaba colocándose el suyo y tenía las llaves del automóvil en la mano.",30
allende_lacasadelosespiritus_0214,Isabel Allende,Chile,La casa de los espiritus,"Durante esos años de soledad, ella había vivido en uno de aquellos conventillos donde iba a rezar el rosario contra la voluntad de los beneficiados en los tiempos de su juventud.",31
allende_lacasadelosespiritus_0215,Isabel Allende,Chile,La casa de los espiritus,En el centro de la callejuela había un único pilón de agua para abastecer a todas las familias que vivían allí y sólo dos faroles alumbraban el corredor entre las casas.,31
allende_lacasadelosespiritus_0216,Isabel Allende,Chile,La casa de los espiritus,"El padre Antonio señaló una de las viviendas, igual a las demás, triste, descascarada y sucia, pero la única que tenía dos tarros colgando junto a la puerta donde crecían unas pequeñas matas de cardenales, la flor del pobre.",39
allende_lacasadelosespiritus_0217,Isabel Allende,Chile,La casa de los espiritus,La señorita nunca pone llave en la puerta.,8
allende_lacasadelosespiritus_0218,Isabel Allende,Chile,La casa de los espiritus,"Vio pelucas tristes, potiches con afeites, frascos vacíos y un descomedimiento de artículos imposibles sembrados por todos lados.",18
allende_lacasadelosespiritus_0219,Isabel Allende,Chile,La casa de los espiritus,"Engalanada como reina austríaca, vestía un traje de terciopelo apolillado, enaguas de tafetán amarillo y sobre su cabeza, firmemente encasquetada, brillaba una increíble peluca rizada de cantante de ópera.",29
allende_lacasadelosespiritus_0220,Isabel Allende,Chile,La casa de los espiritus,"Nadie estaba con ella, nadie supo de su agonía y calcularon que hacía muchas horas que había muerto, porque los ratones comenzaban ya a mordisquearle los pies y a devorarle los dedos.",32
allende_lacasadelosespiritus_0221,Isabel Allende,Chile,La casa de los espiritus,Estaba magnífica en su desolación de reina y tenía en el rostro la expresión dulce y serena que nunca tuvo en su existencia de pesadumbre.,25
allende_lacasadelosespiritus_0222,Isabel Allende,Chile,La casa de los espiritus,Tuvieron que abrirse paso apartando a los curiosos y espantando a los perros que olisqueaban entre la gente.,18
allende_lacasadelosespiritus_0223,Isabel Allende,Chile,La casa de los espiritus,"Trató de impedir que fuera al liceo inventándole tareas de hombre grande, pero el muchacho se levantaba más temprano y se acostaba más tarde, para cumplirlas.",26
allende_lacasadelosespiritus_0224,Isabel Allende,Chile,La casa de los espiritus,La Nana observó la escena con el rabillo del ojo y sonrió burlona.,13
allende_lacasadelosespiritus_0225,Isabel Allende,Chile,La casa de los espiritus,Respiró profundamente y el aire le llevó el olor dulzón de los duraznos que se secaban en el patio para las conservas.,22
allende_lacasadelosespiritus_0226,Isabel Allende,Chile,La casa de los espiritus,"Uno, más audaz que los otros, se acercó a olerla.",10
allende_lacasadelosespiritus_0227,Isabel Allende,Chile,La casa de los espiritus,Pedro Tercero la esperaba en el mismo sitio donde se habían juntado el verano anterior y donde muchos años antes Esteban Trueba se había apoderado de la humilde virginidad de Pancha García.,32
allende_lacasadelosespiritus_0228,Isabel Allende,Chile,La casa de los espiritus,"La luna recorrió todo el horizonte, pero ellos no la vieron, porque estaban ocupados en explorar su más profunda intimidad, metiéndose cada uno en el pellejo del otro, insaciablemente.",29
allende_lacasadelosespiritus_0229,Isabel Allende,Chile,La casa de los espiritus,Así pasaron todo el verano y muchos años más tarde los dos recordarían esas noches vehementes como la mejor época de sus vidas.,23
allende_lacasadelosespiritus_0230,Isabel Allende,Chile,La casa de los espiritus,Comenzó el cataclismo a las cuatro de la madrugada.,9
allende_lacasadelosespiritus_0231,Isabel Allende,Chile,La casa de los espiritus,"Se necesitaron cuatro hombres al mando de Pedro Segundo, para remover el cerro de polvo, tejas y adobes que lo cubría.",21
allende_lacasadelosespiritus_0232,Isabel Allende,Chile,La casa de los espiritus,"Clara se fue encima de su hija y le dio un par de bofetadas, pero luego la abrazó llorando, aliviada por saberla a salvo y tenerla a su lado.",29
allende_lacasadelosespiritus_0233,Isabel Allende,Chile,La casa de los espiritus,"Eran tantos sus huesos rotos, que no se podían contar, pero estaba vivo y tenía los ojos abiertos.",18
allende_lacasadelosespiritus_0234,Isabel Allende,Chile,La casa de los espiritus,"La gran casa de la esquina crujió como una nuez, se agrietaron sus paredes y la gran lámpara de lágrimas de cristal del comedor cayó con un clamor de mil campanas, haciéndose añicos.",33
allende_lacasadelosespiritus_0235,Isabel Allende,Chile,La casa de los espiritus,"Entraron a buscarla y la encontraron en su camastro, con los ojos desorbitados y el poco pelo que le quedaba erizado de pavor.",23
allende_lacasadelosespiritus_0236,Isabel Allende,Chile,La casa de los espiritus,No asistió a su funeral ninguno de los numerosos hijos ajenos que ella con tanto amor crió.,17
allende_lacasadelosespiritus_0237,Isabel Allende,Chile,La casa de los espiritus,"En Las Tres Marías, Pedro Segundo García volvió a asumir el cargo de administrador, ante la imposibilidad del patrón de moverse de su cama.",24
allende_lacasadelosespiritus_0238,Isabel Allende,Chile,La casa de los espiritus,"Comenzaron por enterrar a sus muertos en el cementerio al pie del volcán, que milagrosamente se había salvado del río de lava que descendió por las laderas del cerro maldito.",30
allende_lacasadelosespiritus_0239,Isabel Allende,Chile,La casa de los espiritus,"Pedro Tercero tuvo que renunciar a sus paseos al pueblo, porque su padre lo requería a su lado.",18
allende_lacasadelosespiritus_0240,Isabel Allende,Chile,La casa de los espiritus,"Por primera vez en su vida se hizo cargo, sin ninguna ayuda, de los asuntos materiales, porque ya no contaba con su marido, con Férula o con la Nana.",29
allende_lacasadelosespiritus_0241,Isabel Allende,Chile,La casa de los espiritus,"Ese hombre leal y silencioso, estaba siempre presente, al alcance de su voz, dando algo de estabilidad al bamboleo borrascoso que había entrado en su vida.",26
allende_lacasadelosespiritus_0242,Isabel Allende,Chile,La casa de los espiritus,La apreciaba tanto como odiaba a Esteban Trueba.,8
allende_lacasadelosespiritus_0243,Isabel Allende,Chile,La casa de los espiritus,"Cuando fueron a colocarles el teléfono, a la casa le faltaba mucho para estar habitable.",15
allende_lacasadelosespiritus_0244,Isabel Allende,Chile,La casa de los espiritus,"El horrendo uniforme gris la hacía ver mucho menor de lo que era, a pesar de que sus formas de mujer rebasaban por las costuras.",25
allende_lacasadelosespiritus_0245,Isabel Allende,Chile,La casa de los espiritus,Su madre parecía haberse convertido en una señora común y silvestre.,11
allende_lacasadelosespiritus_0246,Isabel Allende,Chile,La casa de los espiritus,"Clara abrió sus cajones, sacó la maleta de cartón que usó la buena mujer durante medio siglo y revisó su ropero.",21
allende_lacasadelosespiritus_0247,Isabel Allende,Chile,La casa de los espiritus,"Desde que el joven era perseguido por los patrones, ganó fama de héroe.",13
allende_lacasadelosespiritus_0248,Isabel Allende,Chile,La casa de los espiritus,Estaba dividido entre el amor por su hijo y su papel de guardián de la propiedad.,16
allende_lacasadelosespiritus_0249,Isabel Allende,Chile,La casa de los espiritus,"Sólo nos encontrábamos a la hora de la comida y entonces era yo el que hacía toda la conversación, porque ella parecía vagar en las nubes.",26
allende_lacasadelosespiritus_0250,Isabel Allende,Chile,La casa de los espiritus,"Yo mismo tuve que disponer dónde se colocarían las cosas, porque a ella parecía no importarle en lo más mínimo.",20
allende_lacasadelosespiritus_0251,Isabel Allende,Chile,La casa de los espiritus,"Cualquier mujer se habría encantado con todo eso y habría tenido ocupación para varios meses organizando su casa, menos Clara, que era impermeable a esas cosas.",26
allende_lacasadelosespiritus_0252,Isabel Allende,Chile,La casa de los espiritus,"Después del derrumbe reconstruimos la pulpería y por darle gusto, suprimí el sistema de papelitos rosados y empecé a pagar a la gente con billetes, porque Clara decía que eso les permitía comprar en el pueblo y ahorrar.",38
allende_lacasadelosespiritus_0253,Isabel Allende,Chile,La casa de los espiritus,"No creo que la culpa de todo fuera mi mal genio, porque yo era un buen marido, ni sombra del tarambana que había sido de soltero.",26
allende_lacasadelosespiritus_0254,Isabel Allende,Chile,La casa de los espiritus,"Primero pensé que tenía alguno de esos misteriosos malestares que dan a las mujeres de vez en cuando, o bien la menopausia, pero cuando el asunto se prolongó por varias semanas, decidí hablar con ella.",35
allende_lacasadelosespiritus_0255,Isabel Allende,Chile,La casa de los espiritus,"Cuando ya no podía más, me echaba un largo trago de aguardiente y dos aspirinas al gaznate, pero eso no me aliviaba.",22
allende_lacasadelosespiritus_0256,Isabel Allende,Chile,La casa de los espiritus,"En las tardes se sentaba a escribir y yo fingía saborear mi pipa, pero en realidad la estaba espiando de reojo.",21
allende_lacasadelosespiritus_0257,Isabel Allende,Chile,La casa de los espiritus,"Esteban Trueba no era aventurero en ningún aspecto de la vida, pero el conde francés tenía la gracia alada y el ingenio que podían cautivarlo, por eso perdió muchas noches desvelado estudiando la proposición de las chinchillas y sacando cuentas.",40
allende_lacasadelosespiritus_0258,Isabel Allende,Chile,La casa de los espiritus,"Entretanto, monsieur De Satigny, pasaba largas temporadas en Las Tres Marías, como invitado de honor.",15
allende_lacasadelosespiritus_0259,Isabel Allende,Chile,La casa de los espiritus,"Jugaba con su pelotita a pleno sol, bebía cantidades exorbitantes de jugo de melón sin azúcar y rondaba delicadamente las cerámicas de Blanca.",23
allende_lacasadelosespiritus_0260,Isabel Allende,Chile,La casa de los espiritus,"Se sintió muy satisfecho de que su hija, tan aburrida y de mala salud, hubiera atrapado al galán más solicitado de la región.",23
allende_lacasadelosespiritus_0261,Isabel Allende,Chile,La casa de los espiritus,Cinco minutos después se abrió la puerta violentamente y el conde vio salir a la joven con las mejillas arreboladas.,20
allende_lacasadelosespiritus_0262,Isabel Allende,Chile,La casa de los espiritus,"Otro menos tenaz, habría cogido sus valijas y se habría ido al único hotel del pueblo, pero el conde dijo a Esteban que estaba seguro de conseguir el amor de la joven, siempre que le dieran tiempo para ello.",39
allende_lacasadelosespiritus_0263,Isabel Allende,Chile,La casa de los espiritus,"Ninguno de los dos hermanos supo apreciar los encantos del noble francés, a pesar de que él hizo discretos esfuerzos por ganar la simpatía de los jóvenes.",27
allende_lacasadelosespiritus_0264,Isabel Allende,Chile,La casa de los espiritus,"No podía comprender el entusiasmo de Jean de Satigny por pasar la mañana persiguiendo una bola con un palo para meterla en un hoyo, cuando era tanto más fácil colocarla con la mano.",33
allende_lacasadelosespiritus_0265,Isabel Allende,Chile,La casa de los espiritus,Ahora yo te voy a demostrar que el que tiene la razón eres tú y el equivocado soy yo.,19
allende_lacasadelosespiritus_0266,Isabel Allende,Chile,La casa de los espiritus,"Jaime se acostumbró a dar la cara por Nicolás y llegó a parecerle natural ser castigado en su lugar, hacer sus tareas y tapar sus mentiras.",26
allende_lacasadelosespiritus_0267,Isabel Allende,Chile,La casa de los espiritus,"En aquella región sembrada de hijos ilegítimos y de otros legítimos que no conocían a su padre, él fue probablemente el único que creció odiando su apellido.",27
allende_lacasadelosespiritus_0268,Isabel Allende,Chile,La casa de los espiritus,"Acomodaron su cuerpo en un cajón de pino rústico, con su traje dominguero, el mismo que usó cuando se casó y que se ponía para votar y recibir sus cincuenta pesos en Navidad.",33
allende_lacasadelosespiritus_0269,Isabel Allende,Chile,La casa de los espiritus,"Jean de Satigny se entusiasmó con el funeral, extrajo de su equipaje una máquina fotográfica con trípode y tomó tantos retratos al muerto, que sus familiares pensaron que le podía robar el alma y, por precaución, destrozaron las placas.",39
allende_lacasadelosespiritus_0270,Isabel Allende,Chile,La casa de los espiritus,"Volvió a hacerlo durante las tres noches siguientes, hasta que los sacerdotes se fueron.",14
allende_lacasadelosespiritus_0271,Isabel Allende,Chile,La casa de los espiritus,"Además, si ganan los de su partido, nos van a echar a la calle, no tendremos trabajo.",17
allende_lacasadelosespiritus_0272,Isabel Allende,Chile,La casa de los espiritus,Mandaremos gente del partido para controlar las mesas de votación y ver que sellen las urnas.,16
allende_lacasadelosespiritus_0273,Isabel Allende,Chile,La casa de los espiritus,"Era un visitante encantador, bien educado, tranquilo y alegre.",9
allende_lacasadelosespiritus_0274,Isabel Allende,Chile,La casa de los espiritus,A Esteban Trueba todo eso le tenía sin cuidado.,9
allende_lacasadelosespiritus_0275,Isabel Allende,Chile,La casa de los espiritus,"Para él era suficiente que el conde estuviera dispuesto a entretenerlo con una partida de ajedrez o de dominó, que fuera ingenioso y simpático y nunca pidiera dinero prestado.",29
allende_lacasadelosespiritus_0276,Isabel Allende,Chile,La casa de los espiritus,"Se había corrido la voz de que Jean pretendía a Blanca Trueba, pero no por eso dejó de ser el galán predilecto de las madres casamenteras.",26
allende_lacasadelosespiritus_0277,Isabel Allende,Chile,La casa de los espiritus,"Hablaban de Europa, de libros, de anécdotas familiares de Blanca o de los viajes de Jean.",16
allende_lacasadelosespiritus_0278,Isabel Allende,Chile,La casa de los espiritus,"De todos modos, para prevenir, Blanca le hizo saber, cada vez que se presentó la ocasión, que no se casaría ni muerta con él.",24
allende_lacasadelosespiritus_0279,Isabel Allende,Chile,La casa de los espiritus,"La seguía un trecho, pero se revolvía, temeroso de que lo sorprendieran los perros en la oscuridad.",17
allende_lacasadelosespiritus_0280,Isabel Allende,Chile,La casa de los espiritus,"Pero, por la dirección que ella tomaba, había podido determinar que siempre iba rumbo al río.",16
allende_lacasadelosespiritus_0281,Isabel Allende,Chile,La casa de los espiritus,"Jean vio horrorizado aquellos cadáveres despelucados, con las patas tiesas y los ojos en blanco, que echaban por tierra las esperanzas de convencer a Esteban Trueba, quien perdió todo entusiasmo por la peletería al ver esa mortandad.",37
allende_lacasadelosespiritus_0282,Isabel Allende,Chile,La casa de los espiritus,Empezaba a estar cansado de aquellas tramitaciones y pensaba que Blanca jamás se iba a fijar en sus encantos.,19
allende_lacasadelosespiritus_0283,Isabel Allende,Chile,La casa de los espiritus,"Vio que el criadero de roedores no tenía para cuándo concretarse y decidió que era mejor precipitar las cosas, antes que otro más avispado se quedara con la heredera.",29
allende_lacasadelosespiritus_0284,Isabel Allende,Chile,La casa de los espiritus,"En esas ocasiones, la joven se quedaba sin cenar, pretextando dolor de cabeza, se despedía temprano y había un brillo extraño en sus pupilas, una impaciencia y un anhelo en sus gestos que él reconocía.",35
allende_lacasadelosespiritus_0285,Isabel Allende,Chile,La casa de los espiritus,"Anduvo un buen cuarto de hora antes de avistar los primeros cañaverales de la orilla y entonces duplicó su prudencia y se acercó con más sigilo, cuidando sus pisadas para que no aplastaran ramas que pudieran delatarlo.",37
allende_lacasadelosespiritus_0286,Isabel Allende,Chile,La casa de los espiritus,"El administrador había empalidecido mortalmente, pero no dijo ni una sola palabra.",12
allende_lacasadelosespiritus_0287,Isabel Allende,Chile,La casa de los espiritus,"Perdió el control y descargó un puñetazo en la cara a su mujer, tirándola contra la pared: Clara se desplomó sin un grito.",23
allende_lacasadelosespiritus_0288,Isabel Allende,Chile,La casa de los espiritus,"El fiel administrador llegó a su casa de ladrillos, hizo un bulto con sus escasas pertenencias, envolvió en un pañuelo el poco dinero que había podido ahorrar en todos esos años de servicio y partió.",35
allende_lacasadelosespiritus_0289,Isabel Allende,Chile,La casa de los espiritus,Me rompí los nudillos golpeando las paredes y reventé un caballo galopando para espantar la furia que me estaba consumiendo las entrañas.,22
allende_lacasadelosespiritus_0290,Isabel Allende,Chile,La casa de los espiritus,"Al entrar a la zona boscosa, cambió el paisaje y refrescó, porque los árboles se erguían en apretadas filas, cerrando el paso a la luz del sol.",27
allende_lacasadelosespiritus_0291,Isabel Allende,Chile,La casa de los espiritus,"Por momentos la tristeza me invadía, era más fuerte que el enojo que había estado incubando durante tanto tiempo, más fuerte que el odio que sentía por Pedro Tercero García.",30
allende_lacasadelosespiritus_0292,Isabel Allende,Chile,La casa de los espiritus,No sentía mis sesenta años ni los dolores en mis viejos huesos aporreados.,13
allende_lacasadelosespiritus_0293,Isabel Allende,Chile,La casa de los espiritus,"Entré al galpón arrastrándome silenciosamente, el corazón me golpeaba como un tambor.",12
allende_lacasadelosespiritus_0294,Isabel Allende,Chile,La casa de los espiritus,Levanté la escopeta y me adelanté un par de pasos.,10
allende_lacasadelosespiritus_0295,Isabel Allende,Chile,La casa de los espiritus,"Estaba tan cerca, que podía alcanzarla estirando apenas el brazo y eso es lo que hice sin pensarlo dos veces.",20
allende_lacasadelosespiritus_0296,Isabel Allende,Chile,La casa de los espiritus,"Los árboles dificultaban la marcha, los caballos tropezaban con las piedras y los matorrales, las ramas nos golpeaban al pasar.",20
allende_lacasadelosespiritus_0297,Isabel Allende,Chile,La casa de los espiritus,"Dicen, entre otras cosas, que he matado a uno o a varios hombres en mi vida.",16
allende_lacasadelosespiritus_0298,Isabel Allende,Chile,La casa de los espiritus,Ya me falta muy poco para estar enterrado.,8
allende_lacasadelosespiritus_0299,Isabel Allende,Chile,La casa de los espiritus,"Los seres de otros planetas entraban, para ella, en la misma categoría de las ánimas y no podía, por lo tanto, comprender el apasionamiento de su madre y los demás por identificarlos.",32
allende_lacasadelosespiritus_0300,Isabel Allende,Chile,La casa de los espiritus,Clara estaba dichosa de vivir con sus hijos y se dispuso a iniciar una relación amistosa.,16
allende_lacasadelosespiritus_0301,Isabel Allende,Chile,La casa de los espiritus,Clara se dio cuenta de que no le pertenecían.,9
allende_lacasadelosespiritus_0302,Isabel Allende,Chile,La casa de los espiritus,La joven engordaba a ojos vista y parecía cada día más lánguida y malhumorada.,14
allende_lacasadelosespiritus_0303,Isabel Allende,Chile,La casa de los espiritus,"Nicolás levantó la vista de sus prácticas de horóscopo chino y sugirió que había que decírselo al padre, porque dentro de un par de semanas el asunto ya no podría disimularse y todo el mundo se iba a enterar.",39
allende_lacasadelosespiritus_0304,Isabel Allende,Chile,La casa de los espiritus,"Nicolás redactó el mensaje con el mismo espíritu criptográfico con que hacía versos a Amanda, para que la telegrafista del pueblo no pudiera entender el telegrama y propagar el chisme: « Envíe instrucciones en cinta blanca.",36
allende_lacasadelosespiritus_0305,Isabel Allende,Chile,La casa de los espiritus,"A Jaime le tocó explicárselo y agregó que el embarazo estaba tan avanzado, que no se podía pensar en ninguna solución drástica.",22
allende_lacasadelosespiritus_0306,Isabel Allende,Chile,La casa de los espiritus,Nunca se le había ocurrido la idea de que una hija suya pudiera cometer un desatino tan monstruoso.,18
allende_lacasadelosespiritus_0307,Isabel Allende,Chile,La casa de los espiritus,"Finalmente, cuando se calmó un poco, le vino una idea salvadora a la mente.",14
allende_lacasadelosespiritus_0308,Isabel Allende,Chile,La casa de los espiritus,Hizo ensillar su caballo y se fue al galope hasta el pueblo.,12
allende_lacasadelosespiritus_0309,Isabel Allende,Chile,La casa de los espiritus,"Trueba procedió a explicarle las cláusulas del contrato matrimonial, lo cual tranquilizó bastante al francés.",15
allende_lacasadelosespiritus_0310,Isabel Allende,Chile,La casa de los espiritus,El aire parecía irrespirable y hasta los pájaros se callaron en sus jaulas.,13
allende_lacasadelosespiritus_0311,Isabel Allende,Chile,La casa de los espiritus,"Como era de temperamento optimista y estaba dotado del sentido práctico propio de los de su raza, optó por lo segundo y en el transcurso de la semana se fue tranquilizando.",31
allende_lacasadelosespiritus_0312,Isabel Allende,Chile,La casa de los espiritus,No se le ocurra ponerse a predicar alguna religión hereje entre los invitados ¡y diga a esa bruja que lo acompaña que se cierre el escote!,26
allende_lacasadelosespiritus_0313,Isabel Allende,Chile,La casa de los espiritus,"Separada de su hija, con quien siempre había estado muy unida, Clara entró en otro de sus períodos confusos y depresivos.",21
allende_lacasadelosespiritus_0314,Isabel Allende,Chile,La casa de los espiritus,"Además, Blanca no era proclive a los experimentos psíquicos y a pesar de haber estado siempre muy cerca de su madre, jamás demostró ni la menor curiosidad por los fenómenos de la mente.",33
allende_lacasadelosespiritus_0315,Isabel Allende,Chile,La casa de los espiritus,"Era una mujer práctica, terrenal y desconfiada, y su naturaleza moderna y pragmática era un grave obstáculo para la telepatía.",20
allende_lacasadelosespiritus_0316,Isabel Allende,Chile,La casa de los espiritus,Las tres hermanas Mora querían mucho al muchacho.,8
allende_lacasadelosespiritus_0317,Isabel Allende,Chile,La casa de los espiritus,"Clara pasaba el invierno tejiendo apresuradamente prendas de lana ordinaria, para mantenerlo abrigado, pero él las usaba sólo hasta que otro más necesitado se le ponía por delante.",28
allende_lacasadelosespiritus_0318,Isabel Allende,Chile,La casa de los espiritus,"Le parecía que cualquier diversión que lo apartara de sus libros o le quitara su tiempo, era una traición a la humanidad que había jurado servir.",26
allende_lacasadelosespiritus_0319,Isabel Allende,Chile,La casa de los espiritus,La ocasión sirvió para sacudir el polvo al zocucho y espantar los bichos y pajarracos a escobazos.,17
allende_lacasadelosespiritus_0320,Isabel Allende,Chile,La casa de los espiritus,"A la única persona que permitió opinar sobre la educación de Miguel fue a Clara, quien la pudo convencer de que había que enviarlo a la escuela, para que no fuera un ermitaño analfabeto.",34
allende_lacasadelosespiritus_0321,Isabel Allende,Chile,La casa de los espiritus,Clara la acompañó porque se sentía culpable de tanto dolor ajeno y empezaba a dudar de la sabiduría de su iniciativa.,21
allende_lacasadelosespiritus_0322,Isabel Allende,Chile,La casa de los espiritus,"Por delante se veían las columnas heroicas y el jardín versallesco, pero hacia detrás se perdía el estilo.",18
allende_lacasadelosespiritus_0323,Isabel Allende,Chile,La casa de los espiritus,A partir de esa noche disminuyó la hostilidad entre los dos.,11
allende_lacasadelosespiritus_0324,Isabel Allende,Chile,La casa de los espiritus,"Se preocupaba del bienestar de su marido, lo secundaba en su trabajo y lo acompañaba cuando se lo pedía.",19
allende_lacasadelosespiritus_0325,Isabel Allende,Chile,La casa de los espiritus,"Con la nueva posición de Esteban Trueba, aumentó el número de personas que atender en la gran casa de la esquina.",21
allende_lacasadelosespiritus_0326,Isabel Allende,Chile,La casa de los espiritus,Sus dos hijos lo eludían y con Blanca no había vuelto a tener ningún contacto.,15
allende_lacasadelosespiritus_0327,Isabel Allende,Chile,La casa de los espiritus,"Desde allí promovía el socialismo y rumiaba su disgusto de que Blanca se hubiera casado con otro, negándose a aceptar las explicaciones y las palabras de consuelo de Jaime.",29
allende_lacasadelosespiritus_0328,Isabel Allende,Chile,La casa de los espiritus,Un día lo invitaron a un programa de radio y ése fue el comienzo de una vertiginosa popularidad que ni él mismo esperaba.,23
allende_lacasadelosespiritus_0329,Isabel Allende,Chile,La casa de los espiritus,"Los consideraba instrumentos propios de la gente inculta, portadores de influencias nefastas y de ideas vulgares.",16
allende_lacasadelosespiritus_0330,Isabel Allende,Chile,La casa de los espiritus,"Andaba en esos días con la ilusión de cruzar la cordillera, igual como muchos años antes lo intentara su tío abuelo Marcos, en un medio de transporte poco usual.",29
allende_lacasadelosespiritus_0331,Isabel Allende,Chile,La casa de los espiritus,"Había elegido elevarse en globo, convencido de que el espectáculo de un gigantesco globo suspendido entre las nubes, sería un irresistible elemento publicitario que cualquier bebida gaseosa podía auspiciar.",29
allende_lacasadelosespiritus_0332,Isabel Allende,Chile,La casa de los espiritus,En el último momento apareció una camioneta llena de policías en el parque público que Nicolás había elegido para elevarse.,20
allende_lacasadelosespiritus_0333,Isabel Allende,Chile,La casa de los espiritus,"La pensión donde vivía Amanda con su hermanito resultó ser una vetusta casa que medio siglo atrás probablemente tuvo algún esplendor ostentoso, pero lo perdió a medida que la ciudad fue extendiéndose hacia las laderas de la cordillera.",38
allende_lacasadelosespiritus_0334,Isabel Allende,Chile,La casa de los espiritus,Ella se levantó de la cama a preparar una taza de té para los dos y Nicolás vio que usaba una enagua vieja a modo de camisa de dormir.,29
allende_lacasadelosespiritus_0335,Isabel Allende,Chile,La casa de los espiritus,"La pobreza le parecía un concepto abstracto y lejano, aplicable a los inquilinos de Las Tres Marías y los indigentes que su hermano Jaime socorría, pero con los cuales él nunca había estado en contacto.",35
allende_lacasadelosespiritus_0336,Isabel Allende,Chile,La casa de los espiritus,"Amanda, su Amanda tan próxima y conocida, de pronto era una extraña.",12
allende_lacasadelosespiritus_0337,Isabel Allende,Chile,La casa de los espiritus,Del padre y del resto de sus hermanos no había vuelto a saber.,13
allende_lacasadelosespiritus_0338,Isabel Allende,Chile,La casa de los espiritus,"Nicolás sentía crecer en su interior el deseo de protegerla y cuidarla, de compensarle todas las carencias.",17
allende_lacasadelosespiritus_0339,Isabel Allende,Chile,La casa de los espiritus,"Jaime recibió a su hermano en su túnel de libros, recostado en el camastro de conscripto, iluminado por la luz del único bombillo que colgaba del techo.",27
allende_lacasadelosespiritus_0340,Isabel Allende,Chile,La casa de los espiritus,En los últimos tiempos no tenían nada que hablar y se saludaban con una inclinación de cabeza las raras veces que se tropezaban en el umbral de la puerta.,29
allende_lacasadelosespiritus_0341,Isabel Allende,Chile,La casa de los espiritus,"Ahora, Jaime tenía a su hermano al frente, mirándolo con la expresión culpable y suplicante que había empleado tantas veces para remover su afecto.",24
allende_lacasadelosespiritus_0342,Isabel Allende,Chile,La casa de los espiritus,"Ella lo estaba esperando sentada en la única silla de su cuarto tomada de la mano de Miguel, sumidos en una mutua complicidad de la cual, como siempre, Nicolás se sintió excluido.",32
allende_lacasadelosespiritus_0343,Isabel Allende,Chile,La casa de los espiritus,Jaime los estaba esperando en la puerta del consultorio.,9
allende_lacasadelosespiritus_0344,Isabel Allende,Chile,La casa de los espiritus,"Quiso evitarle la pena de desnudarse y evitarse él mismo la inquietud de observarla, de modo que la ayudó a acostarse vestida sobre la mesa.",25
allende_lacasadelosespiritus_0345,Isabel Allende,Chile,La casa de los espiritus,"Acarició sus manos transparentes, sus finos dedos, la caracola de sus orejas, recorrió su cuello oyendo el rumor imperceptible de la vida en sus venas.",25
allende_lacasadelosespiritus_0346,Isabel Allende,Chile,La casa de los espiritus,"Estuvieron así, respirando juntos en completa calma, como dos hermanos, hasta que comenzó a aclarar y la luz de la ventana fue más fuerte que la de la lámpara.",29
allende_lacasadelosespiritus_0347,Isabel Allende,Chile,La casa de los espiritus,Prepararon uno de los cuartos de huéspedes y Amanda se acostó.,11
allende_lacasadelosespiritus_0348,Isabel Allende,Chile,La casa de los espiritus,"Esteban Trueba acabó de perder la paciencia y regresó a su patria dispuesto a no prestar atención al problema de la estatura, puesto que todos los grandes políticos de la historia habían sido pequeños, desde Napoleón hasta Hitler.",38
allende_lacasadelosespiritus_0349,Isabel Allende,Chile,La casa de los espiritus,Allí instaló la cuna de bronce donde había criado a sus tres hijos.,13
allende_lacasadelosespiritus_0350,Isabel Allende,Chile,La casa de los espiritus,"Analizando el pasado, cuando ya era una mujer madura, llegó a la conclusión de que la causa principal fue el miedo que sentía por su padre.",26
allende_lacasadelosespiritus_0351,Isabel Allende,Chile,La casa de los espiritus,"Jean entró al baño, donde se demoró tanto, que cuando reapareció en la habitación Blanca estaba medio dormida.",18
allende_lacasadelosespiritus_0352,Isabel Allende,Chile,La casa de los espiritus,Al día siguiente Jean fue al banco a cambiar un cheque de su suegro y pasó casi todo el día recorriendo las tiendas del centro para comprarse el ajuar de novio que consideró apropiado para su nueva posición económica.,39
allende_lacasadelosespiritus_0353,Isabel Allende,Chile,La casa de los espiritus,"Mientras Esteban seguía gritando y Nicolás iba a buscar el coche para devolverla a su marido, ellas dos cuchicheaban como en los viejos tiempos.",24
allende_lacasadelosespiritus_0354,Isabel Allende,Chile,La casa de los espiritus,"Cada vez que Blanca comentaba con su marido las extrañas cosas que veía entre los sirvientes, él decía que eran costumbres de indios y que no había que hacerles caso.",30
allende_lacasadelosespiritus_0355,Isabel Allende,Chile,La casa de los espiritus,"Apenas se repuso del susto y consiguió sacar la voz, llamó a gritos a la cocinera y le señaló el plato con un dedo tembloroso.",25
allende_lacasadelosespiritus_0356,Isabel Allende,Chile,La casa de los espiritus,Los cuartos más apartados de la casa fueron destinados a la manía de Jean por la fotografía.,17
allende_lacasadelosespiritus_0357,Isabel Allende,Chile,La casa de los espiritus,Los primeros meses de su vida de casada transcurrieron apacibles y aburridos.,12
allende_lacasadelosespiritus_0358,Isabel Allende,Chile,La casa de los espiritus,Se negó a la vida social y Jean de Satigny acabó por ir solo a las numerosas invitaciones que recibían.,20
allende_lacasadelosespiritus_0359,Isabel Allende,Chile,La casa de los espiritus,Jean tenía una idea muy peculiar sobre la economía doméstica.,10
allende_lacasadelosespiritus_0360,Isabel Allende,Chile,La casa de los espiritus,"Se compró un automóvil último modelo, con asientos forrados en piel de leopardo y perillas doradas, digno de un príncipe árabe, el más grande y ostentoso que se había visto nunca por esos lados.",34
allende_lacasadelosespiritus_0361,Isabel Allende,Chile,La casa de los espiritus,"Jean se negaba a hablar del asunto, con el pretexto de que ésas eran responsabilidades propiamente masculinas y que ella no tenía necesidad de llenar su cabecita de gorrión con problemas que no estaba en capacidad de comprender.",38
allende_lacasadelosespiritus_0362,Isabel Allende,Chile,La casa de los espiritus,"Pero Jean de Satigny se burlaba de su afán artístico, diciendo que si era para mantener las manos ocupadas, mejor tejía botines y aprendía a hacer pastelitos de hojaldre.",29
allende_lacasadelosespiritus_0363,Isabel Allende,Chile,La casa de los espiritus,"Los sostenía en las manos, acariciándolos como hipnotizada y cuando los embalaban en paja y papel para enviarlos a destinos lejanos y desconocidos, se sentía acongojada.",26
allende_lacasadelosespiritus_0364,Isabel Allende,Chile,La casa de los espiritus,"No tenían documentos que los acreditaran como seres humanos, eran silenciosos, toscos e impenetrables.",14
allende_lacasadelosespiritus_0365,Isabel Allende,Chile,La casa de los espiritus,"Estaba familiarizada con los muertos, porque había pasado toda su vida en estrecho contacto con ellos a través de la mesa de tres patas, donde su madre los invocaba.",29
allende_lacasadelosespiritus_0366,Isabel Allende,Chile,La casa de los espiritus,"En el interior de la vasija aparecía la momia, como el hueso de un fruto extraño, encogida en posición fetal, envuelta en sus harapos, acompañada por sus miserables tesoros de collares de dientes y muñecos de trapo.",37
allende_lacasadelosespiritus_0367,Isabel Allende,Chile,La casa de los espiritus,"En su lugar bebió una taza grande de café negro y se apostó junto a su puerta, dispuesta a pasar muchas horas de vigilia.",24
allende_lacasadelosespiritus_0368,Isabel Allende,Chile,La casa de los espiritus,"Abrió la puerta con mucha cautela y asomó la cabeza, en el preciso instante en que una pequeña figura agazapada pasaba por el fondo del corredor.",26
allende_lacasadelosespiritus_0369,Isabel Allende,Chile,La casa de los espiritus,"De pronto rompió el espeso silencio de la noche un grito ronco, amortiguado, como si saliera del fondo de un ataúd o al menos eso pensó Blanca.",27
allende_lacasadelosespiritus_0370,Isabel Allende,Chile,La casa de los espiritus,Comenzaba a ser víctima de la morbosa fascinación de las cosas de ultratumba.,13
allende_lacasadelosespiritus_0371,Isabel Allende,Chile,La casa de los espiritus,"Se inmovilizó, con el corazón a punto de saltarle por la boca, pero un segundo gemido la sacó del ensimismamiento, dándole fuerzas para avanzar hasta la puerta del laboratorio de Jean de Satigny.",33
allende_lacasadelosespiritus_0372,Isabel Allende,Chile,La casa de los espiritus,Estaba resuelta a aclarar el misterio de las momias furtivas.,10
allende_lacasadelosespiritus_0373,Isabel Allende,Chile,La casa de los espiritus,Las paredes del estudio de Jean Satigny estaban cubiertas de acongojantes escenas eróticas que revelaban la oculta naturaleza de su marido.,21
allende_lacasadelosespiritus_0374,Isabel Allende,Chile,La casa de los espiritus,"Allí estaba toda la corte de los incas, desnuda como Dios la puso en el mundo, o mal cubierta por teatrales ropajes.",22
allende_lacasadelosespiritus_0375,Isabel Allende,Chile,La casa de los espiritus,"Por un interminable instante, Blanca se quedó suspendida en su propia incertidumbre, hasta que la venció el horror.",18
allende_lacasadelosespiritus_0376,Isabel Allende,Chile,La casa de los espiritus,Comprendió que no podría llegar muy lejos a pie con su barriga de nueve meses.,15
allende_lacasadelosespiritus_0377,Isabel Allende,Chile,La casa de los espiritus,"Madre e hija permanecieron descansando, desnudas y abrazadas, mientras los demás limpiaban los vestigios del parto y se afanaban con las sábanas nuevas y los primeros pañales.",27
allende_lacasadelosespiritus_0378,Isabel Allende,Chile,La casa de los espiritus,"Eso, sin embargo, no lo acercó a Blanca.",8
allende_lacasadelosespiritus_0379,Isabel Allende,Chile,La casa de los espiritus,La edad y la práctica acentuaron la capacidad de Clara para adivinar lo oculto y mover las cosas a la distancia.,21
allende_lacasadelosespiritus_0380,Isabel Allende,Chile,La casa de los espiritus,Vivían muy cerca de ella sus dos tíos.,8
allende_lacasadelosespiritus_0381,Isabel Allende,Chile,La casa de los espiritus,Alba salía y regresaba arrastrando de una cuerda invisible a un paquidermo imaginario.,13
allende_lacasadelosespiritus_0382,Isabel Allende,Chile,La casa de los espiritus,Tenía cinco años cuando su tío Nicolás regresó de la India.,11
allende_lacasadelosespiritus_0383,Isabel Allende,Chile,La casa de los espiritus,"Se pasó dos meses molestando a Clara, persiguiéndola por los rincones y susurrándole al oído cuando estaba dormida, hasta que la convenció de que vendiera un anillo de brillantes para pagarle el pasaje a la tierra del Mahatma Gandhi.",39
allende_lacasadelosespiritus_0384,Isabel Allende,Chile,La casa de los espiritus,"Allí destilaban un aguardiente casero que servía para beberlo, para encender la cocina, para desinfectar heridas y matar cucarachas y que ellos llamaban pomposamente « vodka» .",27
allende_lacasadelosespiritus_0385,Isabel Allende,Chile,La casa de los espiritus,"Por su parte, Blanca no parecía sorprendida del acecho de los hombres.",12
allende_lacasadelosespiritus_0386,Isabel Allende,Chile,La casa de los espiritus,"Fue la primera vez que Alba vio eso en su vida, porque a su alrededor no había gente enamorada.",19
allende_lacasadelosespiritus_0387,Isabel Allende,Chile,La casa de los espiritus,Ésa fue la época del Rey de las Ollas a Presión.,11
allende_lacasadelosespiritus_0388,Isabel Allende,Chile,La casa de los espiritus,Olía a pulimento para madera y a cuero.,8
allende_lacasadelosespiritus_0389,Isabel Allende,Chile,La casa de los espiritus,Se volvió y se encontró frente a una niña con trenzas y calcetines bordados que lo miraba desde la puerta.,20
allende_lacasadelosespiritus_0390,Isabel Allende,Chile,La casa de los espiritus,"Con la otra mano incursionó debajo del vestido almidonado, recorrió las piernas infantiles, encontró el encaje de las enaguas de batista y las bombachas de lana con elástico.",28
allende_lacasadelosespiritus_0391,Isabel Allende,Chile,La casa de los espiritus,"Esteban García vaciló, no podía encontrar las palabras que había preparado tan minuciosamente durante meses, antes de atreverse a tocar la puerta de la casa del patrón.",27
allende_lacasadelosespiritus_0392,Isabel Allende,Chile,La casa de los espiritus,"Tartamudeando, García consiguió plantear su petición: había logrado terminar el liceo en San Lucas y quería una recomendación para la Escuela de Carabineros y una beca del Estado para pagar sus estudios.",32
allende_lacasadelosespiritus_0393,Isabel Allende,Chile,La casa de los espiritus,"Voy a llamar por teléfono al comandante Hurtado, es amigo mío, para que te den la beca.",17
allende_lacasadelosespiritus_0394,Isabel Allende,Chile,La casa de los espiritus,"A menudo los inquilinos usaban los nombres de sus patrones para bautizar a los hijos, como señal de respeto.",19
allende_lacasadelosespiritus_0395,Isabel Allende,Chile,La casa de los espiritus,Clara murió el mismo día que Alba cumplió siete años.,10
allende_lacasadelosespiritus_0396,Isabel Allende,Chile,La casa de los espiritus,"Había comenzado a despedirse también de la luz, para entrar lentamente en las sombras.",14
allende_lacasadelosespiritus_0397,Isabel Allende,Chile,La casa de los espiritus,"Salió de la habitación con una amplia e hipócrita sonrisa y una vez fuera de la vista de su madre, tuvo que apoyarse en la pared, porque le flaqueaban las piernas.",31
allende_lacasadelosespiritus_0398,Isabel Allende,Chile,La casa de los espiritus,Después de ver a Clara confirmó el diagnóstico de Jaime.,10
allende_lacasadelosespiritus_0399,Isabel Allende,Chile,La casa de los espiritus,Insistía en que su abuela se daba cuenta de todo y la necesitaba.,13
allende_lacasadelosespiritus_0400,Isabel Allende,Chile,La casa de los espiritus,"Jaime se inclinó sobre el cuerpo buscando algún imperceptible latido en su corazón, pero no lo encontró.",17
allende_lacasadelosespiritus_0401,Isabel Allende,Chile,La casa de los espiritus,"Creí que nunca podría consolarme, pero ahora, cerca de los noventa años, comprendo lo que ella quiso decir cuando nos aseguró que no tendría dificultad en comunicarse con nosotros, puesto que tenía mucha práctica en esos asuntos.",37
allende_lacasadelosespiritus_0402,Isabel Allende,Chile,La casa de los espiritus,"Cada noche, al acostarme, imaginaba que estaba conmigo, tal como era cuando tenía todos sus dientes y me amaba.",19
allende_lacasadelosespiritus_0403,Isabel Allende,Chile,La casa de los espiritus,"Yo me había achicado diez centímetros, me nadaban los zapatos y tenía el pelo definitivamente blanco, pero ya no lloraba.",20
allende_lacasadelosespiritus_0404,Isabel Allende,Chile,La casa de los espiritus,"Lo hicimos con el mayor sigilo, para no dar que hablar a la gente.",14
allende_lacasadelosespiritus_0405,Isabel Allende,Chile,La casa de los espiritus,En el transcurso de los años siguientes la casa se convirtió en una ruina.,14
allende_lacasadelosespiritus_0406,Isabel Allende,Chile,La casa de los espiritus,"La cocina se cubrió de grasa y de hollín, se llenó de tarros vacíos y pilas de periódicos y dejó de producir las grandes fuentes de leche asada y los guisos perfumados de antaño.",34
allende_lacasadelosespiritus_0407,Isabel Allende,Chile,La casa de los espiritus,"Empezaron a gotear las llaves, a filtrarse las cañerías, a romperse las tejas, a aparecer manchas verdosas de humedad en los muros.",22
allende_lacasadelosespiritus_0408,Isabel Allende,Chile,La casa de los espiritus,Se formó un grupo dispuesto a recibir los milenarios conocimientos que Nicolás había adquirido en Oriente.,16
allende_lacasadelosespiritus_0409,Isabel Allende,Chile,La casa de los espiritus,"Entonces Nicolás comprendió que sin dinero no podría continuar enseñando La Verdad, de modo que empezó a cobrar modestos honorarios por sus enseñanzas.",23
allende_lacasadelosespiritus_0410,Isabel Allende,Chile,La casa de los espiritus,Con eso pudo alquilar una casa donde montó su academia de iluminados.,12
allende_lacasadelosespiritus_0411,Isabel Allende,Chile,La casa de los espiritus,"Debido a las exigencias legales y a la necesidad de tener un nombre jurídico, la llamó Instituto de Unión con la Nada, IDUN.",23
allende_lacasadelosespiritus_0412,Isabel Allende,Chile,La casa de los espiritus,"Pero su padre no estaba dispuesto a dejarlo en paz, porque los seguidores de Nicolás comenzaron a aparecer fotografiados en los periódicos, con la cabeza afeitada, taparrabos indecentes y expresión beatífica, poniendo en ridículo el nombre de los Trueba.",39
allende_lacasadelosespiritus_0413,Isabel Allende,Chile,La casa de los espiritus,"Terminó remojándose con sus discípulos en su propia piscina de porcelana rosada; en medio del respeto de la ciudadanía, combinando, sin proponérselo, la búsqueda de Dios con la buena fortuna en los negocios.",33
allende_lacasadelosespiritus_0414,Isabel Allende,Chile,La casa de los espiritus,"Blanca estuvo de acuerdo, porque comprendió que no bastaba una buena conjunción de planetas en su carta astral para que Alba saliera adelante en la vida.",26
allende_lacasadelosespiritus_0415,Isabel Allende,Chile,La casa de los espiritus,"Soñaba que se morían todos los miembros de su familia y ella quedaba vagando sola en la gran casa, sin más compañía que los tenues fantasmas deslucidos que deambulaban por los corredores.",32
allende_lacasadelosespiritus_0416,Isabel Allende,Chile,La casa de los espiritus,"Desde que empezó a compartir el dormitorio con su madre, esperaba con secreta impaciencia el momento de acostarse.",18
allende_lacasadelosespiritus_0417,Isabel Allende,Chile,La casa de los espiritus,"Después anotaba también las cosas que le parecían importantes, tal como lo hacía su abuela Clara.",16
allende_lacasadelosespiritus_0418,Isabel Allende,Chile,La casa de los espiritus,Un escultor uruguayo me dio en el gusto y las estatuas quedaron por fin como yo las quería.,18
allende_lacasadelosespiritus_0419,Isabel Allende,Chile,La casa de los espiritus,"Como es habitual en estos casos, fuimos de noche y sobornamos al guardián, tal como hice mucho tiempo atrás, para quedarme con Rosa la primera noche que ella pasó allí.",30
allende_lacasadelosespiritus_0420,Isabel Allende,Chile,La casa de los espiritus,"Quitamos cuidadosamente la lápida que guardaba el reposo de Rosa y sacamos del nicho el ataúd blanco, que era mucho más pesado de lo que suponíamos, de modo que tuvimos que pedir al guardián que nos ayudara.",37
allende_lacasadelosespiritus_0421,Isabel Allende,Chile,La casa de los espiritus,Jaime había tenido la precaución de llevar una cantimplora con aguardiente y pudimos tomar un trago para darnos ánimo.,19
allende_lacasadelosespiritus_0422,Isabel Allende,Chile,La casa de los espiritus,"No intentó disuadirme, porque conocía mi tono cuando la decisión era irrevocable.",12
allende_lacasadelosespiritus_0423,Isabel Allende,Chile,La casa de los espiritus,"Acomodamos la luz del farol, él desprendió con paciencia los tornillos de bronce que el tiempo había oscurecido y pudimos levantar la tapa, que pesaba como si fuera de plomo.",30
allende_lacasadelosespiritus_0424,Isabel Allende,Chile,La casa de los espiritus,¡Qué van a saber los campesinos lo que es un soviet!,11
allende_lacasadelosespiritus_0425,Isabel Allende,Chile,La casa de los espiritus,¡Y los indígenas! Nos quedan unos doscientos en total.,9
allende_lacasadelosespiritus_0426,Isabel Allende,Chile,La casa de los espiritus,"Todo el mundo lo reconocía en la calle, inventaban chistes a su costa y corrían de boca en boca las anécdotas que se le atribuían.",25
allende_lacasadelosespiritus_0427,Isabel Allende,Chile,La casa de los espiritus,"Decían que el senador Trueba respondió con un puñetazo sobre el escritorio del primer mandatario, volcando la bandera nacional y el busto del Padre de la Patria.",27
allende_lacasadelosespiritus_0428,Isabel Allende,Chile,La casa de los espiritus,En la lucha política ocupaba casi todo su tiempo y una buena parte de su fortuna.,16
allende_lacasadelosespiritus_0429,Isabel Allende,Chile,La casa de los espiritus,"Se sentía viejo, tenía la idea de que ninguno de sus tres hijos merecía heredarlo y que a su nieta la dejaría asegurada con Las Tres Marías, a pesar de que el campo ya no era tan próspero como antes.",40
allende_lacasadelosespiritus_0430,Isabel Allende,Chile,La casa de los espiritus,"Llamaba al administrador de vez en cuando, para que le rindiera cuentas, pero esas visitas lo dejaban con la resaca del mal humor por varios días.",26
allende_lacasadelosespiritus_0431,Isabel Allende,Chile,La casa de los espiritus,Su administrador era un hombre derrotado por su propio pesimismo.,10
allende_lacasadelosespiritus_0432,Isabel Allende,Chile,La casa de los espiritus,Su música era muy popular y sólo alguien tan testarudo como el senador Trueba pudo ignorar su existencia.,18
allende_lacasadelosespiritus_0433,Isabel Allende,Chile,La casa de los espiritus,"Recordaba el pasado como una sucesión de violencias, abandonos y tristezas y no estaba segura de que las cosas hubieran sido como pensaba.",23
allende_lacasadelosespiritus_0434,Isabel Allende,Chile,La casa de los espiritus,Mis únicos dos amigos procuraban quitarme el luto del alma.,10
allende_lacasadelosespiritus_0435,Isabel Allende,Chile,La casa de los espiritus,"Me llevó a través de la cortina y desembocamos en un breve patio interior, el corazón de aquella laberíntica construcción.",20
allende_lacasadelosespiritus_0436,Isabel Allende,Chile,La casa de los espiritus,Ésta es la única casa de putas del país que tiene su propio negro auténtico.,15
allende_lacasadelosespiritus_0437,Isabel Allende,Chile,La casa de los espiritus,"Otros que usted ve por ahí son pintados, en cambio a Mustafá, aunque lo frote con lija, negro se queda.",20
allende_lacasadelosespiritus_0438,Isabel Allende,Chile,La casa de los espiritus,"Aquí se puede tomar agua en el excusado, porque echamos lejía hasta por donde usted no se imagina y todas estamos controladas por Sanidad.",24
allende_lacasadelosespiritus_0439,Isabel Allende,Chile,La casa de los espiritus,"Después nos remojamos los dos en la bañera con agua tibia, hasta que me volvió el alma al cuerpo y me sentí casi curado.",24
allende_lacasadelosespiritus_0440,Isabel Allende,Chile,La casa de los espiritus,Alrededor de los dieciocho años Alba abandonó definitivamente la infancia.,10
allende_lacasadelosespiritus_0441,Isabel Allende,Chile,La casa de los espiritus,"Decía que para los hombres es bueno tener una esposa, pero, en cambio, las mujeres como Alba siempre salían perdiendo con el matrimonio.",23
allende_lacasadelosespiritus_0442,Isabel Allende,Chile,La casa de los espiritus,Decía que a la violencia del sistema había que oponer la violencia de la revolución.,15
allende_lacasadelosespiritus_0443,Isabel Allende,Chile,La casa de los espiritus,"Estaba harta de oír los discursos de su abuelo, de asistir a sus peleas con su tío Jaime, de vivir las campañas electorales.",23
allende_lacasadelosespiritus_0444,Isabel Allende,Chile,La casa de los espiritus,Encendieron algunas improvisadas lámparas con gasolina y una mecha humeante en tarros.,12
allende_lacasadelosespiritus_0445,Isabel Allende,Chile,La casa de los espiritus,"En los largos pasillos y las aulas los jóvenes jugaban al gato o a los naipes, descansaban tirados por el suelo y preparaban armas defensivas con palos y piedras.",29
allende_lacasadelosespiritus_0446,Isabel Allende,Chile,La casa de los espiritus,Miguel registró todo el edificio y confiscó los víveres de la cafetería.,12
allende_lacasadelosespiritus_0447,Isabel Allende,Chile,La casa de los espiritus,"La misma joven que antes había criticado los quejidos de Alba, la tomó de un brazo y los tres salieron del edificio sorteando las barricadas y los sacos de tierra, iluminados por los potentes reflectores de la policía.",38
allende_lacasadelosespiritus_0448,Isabel Allende,Chile,La casa de los espiritus,"Alba apenas podía caminar, se sentía avergonzada y le daba vueltas la cabeza.",13
allende_lacasadelosespiritus_0449,Isabel Allende,Chile,La casa de los espiritus,"Desde allí podía ver la ventana de la biblioteca, donde su abuelo hablaba con un hombre.",16
allende_lacasadelosespiritus_0450,Isabel Allende,Chile,La casa de los espiritus,"García barrió con la mano las hojas y se sentó a su lado en la glorieta, tan cerca, que sus piernas se tocaban.",23
allende_lacasadelosespiritus_0451,Isabel Allende,Chile,La casa de los espiritus,"De pronto, la mano de García se posó sobre su hombro.",11
allende_lacasadelosespiritus_0452,Isabel Allende,Chile,La casa de los espiritus,Decidió que era injusto culpar a la nieta por las ideas del abuelo y volvieron a pasear abrazados.,18
allende_lacasadelosespiritus_0453,Isabel Allende,Chile,La casa de los espiritus,"Para evitarlos prefería otras alternativas, pero tampoco aceptaba la idea de ir juntos a un hotel, por la misma razón que no quería ser vista en la pensión de Miguel.",30
allende_lacasadelosespiritus_0454,Isabel Allende,Chile,La casa de los espiritus,"La primera vez que lo condujo a través de la puerta posterior del jardín, abriéndose paso en la maraña y sorteando las estatuas manchadas de musgo y cagadas de pájaro, el joven tuvo un sobresalto al ver la triste casona.",40
allende_lacasadelosespiritus_0455,Isabel Allende,Chile,La casa de los espiritus,"En el crepúsculo eterno del sótano, andaban desnudos, desafiando a la humedad y a las corrientes de aire.",18
allende_lacasadelosespiritus_0456,Isabel Allende,Chile,La casa de los espiritus,"Al fin, Miguel terminó su tesis, se graduó y empezó a buscar trabajo.",13
allende_lacasadelosespiritus_0457,Isabel Allende,Chile,La casa de los espiritus,"Alba ayudó a decorarlo, poniendo cojines caseros y afiches políticos por todos lados y hasta llegó a sugerir que podría irse a vivir con él, pero en ese punto Miguel fue inflexible.",32
allende_lacasadelosespiritus_0458,Isabel Allende,Chile,La casa de los espiritus,"No puedo tenerte conmigo, porque cuando sea necesario, entraré en la guerrilla.",12
allende_lacasadelosespiritus_0459,Isabel Allende,Chile,La casa de los espiritus,"El senador Trueba ya estaba en edad de retirarse, pero esa idea no le pasaba por la cabeza.",18
allende_lacasadelosespiritus_0460,Isabel Allende,Chile,La casa de los espiritus,Las pocas veces que abandonaba su laconismo trapense era cuando Alba iba a visitarlo en su túnel de libros.,19
allende_lacasadelosespiritus_0461,Isabel Allende,Chile,La casa de los espiritus,"Jaime se burlaba de sus ideas políticas, de sus amigos barbudos y la regañaba por haberse enamorado de un terrorista de cafetín.",22
allende_lacasadelosespiritus_0462,Isabel Allende,Chile,La casa de los espiritus,"Se quedó con el Candidato, los dos sentados al lado de la cama, hasta que la mujer empezó a respirar normalmente y pudo meter la lengua dentro de su boca.",30
allende_lacasadelosespiritus_0463,Isabel Allende,Chile,La casa de los espiritus,Hablaron del socialismo y de ajedrez y ése fue el comienzo de una buena amistad.,15
allende_lacasadelosespiritus_0464,Isabel Allende,Chile,La casa de los espiritus,Vamos a ganar y tendrá que tragarse sus palabras.,9
allende_lacasadelosespiritus_0465,Isabel Allende,Chile,La casa de los espiritus,"Sin embargo, no pudo seguir ignorando a Miguel.",8
allende_lacasadelosespiritus_0466,Isabel Allende,Chile,La casa de los espiritus,Los talleres de los artesanos se abrían al cielo por los techos vidriados y en los oscuros cuchitriles sobrevivían los artistas en un paraíso de grandezas y miserias.,28
allende_lacasadelosespiritus_0467,Isabel Allende,Chile,La casa de los espiritus,Se detuvieron frente a una casa estilo francés decorada como una torta de crema con angelotes en los frisos.,19
allende_lacasadelosespiritus_0468,Isabel Allende,Chile,La casa de los espiritus,Pensó que era inútil hablar del pasado y que Miguel y Alba eran muy jóvenes para comprender la sensación de pérdida irremediable que él sentía en ese momento.,28
allende_lacasadelosespiritus_0469,Isabel Allende,Chile,La casa de los espiritus,"De una plumada se había borrado la imagen de la gitana que había guardado todos esos años en su corazón, único amor en la soledad de su destino.",28
allende_lacasadelosespiritus_0470,Isabel Allende,Chile,La casa de los espiritus,El día de la votación transcurrió sin incidentes en una luminosa mañana de septiembre.,14
allende_lacasadelosespiritus_0471,Isabel Allende,Chile,La casa de los espiritus,"El senador Trueba siguió la votación desde la sede de su Partido, con perfecta calma y buen humor, riéndose con petulancia cuando alguno de sus hombres se ponía nervioso por el avance indisimulable del candidato de la oposición.",38
allende_lacasadelosespiritus_0472,Isabel Allende,Chile,La casa de los espiritus,"En las mansiones las botellas de champán quedaron cerradas, las langostas languidecieron en sus bandejas de plata y las tortas se llenaron de moscas.",24
allende_lacasadelosespiritus_0473,Isabel Allende,Chile,La casa de los espiritus,"Lo recibieron efusivamente, porque era uno de los líderes indiscutidos de la derecha y porque él, previniendo lo que se avecinaba, había hecho los contactos necesarios con meses de anticipación.",30
allende_lacasadelosespiritus_0474,Isabel Allende,Chile,La casa de los espiritus,"Después de la comida: corvina fría con salsa de palta, lechón asado en brandy y mousse de chocolate, despidieron a los mozos y trancaron las puertas del salón.",28
allende_lacasadelosespiritus_0475,Isabel Allende,Chile,La casa de los espiritus,¡Aquí no va a poder sobornar a nadie!,8
allende_lacasadelosespiritus_0476,Isabel Allende,Chile,La casa de los espiritus,Mejor destinamos ese dinero a comprar todos los medios de comunicación.,11
allende_lacasadelosespiritus_0477,Isabel Allende,Chile,La casa de los espiritus,"Trabajaba desde las siete de la mañana hasta la noche y al final estaba tan cansado, que no se sentía capaz de arrancar ni un acorde a su guitarra y, mucho menos, de amar a Blanca con la pasión acostumbrada.",40
allende_lacasadelosespiritus_0478,Isabel Allende,Chile,La casa de los espiritus,"Supuso que si hiciera una vida normal con Blanca, en la cual ella estuviera esperándolo todos los días en la paz de un hogar, las cosas serían de otro modo.",30
allende_lacasadelosespiritus_0479,Isabel Allende,Chile,La casa de los espiritus,"Estaba desnuda, sentada en la angosta cama de Pedro Tercero.",10
allende_lacasadelosespiritus_0480,Isabel Allende,Chile,La casa de los espiritus,Una voz femenina le respondió que el compañero García estaba en una reunión y que no podía ser interrumpido.,19
allende_lacasadelosespiritus_0481,Isabel Allende,Chile,La casa de los espiritus,"Surgieron profesionales de las colas, que por una suma razonable guardaban el puesto a otros, los vendedores de golosinas que aprovechaban el tumulto para colocar sus chucherías y los que alquilaban mantas para las largas colas nocturnas.",37
allende_lacasadelosespiritus_0482,Isabel Allende,Chile,La casa de los espiritus,"La primera vez se pudrió casi todo y la pestilencia salió de los cuartos cerrados, ocupó la casa y se desparramó por el barrio.",24
allende_lacasadelosespiritus_0483,Isabel Allende,Chile,La casa de los espiritus,"El senador Trueba veía pasar a su nieta arrastrando la pesada caja, sin sospechar que en el interior forrado en paño rodaban las balas que tanto le habían costado pasar por la frontera y esconder en su casa.",38
allende_lacasadelosespiritus_0484,Isabel Allende,Chile,La casa de los espiritus,"Un sábado por la mañana partieron en un jeep prestado, provistos de una carpa, un canasto con provisiones y una misteriosa maleta que tuvieron que cargar entre los dos porque pesaba como un muerto.",34
allende_lacasadelosespiritus_0485,Isabel Allende,Chile,La casa de los espiritus,"En la noche calentaron vino tinto con canela y azúcar y arropados en sus chales brindaron por la cara que pondría el abuelo cuando se diera cuenta que lo habían robado, riéndose hasta que les saltaron las lágrimas.",38
allende_lacasadelosespiritus_0486,Isabel Allende,Chile,La casa de los espiritus,A Jaime no le pareció divertido y el resto del paseo estuvo huraño.,13
allende_lacasadelosespiritus_0487,Isabel Allende,Chile,La casa de los espiritus,"Alba se durmió rápidamente, pero Jaime se quedó hasta el amanecer con los ojos abiertos en la oscuridad.",18
allende_lacasadelosespiritus_0488,Isabel Allende,Chile,La casa de los espiritus,"Jaime no la alentó, pero no tuvo tampoco el valor de rechazarla, porque pensó que la ilusión del amor podía ayudarla en la recuperación, pero sabía que era tarde para ellos.",31
allende_lacasadelosespiritus_0489,Isabel Allende,Chile,La casa de los espiritus,"A pesar de él mismo, se vio envuelto en una relación con Amanda que en su juventud deseó con desesperación, pero que ya no lo conmovía ni se sentía capaz de mantener.",32
allende_lacasadelosespiritus_0490,Isabel Allende,Chile,La casa de los espiritus,"Había madurado y ya no era un joven exaltado, pero no había variado ni un ápice en su línea política y seguía pensando que sin una revolución violenta, sería imposible vencer a la derecha.",34
allende_lacasadelosespiritus_0491,Isabel Allende,Chile,La casa de los espiritus,"Jaime no estaba de acuerdo, pero lo apreciaba y admiraba su carácter valiente.",13
allende_lacasadelosespiritus_0492,Isabel Allende,Chile,La casa de los espiritus,Mandó a los carabineros a rescatar al senador.,8
allende_lacasadelosespiritus_0493,Isabel Allende,Chile,La casa de los espiritus,"Un secretario intentó detenerlas en la antesala, pero Blanca lo eliminó de un empujón y pasó con tranco firme llevando a su hija a remolque.",25
allende_lacasadelosespiritus_0494,Isabel Allende,Chile,La casa de los espiritus,En ese plazo él había tenido tiempo de arrepentirse de su decisión y de descubrir que sin Blanca había perdido hasta el gusto por las jóvenes que antes lo entusiasmaban.,30
allende_lacasadelosespiritus_0495,Isabel Allende,Chile,La casa de los espiritus,"Por otra parte, sentado en ese escritorio, trabajando doce horas diarias, lejos de su guitarra y la inspiración del pueblo, tenía muy pocas oportunidades de sentirse feliz.",27
allende_lacasadelosespiritus_0496,Isabel Allende,Chile,La casa de los espiritus,Blanca y Alba esperaron en la calle mientras él subió a su departamento.,13
allende_lacasadelosespiritus_0497,Isabel Allende,Chile,La casa de los espiritus,"Se sorprendió de que su rencor, amasado durante tan largo tiempo, se desinflara en presencia de ese anciano encorvado y empequeñecido que lo miraba asustado.",25
allende_lacasadelosespiritus_0498,Isabel Allende,Chile,La casa de los espiritus,"Se observaron en silencio por largos segundos, pensando los dos que el otro encarnaba lo más odioso en el mundo, pero sin encontrar el fuego del antiguo odio en sus corazones.",31
allende_lacasadelosespiritus_0499,Isabel Allende,Chile,La casa de los espiritus,Tragó lo que tenía en la boca y corrió a su encuentro.,12
allende_lacasadelosespiritus_0500,Isabel Allende,Chile,La casa de los espiritus,"En los meses siguientes la situación empeoró mucho, aquello parecía un país en guerra.",14
allende_lacasadelosespiritus_0501,Isabel Allende,Chile,La casa de los espiritus,"Los ánimos estaban muy exaltados, especialmente entre las mujeres de la oposición, que desfilaban por las calles aporreando sus cacerolas en protesta por el desabastecimiento.",25
allende_lacasadelosespiritus_0502,Isabel Allende,Chile,La casa de los espiritus,"Los postes estaban cubiertos de propaganda impresa, que la lluvia del invierno había deslavado, y en todos los espacios disponibles estaban escritas las consignas de ambos bandos.",27
allende_lacasadelosespiritus_0503,Isabel Allende,Chile,La casa de los espiritus,"Jaime se quedaba dormido con el bisturí en la mano, tan ocupado que a menudo olvidaba comer.",17
allende_lacasadelosespiritus_0504,Isabel Allende,Chile,La casa de los espiritus,"Usted estará en el bando de los ganadores, pero el triunfo no le traerá más que sufrimiento y soledad.",19
allende_lacasadelosespiritus_0505,Isabel Allende,Chile,La casa de los espiritus,Entonces Jaime comprendió que algo grave estaba ocurriendo.,8
allende_lacasadelosespiritus_0506,Isabel Allende,Chile,La casa de los espiritus,"Ninguno se atrevió a desafiar la mirada del jefe de Estado, depositaron sus armas en el patio y salieron en fila, con la cabeza gacha.",25
allende_lacasadelosespiritus_0507,Isabel Allende,Chile,La casa de los espiritus,Sólo quedaron los amigos más cercanos y la guardia privada.,10
allende_lacasadelosespiritus_0508,Isabel Allende,Chile,La casa de los espiritus,"En el interior del edificio quedaron alrededor de treinta personas atrincheradas en los salones del segundo piso, entre quienes estaba Jaime.",21
allende_lacasadelosespiritus_0509,Isabel Allende,Chile,La casa de los espiritus,"Le pareció que el tiempo transcurría muy lentamente, en su reloj sólo habían pasado tres horas de ese mal sueño.",20
allende_lacasadelosespiritus_0510,Isabel Allende,Chile,La casa de los espiritus,Tengo la certeza de que mi sacrificio no será en vano» .,12
allende_lacasadelosespiritus_0511,Isabel Allende,Chile,La casa de los espiritus,"Sólo el Presidente se mantuvo en pie, se acercó a una ventana con una bazooka en los brazos y disparó hacia los tanques de la calle.",26
allende_lacasadelosespiritus_0512,Isabel Allende,Chile,La casa de los espiritus,"Jaime se arrastró hasta él y lo tomó de las pantorrillas para obligarlo a agacharse, pero el otro le soltó una palabrota y se mantuvo de pie.",27
allende_lacasadelosespiritus_0513,Isabel Allende,Chile,La casa de los espiritus,"En una súbita pausa del tiroteo, el Presidente reunió a los sobrevivientes y les dijo que se fueran, que no quería mártires ni sacrificios inútiles, que todos tenían una familia y tendrían que realizar una importante tarea después.",38
allende_lacasadelosespiritus_0514,Isabel Allende,Chile,La casa de los espiritus,"Siguieron golpeándolos hasta la calle y allí les ordenaron acostarse boca abajo en el suelo, los pisaron, los insultaron hasta que se le acabaron las palabrotas del castellano y entonces le hicieron señas a un tanque.",36
allende_lacasadelosespiritus_0515,Isabel Allende,Chile,La casa de los espiritus,"Mucho rato después separaron a los prisioneros en grupos, según su culpa, y a Jaime lo llevaron al Ministerio de Defensa, que estaba convertido en cuartel.",26
allende_lacasadelosespiritus_0516,Isabel Allende,Chile,La casa de los espiritus,De pronto bajó el arma y se acercó.,8
allende_lacasadelosespiritus_0517,Isabel Allende,Chile,La casa de los espiritus,"Su reloj estaba destrozado, pero por el hambre y la sed, calculó que ya era de noche.",17
allende_lacasadelosespiritus_0518,Isabel Allende,Chile,La casa de los espiritus,Sólo queremos que aparezca en la televisión y diga que el Presidente estaba borracho y que se suicidó.,18
allende_lacasadelosespiritus_0519,Isabel Allende,Chile,La casa de los espiritus,"Entretanto Alba, colgada del teléfono, trataba de obtener noticias de la gente que la preocupaba: Miguel, Pedro Tercero, su tío Jaime, Amanda, Sebastián Gómez y tantos otros.",27
allende_lacasadelosespiritus_0520,Isabel Allende,Chile,La casa de los espiritus,"Muy tarde, casi al amanecer, sonó el teléfono y Alba, que no se había acostado, corrió a atenderlo.",18
allende_lacasadelosespiritus_0521,Isabel Allende,Chile,La casa de los espiritus,"Rompe las agendas, los papeles, todo lo que pueda relacionarte conmigo.",11
allende_lacasadelosespiritus_0522,Isabel Allende,Chile,La casa de los espiritus,Blanca anunció que tenía la peor jaqueca de su vida y se encerró en su habitación.,16
allende_lacasadelosespiritus_0523,Isabel Allende,Chile,La casa de los espiritus,"Tres días después del Pronunciamiento Militar, me dirigí en el automóvil del Congreso al Ministerio de Defensa, extrañado de que no me hubieran buscado para invitarme a participar en el nuevo gobierno.",32
allende_lacasadelosespiritus_0524,Isabel Allende,Chile,La casa de los espiritus,Afortunadamente pasó un jeep de carabineros y me reconocieron.,9
allende_lacasadelosespiritus_0525,Isabel Allende,Chile,La casa de los espiritus,"Espero que la situación se normalice pronto, senador.",8
allende_lacasadelosespiritus_0526,Isabel Allende,Chile,La casa de los espiritus,Un domingo se presentó en la casa un soldado sigiloso y relató a Blanca en la cocina lo que había visto en el Ministerio de Defensa y lo que sabía de los cuerpos dinamitados.,34
allende_lacasadelosespiritus_0527,Isabel Allende,Chile,La casa de los espiritus,Lo vio destacarse entre los generales y gentes de guerra.,10
allende_lacasadelosespiritus_0528,Isabel Allende,Chile,La casa de los espiritus,"Es un hombre tosco y de apariencia sencilla, de pocas palabras, como un campesino.",14
allende_lacasadelosespiritus_0529,Isabel Allende,Chile,La casa de los espiritus,No volvió a ver a Miguel hasta dos meses después del Golpe Militar y llegó a pensar que también estaba muerto.,21
allende_lacasadelosespiritus_0530,Isabel Allende,Chile,La casa de los espiritus,"Notó que los amigos y parientes la eludían, que algunos cruzaban la calle para no saludarla o volvían la cara cuando se aproximaba.",23
allende_lacasadelosespiritus_0531,Isabel Allende,Chile,La casa de los espiritus,Le contó que a menudo atendía a gente que traían desmayada de hambre.,13
allende_lacasadelosespiritus_0532,Isabel Allende,Chile,La casa de los espiritus,"Por cada niño que come una vez al día un plato de lentejas o de patatas, hay cinco que se quedan afuera mirando, porque no alcanza para todos.",28
allende_lacasadelosespiritus_0533,Isabel Allende,Chile,La casa de los espiritus,Un día llevó a su madre a uno de los comedores.,11
allende_lacasadelosespiritus_0534,Isabel Allende,Chile,La casa de los espiritus,Lo más lejos que llegaba el abuelo era al Club.,10
allende_lacasadelosespiritus_0535,Isabel Allende,Chile,La casa de los espiritus,"En las tiendas comenzaron a venderse cosas que no se conocían ni de nombre, y otras que antes sólo conseguían los ricos mediante el contrabando.",25
allende_lacasadelosespiritus_0536,Isabel Allende,Chile,La casa de los espiritus,"El país se llenó de uniformados, de máquinas bélicas, de banderas, himnos y desfiles, porque los militares conocían la necesidad del pueblo de tener sus propios símbolos y ritos.",29
allende_lacasadelosespiritus_0537,Isabel Allende,Chile,La casa de los espiritus,"Se orquestó una campaña destinada a borrar de la faz de la tierra el buen nombre del expresidente, con la esperanza de que el pueblo dejara de llorarlo.",28
allende_lacasadelosespiritus_0538,Isabel Allende,Chile,La casa de los espiritus,"Se podía mirar dentro de sus armarios y asombrarse del número y la calidad de sus chaquetas de gamuza, registrar sus cajones, hurgar en su despensa, para ver el ron cubano y el saco de azúcar que guardaba.",38
allende_lacasadelosespiritus_0539,Isabel Allende,Chile,La casa de los espiritus,"De una plumada, los militares cambiaron la historia, borrando los episodios, las ideologías y los personajes que el régimen desaprobaba.",20
allende_lacasadelosespiritus_0540,Isabel Allende,Chile,La casa de los espiritus,"La censura, que al principio sólo abarcó los medios de comunicación, pronto se extendió a los textos escolares, las letras de las canciones, los argumentos de las películas y las conversaciones privadas.",32
allende_lacasadelosespiritus_0541,Isabel Allende,Chile,La casa de los espiritus,"Había palabras prohibidas por bando militar, como la palabra « compañero» , y otras que no se decían por precaución, a pesar de que ningún bando las había eliminado del diccionario, como libertad, justicia y sindicato.",36
allende_lacasadelosespiritus_0542,Isabel Allende,Chile,La casa de los espiritus,"En pocos días eliminaron los sindicatos, los dirigentes obreros estaban presos o muertos, los partidos políticos declarados en receso indefinido y todas las organizaciones de trabajadores y estudiantes, y hasta los colegios profesionales, desmantelados.",34
allende_lacasadelosespiritus_0543,Isabel Allende,Chile,La casa de los espiritus,"Mientras florecían los negocios lujosos, las financieras milagrosas, los restaurantes exóticos y las casas importadoras, en las puertas de las fábricas hacían cola los cesantes esperando la oportunidad de emplearse por un jornal mínimo.",34
allende_lacasadelosespiritus_0544,Isabel Allende,Chile,La casa de los espiritus,"Sin pensarlo dos veces, se fue al campo con media docena de matones a sueldo y pudo vengarse a sus anchas de los campesinos que se habían atrevido a desafiarlo y a quitarle lo suyo.",35
allende_lacasadelosespiritus_0545,Isabel Allende,Chile,La casa de los espiritus,Allí lo velaron unos pocos que se atrevieron a llegar y periodistas de todas partes del mundo que acudieron a cubrir la noticia de su entierro.,26
allende_lacasadelosespiritus_0546,Isabel Allende,Chile,La casa de los espiritus,"El senador Trueba era su enemigo ideológico, pero lo había tenido muchas veces en su casa y conocía de memoria sus versos.",22
allende_lacasadelosespiritus_0547,Isabel Allende,Chile,La casa de los espiritus,Poco a poco el funeral del Poeta se convirtió en el acto simbólico de enterrar la libertad.,17
allende_lacasadelosespiritus_0548,Isabel Allende,Chile,La casa de los espiritus,"¡Tan buen poeta y con las ideas tan confusas! Si hubiera muerto antes del Pronunciamiento Militar, supongo que habría recibido un homenaje nacional.",23
allende_lacasadelosespiritus_0549,Isabel Allende,Chile,La casa de los espiritus,"Cuando ella se asomó, con la vista nublada por la jaqueca, no lo reconoció, porque se había afeitado la barba y llevaba anteojos.",23
allende_lacasadelosespiritus_0550,Isabel Allende,Chile,La casa de los espiritus,"Ocupaba su tiempo leyendo los libros de Jaime, que Blanca le iba llevando a escondidas, escuchando los ruidos de la calle, los susurros de la radio encendida al volumen más bajo.",31
allende_lacasadelosespiritus_0551,Isabel Allende,Chile,La casa de los espiritus,"Su extraño sonambulismo le parecía sospechoso, así como su nueva manía de llevar comida a su habitación.",17
allende_lacasadelosespiritus_0552,Isabel Allende,Chile,La casa de los espiritus,Pedro Tercero enflaqueció y perdió el buen humor y la dulzura que lo habían caracterizado hasta entonces.,17
allende_lacasadelosespiritus_0553,Isabel Allende,Chile,La casa de los espiritus,"Empezó a obsesionarle la idea de que era traidor y cobarde, por no haber compartido la suerte de tantos otros y que lo más honroso sería entregarse y enfrentar su destino.",31
allende_lacasadelosespiritus_0554,Isabel Allende,Chile,La casa de los espiritus,"Al final, de todos modos tuvo que empezar a ponerle pastillas tranquilizantes en la comida y somníferos en el agua, para tumbarlo en un sueño profundo y tormentoso, del cual despertaba con la boca seca y el corazón más triste.",40
allende_lacasadelosespiritus_0555,Isabel Allende,Chile,La casa de los espiritus,"Mientras el sacerdote y el embajador nórdico discutían sobre la situación internacional, la familia se despidió.",16
allende_lacasadelosespiritus_0556,Isabel Allende,Chile,La casa de los espiritus,"El senador Trueba sólo ocupaba la biblioteca, el baño y su dormitorio.",12
allende_lacasadelosespiritus_0557,Isabel Allende,Chile,La casa de los espiritus,"Parecía un vulgar empleado de Banco, pero Alba lo reconoció al punto y no pudo atajar un grito de júbilo que le subió de las entrañas.",26
allende_lacasadelosespiritus_0558,Isabel Allende,Chile,La casa de los espiritus,"Llamó por teléfono a su amigo, el general Hurtado, y éste mandó un camión del ejército a retirarlas.",18
allende_lacasadelosespiritus_0559,Isabel Allende,Chile,La casa de los espiritus,"Y que yo pueda recordar el sitio exacto, porque de eso hace más de un año.",16
allende_lacasadelosespiritus_0560,Isabel Allende,Chile,La casa de los espiritus,A ninguno de los niños les llamó la atención que recogiera por el camino a un hombre rubio.,18
allende_lacasadelosespiritus_0561,Isabel Allende,Chile,La casa de los espiritus,"Todo eso, seguía sosteniendo, era una monstruosa patraña del comunismo internacional, pero en el caso remoto de que fuera cierto, tampoco correspondía a Alba echarse a la espalda esa responsabilidad, sino al gobierno, o en última instancia a la Iglesia.",40
allende_lacasadelosespiritus_0562,Isabel Allende,Chile,La casa de los espiritus,"Así, sacando cuentas, dio un paso que nunca imaginó dar en su vida: enviaba todos los meses un cheque a Pedro Tercero García, que vivía con Blanca asilados en el Canadá.",31
allende_lacasadelosespiritus_0563,Isabel Allende,Chile,La casa de los espiritus,"Blanca, entretanto, plácida y feliz, gozaba por primera vez en su existencia de una salud de fierro.",17
allende_lacasadelosespiritus_0564,Isabel Allende,Chile,La casa de los espiritus,"Es una declaración de que entramos con una orden judicial, que te mostramos nuestras identificaciones, que todo está en regla, que hemos procedido con todo respeto y buena educación, que no tienes ninguna queja.",34
allende_lacasadelosespiritus_0565,Isabel Allende,Chile,La casa de los espiritus,"Antes que pusieran tiras de papel engomado en sus párpados, miró por última vez la calle vacía y silenciosa, extrañada que a pesar del escándalo y de los libros quemados, ningún vecino se hubiera asomado a mirar.",37
allende_lacasadelosespiritus_0566,Isabel Allende,Chile,La casa de los espiritus,"Alba reconoció sin vacilar la voz de Esteban García y comprendió en ese instante que la había estado esperando desde el día remoto en que la sentó sobre sus rodillas, cuando ella era una criatura.",35
allende_lacasadelosespiritus_0567,Isabel Allende,Chile,La casa de los espiritus,"El bosque, Miguel, el amor, se perdieron en el túnel profundo de su terror y se resignó a enfrentar su destino sin subterfugios.",23
allende_lacasadelosespiritus_0568,Isabel Allende,Chile,La casa de los espiritus,Eso nos evitará muchas molestias a los dos.,8
allende_lacasadelosespiritus_0569,Isabel Allende,Chile,La casa de los espiritus,"Yo soy tu amigo, comprendo perfectamente tu situación.",8
allende_lacasadelosespiritus_0570,Isabel Allende,Chile,La casa de los espiritus,La llevaron a un baño y tuvo que hacer caso omiso del hombre que estaba a su lado tomándola del brazo.,21
allende_lacasadelosespiritus_0571,Isabel Allende,Chile,La casa de los espiritus,Se encogió como un feto en el suelo y se abandonó a sus múltiples sufrimientos.,15
allende_lacasadelosespiritus_0572,Isabel Allende,Chile,La casa de los espiritus,"Dos manos la levantaron, cuatro la acostaron en un catre metálico, helado, duro, lleno de resortes que le herían la espalda, y le ataron los tobillos y las muñecas con correas de cuero.",33
allende_lacasadelosespiritus_0573,Isabel Allende,Chile,La casa de los espiritus,Pero unas horas más tarde despertó y al moverse sintió que le dolía hasta la última fibra de su cuerpo.,20
allende_lacasadelosespiritus_0574,Isabel Allende,Chile,La casa de los espiritus,Otra vez fue a decir a Ana Díaz que necesitaba una voluntaria para lavar la ropa de un preso y limpiar su celda.,23
allende_lacasadelosespiritus_0575,Isabel Allende,Chile,La casa de los espiritus,"Al principio, encogida en su sepultura, sin poder sentarse ni estirarse a pesar de su escaso tamaño, Alba se defendió contra la locura.",23
allende_lacasadelosespiritus_0576,Isabel Allende,Chile,La casa de los espiritus,"Los guardias abrieron la trampa de la perrera y la sacaron sin ningún esfuerzo, porque estaba muy liviana.",18
allende_lacasadelosespiritus_0577,Isabel Allende,Chile,La casa de los espiritus,Me condujo por un largo pasillo señalado con luces verdes y flechas rojas.,13
allende_lacasadelosespiritus_0578,Isabel Allende,Chile,La casa de los espiritus,"Levanté la vista y un espejo en el techo me devolvió mi imagen: un pobre cuerpo empequeñecido, un rostro triste de patriarca bíblico surcado de amargas arrugas y los restos de una blanca melena.",34
allende_lacasadelosespiritus_0579,Isabel Allende,Chile,La casa de los espiritus,"Supongo que usó el conocimiento del lado más secreto de los hombres que están en el poder, para devolverme los cincuenta pesos que una vez le presté.",27
allende_lacasadelosespiritus_0580,Isabel Allende,Chile,La casa de los espiritus,"No murió como un perro, como él temía, sino apaciblemente en mis brazos confundiéndome con Clara y a ratos con Rosa, sin dolor, sin angustia, consciente y sereno, más lúcido que nunca y feliz.",34
allende_lacasadelosespiritus_0581,Isabel Allende,Chile,La casa de los espiritus,Me contó que después que me detuvieron apareció una noche Miguel en la gran casa de la esquina.,18
allende_lacasadelosespiritus_0582,Isabel Allende,Chile,La casa de los espiritus,"Estuvo a punto de darle una apoplejía de susto, pero a los pocos minutos comprendió que los dos tenían una meta en común: rescatarme.",24
allende_lacasadelosespiritus_0583,Isabel Allende,Chile,La casa de los espiritus,"Después Miguel volvió a menudo a verlo, le hacía compañía y juntaban sus esfuerzos para buscarme.",16
allende_lacasadelosespiritus_0584,Isabel Allende,Chile,La casa de los espiritus,"Me cuidaba Rojas, un enfermero, de tronco macizo y cara redonda, vestido con una bata celeste siempre sucia y provisto de una gran bondad.",24
allende_lacasadelosespiritus_0585,Isabel Allende,Chile,La casa de los espiritus,A menudo terminaba de zurcir a alguien y se lo llevaban de nuevo.,13
allende_lacasadelosespiritus_0586,Isabel Allende,Chile,La casa de los espiritus,"Jamás olvidaré cuando me quitaron la venda de los ojos y me encontré en un patio cuadrado y luminoso, rodeada de mujeres que cantaban para mí el Himno a la Alegría.",31
allende_lacasadelosespiritus_0587,Isabel Allende,Chile,La casa de los espiritus,Mi amiga Ana Díaz estaba entre ellas y corrió a abrazarme.,11
allende_lacasadelosespiritus_0588,Isabel Allende,Chile,La casa de los espiritus,"Yo había resistido el infierno con cierta entereza, pero cuando me sentí acompañada, me quebré.",15
allende_lacasadelosespiritus_0589,Isabel Allende,Chile,La casa de los espiritus,"La menor palabra cariñosa me provocaba una crisis de llanto, pasaba la noche con los ojos abiertos en la oscuridad en medio de la promiscuidad de las mujeres, que se turnaban para cuidarme despiertas y no me dejaban nunca sola.",40
allende_lacasadelosespiritus_0590,Isabel Allende,Chile,La casa de los espiritus,Mis compañeras me ayudaban cuando me faltaba la paciencia y el lápiz me temblaba en la mano.,17
allende_lacasadelosespiritus_0591,Isabel Allende,Chile,La casa de los espiritus,Me cambiaban el vendaje con cuidado y me ponían el papel por delante.,13
allende_lacasadelosespiritus_0592,Isabel Allende,Chile,La casa de los espiritus,Me dejaron en un basural cerca del Barrio de la Misericordia.,11
allende_lacasadelosespiritus_0593,Isabel Allende,Chile,La casa de los espiritus,Adentro había un solo bombillo iluminando tristemente el interior.,9
allende_lacasadelosespiritus_0594,Isabel Allende,Chile,La casa de los espiritus,"Salió a recibirme una mujer baja, de piel oscura, con las piernas cruzadas de venas y los ojos hundidos en una red de arrugas bondadosas que no conseguían darle un aspecto de vejez.",33
allende_lacasadelosespiritus_0595,Isabel Allende,Chile,La casa de los espiritus,Esperaron hasta estar seguros que se había ido y después partió el niño a ver lo que habían dejado.,19
allende_lacasadelosespiritus_0596,Isabel Allende,Chile,La casa de los espiritus,Le dije que había corrido mucho riesgo al ayudarme y ella sonrió.,12
allende_lacasadelosespiritus_0597,Isabel Allende,Chile,La casa de los espiritus,"Fuimos juntos a comprar pájaros para las jaulas que estaban vacías desde que mi abuela, presintiendo su muerte, les abrió las puertas.",22
allende_lacasadelosespiritus_0598,Isabel Allende,Chile,La casa de los espiritus,En la perrera escribí con el pensamiento que algún día tendría al coronel García vencido ante mí y podría vengar a todos los que tienen que ser vengados.,28
allende_lacasadelosespiritus_0599,Isabel Allende,Chile,La casa de los espiritus,"Entre su obra narrativa destacan Eva Luna, Paula y El plan infinito.",12
allende_laciudaddelasbestias_0000,Isabel Allende,Chile,La Ciudad de las Bestias,"Pero llovía y llovía desde hacía una semana, un verdadero diluvio, y además a Poncho lo había mordido un venado y no quería moverse.",24
allende_laciudaddelasbestias_0001,Isabel Allende,Chile,La Ciudad de las Bestias,"En las últimas semanas, desde que su madre se enfermó, venía una mujer a limpiar, pero ese día había avisado que no llegaría a causa de la tormenta.",28
allende_laciudaddelasbestias_0002,Isabel Allende,Chile,La Ciudad de las Bestias,"De todos modos, no servía de mucho, porque la casa estaba sucia.",12
allende_laciudaddelasbestias_0003,Isabel Allende,Chile,La Ciudad de las Bestias,El aire de abandono empezaba en el jardín y se extendía por las habitaciones hasta el último rincón.,18
allende_laciudaddelasbestias_0004,Isabel Allende,Chile,La Ciudad de las Bestias,Ella era más estricta que su padre y más astuta: resultaba imposible engañarla porque tenía un tercer ojo para ver lo invisible.,22
allende_laciudaddelasbestias_0005,Isabel Allende,Chile,La Ciudad de las Bestias,"Ya no se oía su voz canturreando en italiano, no había música, ni flores, ni ese olor característico de galletas recién horneadas y pintura.",24
allende_laciudaddelasbestias_0006,Isabel Allende,Chile,La Ciudad de las Bestias,"Sus telas, que antes parecían verdaderas explosiones de color, ahora permanecían olvidadas en los atriles y el óleo se secaba en los tubos.",23
allende_laciudaddelasbestias_0007,Isabel Allende,Chile,La Ciudad de las Bestias,Esas escenas dejaban a Alex temblando: no soportaba ver a su madre sin fuerzas y a su padre con los ojos llenos de lágrimas.,24
allende_laciudaddelasbestias_0008,Isabel Allende,Chile,La Ciudad de las Bestias,"Al principio pensó que eran los gatitos de Nicole en el garaje, pero enseguida se dio cuenta que el ruido provenía de la habitación de sus padres.",27
allende_laciudaddelasbestias_0009,Isabel Allende,Chile,La Ciudad de las Bestias,"La navaja hizo un arco en el aire, pasó rozando su frente y se clavó de punta en el suelo.",20
allende_laciudaddelasbestias_0010,Isabel Allende,Chile,La Ciudad de las Bestias,"Arrastró su escritorio y trancó la puerta, tapándose los oídos para no escuchar a sus padres llamándolo.",17
allende_laciudaddelasbestias_0011,Isabel Allende,Chile,La Ciudad de las Bestias,"Llevó a cabo la destrucción sin prisa, con método, en silencio, como quien realiza una tarea fundamental, y sólo se detuvo cuando se le acabaron las fuerzas y no había nada más por romper.",34
allende_laciudaddelasbestias_0012,Isabel Allende,Chile,La Ciudad de las Bestias,Alexander Coid despertó horas más tarde con las voces de sus hermanas y tardó unos minutos en acordarse de lo sucedido.,21
allende_laciudaddelasbestias_0013,Isabel Allende,Chile,La Ciudad de las Bestias,"Debía lavarse la herida antes que se le infectara, decidió.",10
allende_laciudaddelasbestias_0014,Isabel Allende,Chile,La Ciudad de las Bestias,"Alex, a quien la vista de sangre solía dar fatiga, esta vez soportó la curación sin un solo gesto, agradecido de tener un médico en la familia.",27
allende_laciudaddelasbestias_0015,Isabel Allende,Chile,La Ciudad de las Bestias,Habrá que cerrar esta casa por un tiempo.,8
allende_laciudaddelasbestias_0016,Isabel Allende,Chile,La Ciudad de las Bestias,"Siempre es lo mismo, tú tomas las decisiones y yo tengo que aceptarlas.",13
allende_laciudaddelasbestias_0017,Isabel Allende,Chile,La Ciudad de las Bestias,"Llevarás tu pasaporte, porque creo que vas a iniciar una aventura con mi madre.",14
allende_laciudaddelasbestias_0018,Isabel Allende,Chile,La Ciudad de las Bestias,Además no puedo abandonar la orquesta de un día para otro...,11
allende_laciudaddelasbestias_0019,Isabel Allende,Chile,La Ciudad de las Bestias,"Para Lisa es mucho más duro que para cualquiera de nosotros, Alexander.",12
allende_laciudaddelasbestias_0020,Isabel Allende,Chile,La Ciudad de las Bestias,"Tenía planes simples para el futuro, pensaba ser un músico famoso, como su abuelo Joseph Coid, casarse con Cecilia Burns, en caso que ella lo aceptara, tener dos hijos y vivir cerca de las montañas.",35
allende_laciudaddelasbestias_0021,Isabel Allende,Chile,La Ciudad de las Bestias,"Se veía diminuta, vulnerable y hermosa, a pesar de todo.",10
allende_laciudaddelasbestias_0022,Isabel Allende,Chile,La Ciudad de las Bestias,"Parecían autómatas, la mitad de ellos con un teléfono celular pegado en la oreja y hablando al aire, como dementes.",20
allende_laciudaddelasbestias_0023,Isabel Allende,Chile,La Ciudad de las Bestias,"La había hecho llamar por el altoparlante dos veces, sin obtener respuesta, y ahora tendría que cambiar su billete por monedas para usar el teléfono.",25
allende_laciudaddelasbestias_0024,Isabel Allende,Chile,La Ciudad de las Bestias,"Se felicitó por su buena memoria: podía recordar el número sin vacilar, tal como recordaba su dirección sin haber estado nunca allí, sólo por las tarjetas que le escribía de vez en cuando.",33
allende_laciudaddelasbestias_0025,Isabel Allende,Chile,La Ciudad de las Bestias,¿Qué podía hacer su padre desde tan lejos?,8
allende_laciudaddelasbestias_0026,Isabel Allende,Chile,La Ciudad de las Bestias,"Pasó otra media hora y para entonces sentía tanta rabia contra Kate Coid, que si la hubiera tenido por delante seguro la habría insultado.",24
allende_laciudaddelasbestias_0027,Isabel Allende,Chile,La Ciudad de las Bestias,"El favorito era de una pitón de ocho metros de largo en Malasia, que se tragó su cámara fotográfica.",19
allende_laciudaddelasbestias_0028,Isabel Allende,Chile,La Ciudad de las Bestias,Con razón Lisa Coid se ponía muy nerviosa cuando su suegra llegaba de visita: debía doblar la vigilancia para preservar la salud de sus niños.,25
allende_laciudaddelasbestias_0029,Isabel Allende,Chile,La Ciudad de las Bestias,Con las orejas heladas y las manos metidas en los bolsillos caminó hacia la parada de los buses.,18
allende_laciudaddelasbestias_0030,Isabel Allende,Chile,La Ciudad de las Bestias,La tonta de mi madre me puso un nombre tan vulgar como ella.,13
allende_laciudaddelasbestias_0031,Isabel Allende,Chile,La Ciudad de las Bestias,¿Qué es esa caja que llevas atada a la mochila?,10
allende_laciudaddelasbestias_0032,Isabel Allende,Chile,La Ciudad de las Bestias,"Revisó cada prenda de ropa con pasmosa lentitud, dando vueltas a la ropa, abriendo cada caja y cada envoltorio, sacudiendo la ropa interior a la vista de todo el mundo.",30
allende_laciudaddelasbestias_0033,Isabel Allende,Chile,La Ciudad de las Bestias,No quería que la gente pensara que esa chica y él andaban juntos.,13
allende_laciudaddelasbestias_0034,Isabel Allende,Chile,La Ciudad de las Bestias,"Eran su cruz: esas orejas lo traicionaban siempre, sobre todo cuando estaba frente a Cecilia Burns, la chica de la cual estaba enamorado desde el jardín de infancia sin la menor esperanza de ser correspondido.",35
allende_laciudaddelasbestias_0035,Isabel Allende,Chile,La Ciudad de las Bestias,"No se había desarrollado como varios de sus amigos; todavía era un chiquillo imberbe, uno de los más bajos de su clase.",22
allende_laciudaddelasbestias_0036,Isabel Allende,Chile,La Ciudad de las Bestias,"Debajo llevaba una blusa corta de encaje negro que le dejaba la barriga al aire y un collar de cuero con puntas metálicas, como de perro bravo.",27
allende_laciudaddelasbestias_0037,Isabel Allende,Chile,La Ciudad de las Bestias,Nadie les prestaba atención; había varios asientos vacíos a su alrededor y los otros pasajeros leían o dormitaban.,18
allende_laciudaddelasbestias_0038,Isabel Allende,Chile,La Ciudad de las Bestias,"No se consideraba un puritano, ni mucho menos, había probado marihuana y alcohol algunas veces, como casi todos sus compañeros en la secundaria, pero no lograba comprender su atractivo, excepto el hecho de que estaban prohibidos.",36
allende_laciudaddelasbestias_0039,Isabel Allende,Chile,La Ciudad de las Bestias,"John Coid no era amigo de lisonjas, costaba mucho ganarse una palabra de elogio de su parte, pero su hijo no esperaba oírla, le bastaba esa palmada viril.",28
allende_laciudaddelasbestias_0040,Isabel Allende,Chile,La Ciudad de las Bestias,No pudo evitar una breve sonrisa al acordarse del método empleado por su abuela Kate para cortarle de raíz la tentación del tabaco.,23
allende_laciudaddelasbestias_0041,Isabel Allende,Chile,La Ciudad de las Bestias,"Entonces él tenía once años y, a pesar de que su padre le había dado el sermón sobre el cáncer al pulmón y otras consecuencias de la nicotina, solía fumar a escondidas con sus amigos detrás del gimnasio.",38
allende_laciudaddelasbestias_0042,Isabel Allende,Chile,La Ciudad de las Bestias,"Kate Coid llegó a pasar con ellos la Navidad y con su nariz de sabueso no tardó en descubrir el olor, a pesar de la goma de mascar y el agua de colonia con que él procuraba disimularlo.",38
allende_laciudaddelasbestias_0043,Isabel Allende,Chile,La Ciudad de las Bestias,"Pronto ya no pudo más, abrió la portezuela y se dejó caer como una bolsa en la calle, enfermo hasta el alma.",22
allende_laciudaddelasbestias_0044,Isabel Allende,Chile,La Ciudad de las Bestias,"Su padre creyó que era un virus y su madre sospechó al punto de su suegra, pero no se atrevió a acusarla directamente de envenenar al nieto.",27
allende_laciudaddelasbestias_0045,Isabel Allende,Chile,La Ciudad de las Bestias,Morgana se encogió de hombros y guardó sus tesoros en espera de una ocasión más apropiada.,16
allende_laciudaddelasbestias_0046,Isabel Allende,Chile,La Ciudad de las Bestias,"Comprendió que eran vagabundos durmiendo acurrucados junto a los huecos de calefacción de los edificios, única fuente de calor en la noche invernal.",23
allende_laciudaddelasbestias_0047,Isabel Allende,Chile,La Ciudad de las Bestias,"Por las esquinas había cerros de bolsas negras, algunas rotas y con la basura desparramada.",15
allende_laciudaddelasbestias_0048,Isabel Allende,Chile,La Ciudad de las Bestias,"Alguien en patines con audífonos en las orejas lo atropelló, lanzándolo contra la pared.",14
allende_laciudaddelasbestias_0049,Isabel Allende,Chile,La Ciudad de las Bestias,"Pensó que se encontraba sumido en una pesadilla de ciencia ficción, en una pavorosa megápolis de cemento, acero, vidrio, polución y soledad.",22
allende_laciudaddelasbestias_0050,Isabel Allende,Chile,La Ciudad de las Bestias,"Si no daba con la dirección de su abuela, siempre podía volver al aeropuerto a pasar la noche en algún rincón y volar de vuelta a su casa al día siguiente, para eso contaba con el pasaje de regreso.",39
allende_laciudaddelasbestias_0051,Isabel Allende,Chile,La Ciudad de las Bestias,"En el local todo seguía igual, los mismos empleados sudorosos detrás del mostrador, los mismos parroquianos indiferentes, la misma comida grasienta el mismo ruido de platos y de música rock a todo volumen.",33
allende_laciudaddelasbestias_0052,Isabel Allende,Chile,La Ciudad de las Bestias,"Alex adivinó en un instante quién lo había seguido discretamente quién había aguardado al otro lado de la puerta del baño calculando su oportunidad, quién se había llevado su mochila en un abrir y cerrar de ojos.",37
allende_laciudaddelasbestias_0053,Isabel Allende,Chile,La Ciudad de las Bestias,"Había perdido su dinero, el pasaje de regreso en avión y hasta su preciosa flauta.",15
allende_laciudaddelasbestias_0054,Isabel Allende,Chile,La Ciudad de las Bestias,"Lo único que le quedaba era su pasaporte, que por casualidad llevaba en el bolsillo de la chaqueta Tuvo que hacer un tremendo esfuerzo por combatir las ganas de echarse a llorar como un chiquillo.",35
allende_laciudaddelasbestias_0055,Isabel Allende,Chile,La Ciudad de las Bestias,"Alex era más bien tímido, le costaba abordar a un desconocido para averiguar algo, pero no había otra solución.",19
allende_laciudaddelasbestias_0056,Isabel Allende,Chile,La Ciudad de las Bestias,Tocó el timbre y de inmediato la voz ronca y áspera de Kate Coid preguntó quién se atrevía a molestar a esa hora de la noche.,26
allende_laciudaddelasbestias_0057,Isabel Allende,Chile,La Ciudad de las Bestias,¿No quedamos en que me ibas a recoger en el aeropuerto?,11
allende_laciudaddelasbestias_0058,Isabel Allende,Chile,La Ciudad de las Bestias,"El cabello gris, que ella misma se cortaba a tijeretazos sin mirarse al espejo, se paraba en todas direcciones, como si jamás se lo hubiera peinado.",26
allende_laciudaddelasbestias_0059,Isabel Allende,Chile,La Ciudad de las Bestias,Bebía vodka al seco y fumaba tabaco negro en una pipa de marinero.,13
allende_laciudaddelasbestias_0060,Isabel Allende,Chile,La Ciudad de las Bestias,"Aunque a veces les daba vergüenza presentarla a sus amigos, en el fondo se sentían orgullosos de que un miembro de su familia fuera casi una celebridad.",27
allende_laciudaddelasbestias_0061,Isabel Allende,Chile,La Ciudad de las Bestias,"Ya ves, Alexander, a pesar de todo pudiste llegar hasta mi apartamento sin problemas.",14
allende_laciudaddelasbestias_0062,Isabel Allende,Chile,La Ciudad de las Bestias,Alex abrió con reverencia la gastada caja de cuero y acarició la flauta: era preciosa.,15
allende_laciudaddelasbestias_0063,Isabel Allende,Chile,La Ciudad de las Bestias,"Al soplar, las notas escaparon del instrumento con tal belleza, que él mismo se sorprendió.",15
allende_laciudaddelasbestias_0064,Isabel Allende,Chile,La Ciudad de las Bestias,"No roba, no rapta niños y no destruye la propiedad privada.",11
allende_laciudaddelasbestias_0065,Isabel Allende,Chile,La Ciudad de las Bestias,También había estado con cierta tribu de indios del Amazonas y sostenía que eran los más salvajes del planeta: al primer descuido se comían a sus prisioneros.,27
allende_laciudaddelasbestias_0066,Isabel Allende,Chile,La Ciudad de las Bestias,"Serviría de guía un brasileño de nombre César Santos, quien había pasado la vida en esa región y tenía buenos contactos con los indios.",24
allende_laciudaddelasbestias_0067,Isabel Allende,Chile,La Ciudad de las Bestias,Kate y Alexander Coid iban en un avión comercial sobrevolando el norte del Brasil.,14
allende_laciudaddelasbestias_0068,Isabel Allende,Chile,La Ciudad de las Bestias,"Sólo los astronautas en viaje a la luna han podido verlo entero desde la distancia», leyó Alex en la guía turística que le había comprado su abuela en Río de Janeiro.",31
allende_laciudaddelasbestias_0069,Isabel Allende,Chile,La Ciudad de las Bestias,"No decía que esa inmensa región, último paraíso del planeta, era destruida sistemáticamente por la codicia de empresarios y aventureros, como había aprendido él en la escuela.",27
allende_laciudaddelasbestias_0070,Isabel Allende,Chile,La Ciudad de las Bestias,"Kate informó a su nieto que subirían por el río Negro hasta el Alto Orinoco, un triángulo casi inexplorado donde se concentraba la mayor parte de las tribus.",28
allende_laciudaddelasbestias_0071,Isabel Allende,Chile,La Ciudad de las Bestias,Allí se reunieron con los otros miembros de la expedición del International Geographic.,13
allende_laciudaddelasbestias_0072,Isabel Allende,Chile,La Ciudad de las Bestias,"Además de Kate Coid y su nieto Alexander, iban Timothy Bruce, un fotógrafo inglés con una larga cara de caballo y dientes amarillos de nicotina, con su ayudante mexicano, Joel González, y el famoso antropólogo Ludovic Leblanc.",37
allende_laciudaddelasbestias_0073,Isabel Allende,Chile,La Ciudad de las Bestias,"Entre los humanos es lo mismo: los hombres más violentos mandan, obtienen más mujeres y pasan sus genes a más hijos.",21
allende_laciudaddelasbestias_0074,Isabel Allende,Chile,La Ciudad de las Bestias,"Se pintan el cuerpo, preparan sus armas, cantan, bailan y parten a hacer una incursión en el shabono de otra tribu.",21
allende_laciudaddelasbestias_0075,Isabel Allende,Chile,La Ciudad de las Bestias,"A veces, donde el río se presentaba limpio y calmo, aprovechaban para pescar o nadar un rato.",17
allende_laciudaddelasbestias_0076,Isabel Allende,Chile,La Ciudad de las Bestias,"Los dos primeros días se cruzaron con embarcaciones de diversas clases, desde lanchas a motor y casas flotantes hasta sencillas canoas talladas en troncos de árbol, pero después quedaron solos en la inmensidad de aquel paisaje.",36
allende_laciudaddelasbestias_0077,Isabel Allende,Chile,La Ciudad de las Bestias,"Ése era un planeta de agua: la vida transcurría navegando lentamente, al ritmo del río, de las mareas, de las lluvias, de las inundaciones.",24
allende_laciudaddelasbestias_0078,Isabel Allende,Chile,La Ciudad de las Bestias,"Existían centenares de familias, que nacían y morían en sus embarcaciones, sin haber pasado una noche en tierra firme; otras vivían en casas sobre pilotes a las orillas del río.",30
allende_laciudaddelasbestias_0079,Isabel Allende,Chile,La Ciudad de las Bestias,"Si la separación de los ojos era considerable, lo evitaba como a la peste.",14
allende_laciudaddelasbestias_0080,Isabel Allende,Chile,La Ciudad de las Bestias,"Lo miraba de arriba abajo con evidente desdén y le contestaba que hay dos clases de problemas, los que se arreglan solos y los que no tienen solución, así es que no la molestara con tonterías.",36
allende_laciudaddelasbestias_0081,Isabel Allende,Chile,La Ciudad de las Bestias,Se dedicó a tomar fotografías con la cámara de su abuela para llevar pruebas de vuelta a California.,18
allende_laciudaddelasbestias_0082,Isabel Allende,Chile,La Ciudad de las Bestias,"Esa limitación lo mantenía hambriento durante el viaje; sólo disponía de bananas, un tarro de leche condensada y varios paquetes de galletas.",22
allende_laciudaddelasbestias_0083,Isabel Allende,Chile,La Ciudad de las Bestias,"Había amarrado un tupido velo en tomo a su sombrero australiano para protegerse la cara y pasaba buena parte del día refugiado bajo un mosquitero, que hizo colgar en la popa del barco.",33
allende_laciudaddelasbestias_0084,Isabel Allende,Chile,La Ciudad de las Bestias,"Los caboclos, en cambio, parecían inmunes a las picaduras.",9
allende_laciudaddelasbestias_0085,Isabel Allende,Chile,La Ciudad de las Bestias,"Mientras el capitán procuraba arreglar el desperfecto, el resto de la gente se echó bajo techo a descansar.",18
allende_laciudaddelasbestias_0086,Isabel Allende,Chile,La Ciudad de las Bestias,"Hacía demasiado calor para moverse, pero Alex decidió que era el lugar perfecto para refrescarse.",15
allende_laciudaddelasbestias_0087,Isabel Allende,Chile,La Ciudad de las Bestias,"Le obedeció por hábito, a pesar de que su instinto le advertía lo contrario.",14
allende_laciudaddelasbestias_0088,Isabel Allende,Chile,La Ciudad de las Bestias,Se mantuvo a flote lo más quieto posible y entonces vio a su lado un pez enorme.,17
allende_laciudaddelasbestias_0089,Isabel Allende,Chile,La Ciudad de las Bestias,"A veces pasaba muy cerca y podía tocar su piel, que no era suave como había imaginado, sino áspera.",19
allende_laciudaddelasbestias_0090,Isabel Allende,Chile,La Ciudad de las Bestias,"También los fotógrafos de la expedición, Bruce y González, habían captado la escena.",13
allende_laciudaddelasbestias_0091,Isabel Allende,Chile,La Ciudad de las Bestias,"A medida que se internaban por el río Negro, la vegetación se volvía más voluptuosa, el aire más espeso y fragante, el tiempo más lento y las distancias más incalculables.",30
allende_laciudaddelasbestias_0092,Isabel Allende,Chile,La Ciudad de las Bestias,"A pesar de los antibióticos administrados por la doctora iban tan enfermos, que apenas podían abrir los ojos y a ratos confundían la selva ardiente con sus nevadas montañas de Utah.",31
allende_laciudaddelasbestias_0093,Isabel Allende,Chile,La Ciudad de las Bestias,"Consistía en una veintena de casas, un galpón que hacia las veces de hotel, otro más pequeño donde funcionaba un hospital atendido por dos monjas, un par de pequeños almacenes, una iglesia católica y un cuartel del ejército.",38
allende_laciudaddelasbestias_0094,Isabel Allende,Chile,La Ciudad de las Bestias,Los soldados controlaban la frontera y el tráfico entre Venezuela y Brasil.,12
allende_laciudaddelasbestias_0095,Isabel Allende,Chile,La Ciudad de las Bestias,"Los forasteros iban ocupando la región sin que nadie se los impidiera, empujando a los indios más y más hacia las zonas inexpugnables o matándolos con impunidad.",27
allende_laciudaddelasbestias_0096,Isabel Allende,Chile,La Ciudad de las Bestias,"Alex calculó que la chica tenía la edad de su hermana Andrea, unos doce o trece años.",17
allende_laciudaddelasbestias_0097,Isabel Allende,Chile,La Ciudad de las Bestias,"Alex pensó que, si Andrea viera esos adornos, los copiaría de inmediato, y que si Nicole, su hermana menor, viera el monito negro que la chica llevaba sentado sobre un hombro, se moriría de envidia.",35
allende_laciudaddelasbestias_0098,Isabel Allende,Chile,La Ciudad de las Bestias,"En vista de que había estado a punto de estrellarse, decidió encargar otro motor, que debía llegar en esos días, y agregó con una sonrisa que no podía dejar huérfana a su hija Nadia.",34
allende_laciudaddelasbestias_0099,Isabel Allende,Chile,La Ciudad de las Bestias,"Santa María de la Lluvia era un villorrio somnoliento y tan remoto, que apenas figuraba en los mapas.",18
allende_laciudaddelasbestias_0100,Isabel Allende,Chile,La Ciudad de las Bestias,Algunos morían ahogados; otros morían porque sus competidores les cortaban las mangueras de oxigeno; los mas morían lentamente envenenados por el mercurio que usaban para separar la arena del oro.,30
allende_laciudaddelasbestias_0101,Isabel Allende,Chile,La Ciudad de las Bestias,"Los niños de la aldea, en cambio, jugaban felices en el lodo, acompañados por unos cuantos monos domésticos y perros flacos.",21
allende_laciudaddelasbestias_0102,Isabel Allende,Chile,La Ciudad de las Bestias,"Esos indios llevaban varios años en contacto con la civilización y habían perdido muchas de sus tradiciones y costumbres, como explicó César Santos.",23
allende_laciudaddelasbestias_0103,Isabel Allende,Chile,La Ciudad de las Bestias,"Si ésos eran los feroces indígenas descritos por Leblanc, no resultaban muy impresionantes: eran pequeños, los hombres median menos de un metro cincuenta y los niños parecían miniaturas humanas.",29
allende_laciudaddelasbestias_0104,Isabel Allende,Chile,La Ciudad de las Bestias,Por primera vez en su vida Alex se sintió alto.,10
allende_laciudaddelasbestias_0105,Isabel Allende,Chile,La Ciudad de las Bestias,"Tenían la piel color bronce y pómulos altos; los hombres llevaban el cabello cortado redondo como un plato a la altura de las orejas, lo cual acentuaba su aspecto asiático.",30
allende_laciudaddelasbestias_0106,Isabel Allende,Chile,La Ciudad de las Bestias,"Nadia llevó a su nuevo amigo a conocer el pueblo, lo cual les tomó apenas media hora, pues no había mucho que ver.",23
allende_laciudaddelasbestias_0107,Isabel Allende,Chile,La Ciudad de las Bestias,Tenía una botella de ron en el suelo.,8
allende_laciudaddelasbestias_0108,Isabel Allende,Chile,La Ciudad de las Bestias,Tuvimos que abandonar todo y salir escapando río abajo.,9
allende_laciudaddelasbestias_0109,Isabel Allende,Chile,La Ciudad de las Bestias,Me perdí en la selva y ellos me salvaron la vida.,11
allende_laciudaddelasbestias_0110,Isabel Allende,Chile,La Ciudad de las Bestias,"Son gente buena y libre, para ellos la libertad es más importante que la vida misma, no pueden vivir sin ella.",21
allende_laciudaddelasbestias_0111,Isabel Allende,Chile,La Ciudad de las Bestias,Se había pintado de insecticida de pies a cabeza y había contratado a un indio llamado Karakawe para que lo abanicara con una hoja de banano.,26
allende_laciudaddelasbestias_0112,Isabel Allende,Chile,La Ciudad de las Bestias,"Kate Coid le había contado a su nieto que el Amazonas era un lugar peligroso para los antropólogos, porque solían perder la razón.",23
allende_laciudaddelasbestias_0113,Isabel Allende,Chile,La Ciudad de las Bestias,"Agregó que no tenía el corazón en el cuerpo, sino que lo llevaba en una bolsa, y señaló el maletín de cuero que Carías tenía en la mano.",28
allende_laciudaddelasbestias_0114,Isabel Allende,Chile,La Ciudad de las Bestias,"Por su parte Ludovic Leblanc estaba muy impresionado con Mauro Carías, porque la expedición se había formado gracias a los contactos internacionales de ese hombre.",25
allende_laciudaddelasbestias_0115,Isabel Allende,Chile,La Ciudad de las Bestias,No conocemos ni un diez por ciento de las sustancias medicinales que hay aquí.,14
allende_laciudaddelasbestias_0116,Isabel Allende,Chile,La Ciudad de las Bestias,La expedición no puede continuar sin un médico autorizado y sin las vacunas necesarias.,14
allende_laciudaddelasbestias_0117,Isabel Allende,Chile,La Ciudad de las Bestias,Para ellos el espíritu y la materia no estaban separados.,10
allende_laciudaddelasbestias_0118,Isabel Allende,Chile,La Ciudad de las Bestias,"Tampoco comprendían la necesidad de usar ropa en ese clima o de acumular bienes, si nada podían llevarse al otro mundo cuando morían.",23
allende_laciudaddelasbestias_0119,Isabel Allende,Chile,La Ciudad de las Bestias,"Miles de luciérnagas pasaban fugaces por su lado, rozándoles la cara.",11
allende_laciudaddelasbestias_0120,Isabel Allende,Chile,La Ciudad de las Bestias,"Nadia atrapó una con la mano y se la enredó entre los rizos del cabello, donde quedó titilando como una lucecita.",21
allende_laciudaddelasbestias_0121,Isabel Allende,Chile,La Ciudad de las Bestias,"Borobá, el monito, empezó a dar saltos y emitir chillidos, muy agitado, pero Nadia lo calmó en un instante susurrándole al oído.",22
allende_laciudaddelasbestias_0122,Isabel Allende,Chile,La Ciudad de las Bestias,Alex tuvo la impresión de que el animal entendía perfectamente las palabras de su ama.,15
allende_laciudaddelasbestias_0123,Isabel Allende,Chile,La Ciudad de las Bestias,De lejos le llegaba el sonido apagado de alguien pulsando las cuerdas de una guitarra en la aldea.,18
allende_laciudaddelasbestias_0124,Isabel Allende,Chile,La Ciudad de las Bestias,"Pero no quiso quedar como cobarde ante los ojos de la chica y la Siguió sin decir palabra, empuñando su cortaplumas del ejército suizo abierto.",25
allende_laciudaddelasbestias_0125,Isabel Allende,Chile,La Ciudad de las Bestias,"Dejaron atrás las últimas casuchas de la aldea y siguieron adelante con cuidado, sin más luz que la luna.",19
allende_laciudaddelasbestias_0126,Isabel Allende,Chile,La Ciudad de las Bestias,"La selva resultó menos tupida de lo que Alex creía; la vegetación era densa en las orillas del río, pero luego se raleaba y era posible avanzar sin gran dificultad.",30
allende_laciudaddelasbestias_0127,Isabel Allende,Chile,La Ciudad de las Bestias,"Usaba un breve delantal de fibra vegetal y una docena de collares de conchas, semillas y dientes de jabalí cubriéndole el pecho.",22
allende_laciudaddelasbestias_0128,Isabel Allende,Chile,La Ciudad de las Bestias,"La piel, arrugada como la de un milenario elefante, caía en pliegues sobre su frágil esqueleto.",16
allende_laciudaddelasbestias_0129,Isabel Allende,Chile,La Ciudad de las Bestias,"Nadia se llevó la mano al cabello, desprendió la luciérnaga y se la ofreció; el anciano la aceptó, colocándola entre sus collares.",22
allende_laciudaddelasbestias_0130,Isabel Allende,Chile,La Ciudad de las Bestias,"En un momento el hombre se puso de pie y agitó su corta lanza muy enojado, pero ella lo tranquilizó con largas explicaciones.",23
allende_laciudaddelasbestias_0131,Isabel Allende,Chile,La Ciudad de las Bestias,"Por último el viejo se quitó un amuleto del cuello, un trozo de hueso tallado, y se lo llevó a los labios para soplarlo.",24
allende_laciudaddelasbestias_0132,Isabel Allende,Chile,La Ciudad de las Bestias,"El singular anciano colgó el amuleto en torno al cuello de Nadia, puso las manos en sus hombros a modo de despedida y enseguida desapareció con el mismo sigilo de su llegada.",32
allende_laciudaddelasbestias_0133,Isabel Allende,Chile,La Ciudad de las Bestias,"El muchacho podía jurar que no lo vio retroceder, simplemente se esfumó.",12
allende_laciudaddelasbestias_0134,Isabel Allende,Chile,La Ciudad de las Bestias,¿La ciudad de oro que inventaron los conquistadores?,8
allende_laciudaddelasbestias_0135,Isabel Allende,Chile,La Ciudad de las Bestias,"Se sentía a la intemperie, como si las frágiles paredes que lo separaban de la selva se hubieran disuelto y estuviera expuesto a todos los peligros de aquel mundo desconocido.",30
allende_laciudaddelasbestias_0136,Isabel Allende,Chile,La Ciudad de las Bestias,"Como abuela dejaba mucho que desear, ni siquiera se daba el trabajo de responder a sus preguntas, porque opinaba que lo único que uno aprende es lo que uno averigua solo.",31
allende_laciudaddelasbestias_0137,Isabel Allende,Chile,La Ciudad de las Bestias,"Descalzo y en ropa interior, se acercó sigilosamente a la hamaca donde dormía Nadia junto a su padre, en el otro extremo de la sala común.",26
allende_laciudaddelasbestias_0138,Isabel Allende,Chile,La Ciudad de las Bestias,"Puso una mano en la boca de la chica y murmuró su nombre al oído, procurando no despertar a los demás.",21
allende_laciudaddelasbestias_0139,Isabel Allende,Chile,La Ciudad de las Bestias,"Salieron sigilosos, deslizándose a lo largo de la pared del hotel hacia la terraza, donde Alex había percibido las voces.",20
allende_laciudaddelasbestias_0140,Isabel Allende,Chile,La Ciudad de las Bestias,"Alex se felicitó por haber llamado a Nadia, porque los hombres hablaban en español.",14
allende_laciudaddelasbestias_0141,Isabel Allende,Chile,La Ciudad de las Bestias,¿No hay que proteger a los indios acaso?,8
allende_laciudaddelasbestias_0142,Isabel Allende,Chile,La Ciudad de las Bestias,En menos de tres meses habremos desocupado la zona.,9
allende_laciudaddelasbestias_0143,Isabel Allende,Chile,La Ciudad de las Bestias,"Se desplazaba en su jet y su avioneta, también usaba los vehículos del Ejército, que algunos generales amigos suyos ponían a su disposición.",23
allende_laciudaddelasbestias_0144,Isabel Allende,Chile,La Ciudad de las Bestias,"En todo caso, Carías nunca tuvo que arriesgar la salud como los míseros garimpeiros, porque tenía buenas conexiones y ojo para los negocios, sabía mandar y hacerse respetar; lo que no obtenía por las buenas, lo obtenía por la fuerza.",40
allende_laciudaddelasbestias_0145,Isabel Allende,Chile,La Ciudad de las Bestias,"Muchos murmuraban a sus espaldas que era un criminal, pero nadie se atrevía a decirlo en su cara; no se podía probar que tuviera sangre en las manos.",28
allende_laciudaddelasbestias_0146,Isabel Allende,Chile,La Ciudad de las Bestias,"¿Y esta niña, no va a la escuela?",8
allende_laciudaddelasbestias_0147,Isabel Allende,Chile,La Ciudad de las Bestias,"Los únicos que no se rieron fueron su padre, Alex y Kate Coid.",13
allende_laciudaddelasbestias_0148,Isabel Allende,Chile,La Ciudad de las Bestias,El profesor Leblanc se mantuvo a prudente distancia.,8
allende_laciudaddelasbestias_0149,Isabel Allende,Chile,La Ciudad de las Bestias,"¡De ninguna manera, hombre! Tengo un pequeño zoológico en mi casa de Río de Janeiro.",15
allende_laciudaddelasbestias_0150,Isabel Allende,Chile,La Ciudad de las Bestias,Estoy esperando que llegue una jaula apropiada para enviarlo allá.,10
allende_laciudaddelasbestias_0151,Isabel Allende,Chile,La Ciudad de las Bestias,"Todo desapareció: se encontró solo frente al animal en una vasta planicie de oro, rodeado de altísimas torres negras, bajo un cielo blanco donde flotaban seis lunas transparentes, como medusas.",30
allende_laciudaddelasbestias_0152,Isabel Allende,Chile,La Ciudad de las Bestias,"Los fotógrafos, cogidos de sorpresa, debieron hacer un esfuerzo para recordar que tenían una cámara en las manos.",18
allende_laciudaddelasbestias_0153,Isabel Allende,Chile,La Ciudad de las Bestias,"Sin pensar lo que hacia, Alex se lanzó a la carrera, pisando y haciendo añicos sus lentes, que estaban todavía en el suelo.",23
allende_laciudaddelasbestias_0154,Isabel Allende,Chile,La Ciudad de las Bestias,"Al ver a su nieto abriendo la cerradura, Kate corrió también, pero antes que ella lo alcanzara dos de los empleados de Carías ya habían cogido al muchacho por los brazos y forcejeaban con él.",35
allende_laciudaddelasbestias_0155,Isabel Allende,Chile,La Ciudad de las Bestias,"Sus guardias soltaron a Alex, quien perdió el equilibrio y cayó al suelo, para enfrentar al guía, pero no se atrevieron a ponerle las manos encima porque éste aún empuñaba la pistola humeante.",33
allende_laciudaddelasbestias_0156,Isabel Allende,Chile,La Ciudad de las Bestias,Fuera encontraron a Nadia con el espantado Borobá enrollado en su cintura.,12
allende_laciudaddelasbestias_0157,Isabel Allende,Chile,La Ciudad de las Bestias,"Ese era un aspecto de su trabajo, por el cual ella le daba una remuneración mínima, que sería pagada al regreso, siempre que cumpliera bien.",25
allende_laciudaddelasbestias_0158,Isabel Allende,Chile,La Ciudad de las Bestias,"En un momento de sinceridad, el le había contado cómo rompió todo en su pieza antes de empezar el viaje.",20
allende_laciudaddelasbestias_0159,Isabel Allende,Chile,La Ciudad de las Bestias,"Al ver el instrumento, César Santos le explicó que de nada le servida en la selva, donde no se podía avanzar en línea recta.",24
allende_laciudaddelasbestias_0160,Isabel Allende,Chile,La Ciudad de las Bestias,"Ambos habían dejado sus tribus muy jóvenes, para educarse en las escuelas de los misioneros, donde fueron cristianizados, pero se mantenían en contacto con los indios.",26
allende_laciudaddelasbestias_0161,Isabel Allende,Chile,La Ciudad de las Bestias,"César Santos llevaba lo indispensable para montar el campamento: carpas, comida, utensilios de cocina, luces y radio de pilas, herramientas, redes para fabricar trampas, machetes, cuchillos y algunas chucherías de vidrio y plástico para intercambiar regalos con los indios.",39
allende_laciudaddelasbestias_0162,Isabel Allende,Chile,La Ciudad de las Bestias,Tenía miedo del hombre que «llevaba el corazón en una bolsa».,11
allende_laciudaddelasbestias_0163,Isabel Allende,Chile,La Ciudad de las Bestias,Sin él no podían partir; sólo el inmenso prestigio de su nombre servía de garantía ante el International Geographic dijo.,20
allende_laciudaddelasbestias_0164,Isabel Allende,Chile,La Ciudad de las Bestias,"Alex esperó la oportunidad para contarle en privado a su abuela el extraño diálogo entre Mauro Carías y el capitán Ariosto, que Nadia le había traducido.",26
allende_laciudaddelasbestias_0165,Isabel Allende,Chile,La Ciudad de las Bestias,La primera vez no se dio cuenta hasta que su abuela le señaló los pies: tenía los calcetines ensangrentados.,19
allende_laciudaddelasbestias_0166,Isabel Allende,Chile,La Ciudad de las Bestias,Era más fácil quitárselas de encima que vivir preocupado por evitarlas.,11
allende_laciudaddelasbestias_0167,Isabel Allende,Chile,La Ciudad de las Bestias,Entre los indios todo se compartía y las únicas posesiones eran las pocas armas o primitivas herramientas que cada uno pudiera llevar consigo.,23
allende_laciudaddelasbestias_0168,Isabel Allende,Chile,La Ciudad de las Bestias,"Karakawe era un hombre hosco y lacónico, sólo contestaba con una o dos palabras cuando alguien le hacía una pregunta ineludible; no se llevaba bien con los extranjeros, con los caboclos ni con los indios.",35
allende_laciudaddelasbestias_0169,Isabel Allende,Chile,La Ciudad de las Bestias,"A medida que avanzaban, la navegación se hacía cada vez más dificultosa porque el río solía angostarse, precipitándose en rápidos que amenazaban volcar los lanchones.",25
allende_laciudaddelasbestias_0170,Isabel Allende,Chile,La Ciudad de las Bestias,"Debían apagar los motores y seguir a remo, usando pértigas de bambú para apartar los escombros.",16
allende_laciudaddelasbestias_0171,Isabel Allende,Chile,La Ciudad de las Bestias,"Varias veces resultaron ser grandes caimanes, que vistos desde arriba se confundían con troncos.",14
allende_laciudaddelasbestias_0172,Isabel Allende,Chile,La Ciudad de las Bestias,Blancas garzas los observaban inmóviles desde el pasto alto que crecía a orillas del río y por todos lados había mariposas de brillantes colores.,24
allende_laciudaddelasbestias_0173,Isabel Allende,Chile,La Ciudad de las Bestias,"La doctora Omayra Torres estuvo de acuerdo y recomendó al muchacho americano que frotara la cicatriz de su mano con el jugo de la planta, aunque en realidad no era necesario, porque había sanado bien.",35
allende_laciudaddelasbestias_0174,Isabel Allende,Chile,La Ciudad de las Bestias,"Vieron loros verdes y rojos, elegantes flamencos, tucanes con el pico tan grande y pesado, que apenas podían sostenerlo en sus frágiles cráneos, centenares de canarios y cotorras.",28
allende_laciudaddelasbestias_0175,Isabel Allende,Chile,La Ciudad de las Bestias,"Los monos de diferentes clases, casi humanos en sus expresiones y en sus juegos, parecían saludarlos desde los árboles.",19
allende_laciudaddelasbestias_0176,Isabel Allende,Chile,La Ciudad de las Bestias,"Cuando él tocaba, el monito se quedaba inmóvil escuchando, con una expresión solemne y curiosa; a veces le saltaba encima y tironeaba del instrumento, pidiendo música.",26
allende_laciudaddelasbestias_0177,Isabel Allende,Chile,La Ciudad de las Bestias,"Los miembros de la expedición se sentían confortados por la música, que los acompañaba a medida que el paisaje se volvía más hostil y misterioso.",25
allende_laciudaddelasbestias_0178,Isabel Allende,Chile,La Ciudad de las Bestias,Un instante después media docena de armas de fuego se descargaron contra la espesura.,14
allende_laciudaddelasbestias_0179,Isabel Allende,Chile,La Ciudad de las Bestias,"No se detuvieron hasta dos horas más tarde, cuando consideró que estaban a salvo.",14
allende_laciudaddelasbestias_0180,Isabel Allende,Chile,La Ciudad de las Bestias,"Asombrados, los miembros de la expedición guardaron silencio.",8
allende_laciudaddelasbestias_0181,Isabel Allende,Chile,La Ciudad de las Bestias,"Si desea regresar, puede hacerlo a pie o nadando, como prefiera.",11
allende_laciudaddelasbestias_0182,Isabel Allende,Chile,La Ciudad de las Bestias,"Kate Coid, quien no era una mujer religiosa, pero tenía buena memoria y recordaba las oraciones de su infancia, improvisó un breve rito cristiano.",24
allende_laciudaddelasbestias_0183,Isabel Allende,Chile,La Ciudad de las Bestias,"Timothy Bruce y Joel González filmaron y fotografiaron el cuerpo y el funeral, como prueba de lo ocurrido.",18
allende_laciudaddelasbestias_0184,Isabel Allende,Chile,La Ciudad de las Bestias,"Alex se agachó e hizo ademán de disparar, como hacia cuando jugaba de niño.",14
allende_laciudaddelasbestias_0185,Isabel Allende,Chile,La Ciudad de las Bestias,Lo más probable es que para entonces ya estemos todos muertos.,11
allende_laciudaddelasbestias_0186,Isabel Allende,Chile,La Ciudad de las Bestias,"Se encontraban en un lugar apacible donde el río formaba una pequeña laguna, perfecto para detenerse por un par de horas a comer y reponer las fuerzas.",27
allende_laciudaddelasbestias_0187,Isabel Allende,Chile,La Ciudad de las Bestias,"Con las pértigas los guardias movieron el agua y como no vieron huellas de caimanes, todos decidieron bañarse, menos el profesor Ludovic Leblanc, quien no se metía al río por ningún motivo.",32
allende_laciudaddelasbestias_0188,Isabel Allende,Chile,La Ciudad de las Bestias,"Trató de no mirarla, pero pronto comprendió que allí, en medio de la naturaleza y tan lejos del mundo conocido, la vergüenza por el cuerpo no tenía cabida.",28
allende_laciudaddelasbestias_0189,Isabel Allende,Chile,La Ciudad de las Bestias,"Consideró cómo cambia el cuerpo en las diferentes edades y decidió que las tres mujeres, a su manera, eran igualmente hermosas.",21
allende_laciudaddelasbestias_0190,Isabel Allende,Chile,La Ciudad de las Bestias,Un alarido escalofriante sacó a Alex de tan importantes cavilaciones.,10
allende_laciudaddelasbestias_0191,Isabel Allende,Chile,La Ciudad de las Bestias,"El fotógrafo ya no se debatía ni gritaba, estaba inconsciente.",10
allende_laciudaddelasbestias_0192,Isabel Allende,Chile,La Ciudad de las Bestias,"El profesor Leblanc se había puesto tan nervioso, que desde un lugar seguro disparaba tiros al aire, contribuyendo a la confusión y el trastorno general, hasta que Kate Coid le quitó la pistola y lo conminó a callarse.",38
allende_laciudaddelasbestias_0193,Isabel Allende,Chile,La Ciudad de las Bestias,Esperemos que no tenga los pulmones agujereados por un hueso o el cuello fracturado.,14
allende_laciudaddelasbestias_0194,Isabel Allende,Chile,La Ciudad de las Bestias,¿Ayer usted quería disponer de un bote para escapar y ahora no quiere enviar uno con mi amigo mal herido?,20
allende_laciudaddelasbestias_0195,Isabel Allende,Chile,La Ciudad de las Bestias,El profesor Leblanc insistió en ser fotografiado con la anaconda enrollada en torno a su cuerpo de tal modo que no se viera que le faltaba la cabeza.,28
allende_laciudaddelasbestias_0196,Isabel Allende,Chile,La Ciudad de las Bestias,"Comparado con el venado, era desabrido, pero Alex decidió que en todo caso era preferible a los gomosos panqueques que preparaba su padre.",23
allende_laciudaddelasbestias_0197,Isabel Allende,Chile,La Ciudad de las Bestias,"Se quedó con el trozo de anaconda ensartado en el palillo mirando la noche, pensativo.",15
allende_laciudaddelasbestias_0198,Isabel Allende,Chile,La Ciudad de las Bestias,"Esa noche colgaron las hamacas entre los árboles y César Santos asignó los turnos, de dos horas cada uno, para montar guardia y mantener el fuego encendido.",27
allende_laciudaddelasbestias_0199,Isabel Allende,Chile,La Ciudad de las Bestias,"El segundo turno correspondía a otro soldado, Alex y Kate Coid; el tercero a Matuwe, César Santos y su hija Nadia.",21
allende_laciudaddelasbestias_0200,Isabel Allende,Chile,La Ciudad de las Bestias,"Lo que a ti te repugna, para otro puede ser atractivo.",11
allende_laciudaddelasbestias_0201,Isabel Allende,Chile,La Ciudad de las Bestias,"Se sentían expuestos, iluminados como estaban por la tembleque claridad de la fogata y un par de lámparas de petróleo.",20
allende_laciudaddelasbestias_0202,Isabel Allende,Chile,La Ciudad de las Bestias,Descubrió que podía trasladarse a ese lugar íntimo de quietud y silencio que debía alcanzar cuando escalaba montañas.,18
allende_laciudaddelasbestias_0203,Isabel Allende,Chile,La Ciudad de las Bestias,En un instante su abuela estaba a su lado empuñando su rifle.,12
allende_laciudaddelasbestias_0204,Isabel Allende,Chile,La Ciudad de las Bestias,"Por suerte la brisa corría en dirección contraria, así es que no pudo olerlos.",14
allende_laciudaddelasbestias_0205,Isabel Allende,Chile,La Ciudad de las Bestias,"César Santos fue el primero en deslizarse con cautela de su hamaca y evaluar la situación, a pesar de la pésima visibilidad.",22
allende_laciudaddelasbestias_0206,Isabel Allende,Chile,La Ciudad de las Bestias,"Todos necesitamos dormir, para eso se establecen los turnos.",9
allende_laciudaddelasbestias_0207,Isabel Allende,Chile,La Ciudad de las Bestias,"Apenas empezaba a aclarar, la bruma era lechosa y el frío intenso, pero ya todos estaban en pie.",18
allende_laciudaddelasbestias_0208,Isabel Allende,Chile,La Ciudad de las Bestias,Nadia se abrazó a su padre y ocultó la cara en su pecho para no ver el siniestro espectáculo.,19
allende_laciudaddelasbestias_0209,Isabel Allende,Chile,La Ciudad de las Bestias,"En ese instante Leblanc retrocedió, tropezó y cayó sentado en el barro.",12
allende_laciudaddelasbestias_0210,Isabel Allende,Chile,La Ciudad de las Bestias,"Lanzó una maldición y quiso ponerse de pie, pero cada movimiento que hacia resbalaba más y más, revolcándose en una materia oscura, blanda y con grumos.",26
allende_laciudaddelasbestias_0211,Isabel Allende,Chile,La Ciudad de las Bestias,"Karakawe, su ayudante personal, se negó rotundamente a jabonarlo o a lavarle la ropa y, a pesar de las trágicas circunstancias, los demás debieron contenerse para no estallar en carcajadas de puros nervios.",33
allende_laciudaddelasbestias_0212,Isabel Allende,Chile,La Ciudad de las Bestias,El profesor sugirió que se separaran y los que así lo desearan volvieran a la aldea en una de las lanchas.,21
allende_laciudaddelasbestias_0213,Isabel Allende,Chile,La Ciudad de las Bestias,"A media mañana todo estuvo listo, los expedicionarios se despidieron y la lancha con el herido emprendió el regreso.",19
allende_laciudaddelasbestias_0214,Isabel Allende,Chile,La Ciudad de las Bestias,"Era de una sencillez infantil: un gran hoyo en el suelo, cubierto por una red disimulada con hojas y ramas.",20
allende_laciudaddelasbestias_0215,Isabel Allende,Chile,La Ciudad de las Bestias,"Había una costra delgada de humus, más abajo una dura maraña de raíces, luego arcilla resbaladiza como jabón, y a medida que cavaban, el pozo iba llenándose de un agua rojiza donde nadaban toda suerte de animalejos.",37
allende_laciudaddelasbestias_0216,Isabel Allende,Chile,La Ciudad de las Bestias,"Todos, menos Leblanc, consideraron que en teoría podía funcionar, pero estaban demasiado cansados para probarlo y decidieron postergar el proyecto hasta la mañana siguiente.",24
allende_laciudaddelasbestias_0217,Isabel Allende,Chile,La Ciudad de las Bestias,¿Meterla en una jaula por el resto de su vida?,10
allende_laciudaddelasbestias_0218,Isabel Allende,Chile,La Ciudad de las Bestias,"Era tan variada la fauna, que nunca había silencio, desde el amanecer hasta muy entrada la noche se escuchaba el canto de los tucanes y loros; por la noche empezaba la algarabía de sapos y monos aulladores.",37
allende_laciudaddelasbestias_0219,Isabel Allende,Chile,La Ciudad de las Bestias,"Las chozas comunitarias que había visto eran más bien pequeñas, lo cual significaba que cada tribu se componía de muy pocas familias.",22
allende_laciudaddelasbestias_0220,Isabel Allende,Chile,La Ciudad de las Bestias,"El profesor Leblanc se paseaba por el campamento, furioso ante esa nueva contrariedad, mientras los demás se turnaban tratando en vano de enviar o recibir un mensaje.",27
allende_laciudaddelasbestias_0221,Isabel Allende,Chile,La Ciudad de las Bestias,"Dijo que ella se acostó cuando terminó su vigilancia, pero no se durmió de inmediato y desde su hamaca pudo ver a Karakawe cerca del aparato.",26
allende_laciudaddelasbestias_0222,Isabel Allende,Chile,La Ciudad de las Bestias,Tal vez parte del plan es que no podamos pedir socorro en caso de necesidad.,15
allende_laciudaddelasbestias_0223,Isabel Allende,Chile,La Ciudad de las Bestias,"De los indios, en cambio, podemos estar seguros.",8
allende_laciudaddelasbestias_0224,Isabel Allende,Chile,La Ciudad de las Bestias,"Al verlos, Timothy Bruce y Kate Coid insistieron en tomarles fotos y Omayra Torres en peinar el cabello rizado de la chica y adornarlo con minúsculas orquídeas.",27
allende_laciudaddelasbestias_0225,Isabel Allende,Chile,La Ciudad de las Bestias,"A esa hora las sombras de la vegetación comenzaban a envolverlos como un cerco, en menos de una hora el bosque se tornaría negro y pesado.",26
allende_laciudaddelasbestias_0226,Isabel Allende,Chile,La Ciudad de las Bestias,"Al principio Nadia pretendió ignorarlo, pero el animal no la dejó en paz hasta que ella se puso de pie.",20
allende_laciudaddelasbestias_0227,Isabel Allende,Chile,La Ciudad de las Bestias,"Todavía quedaba algo de claridad diurna, pero casi no se distinguían colores, el mundo aparecía en tonos de gris y negro.",21
allende_laciudaddelasbestias_0228,Isabel Allende,Chile,La Ciudad de las Bestias,"Nadie contestó, pero un movimiento apenas perceptible entre las hojas indicó que los indios se aproximaban.",16
allende_laciudaddelasbestias_0229,Isabel Allende,Chile,La Ciudad de las Bestias,"En la penumbra y sin anteojos, Alex no estaba seguro de lo que veía, pero su corazón se disparó en loca carrera y sintió que la sangre se le agolpaba en las sienes.",33
allende_laciudaddelasbestias_0230,Isabel Allende,Chile,La Ciudad de las Bestias,"Había una tensión similar, como si los acontecimientos transcurrieran en una burbuja de vidrio que en cualquier instante podía hacerse añicos.",21
allende_laciudaddelasbestias_0231,Isabel Allende,Chile,La Ciudad de las Bestias,"El peligro estaba en el aire, tal como lo había estado con el jaguar, pero el chico no tuvo miedo.",20
allende_laciudaddelasbestias_0232,Isabel Allende,Chile,La Ciudad de las Bestias,"Los indios se disolvían como sombras en la noche, eran mudos fantasmas que podían caerles encima y asesinarlos en cuestión de un instante sin que ellos alcanzaran a darse cuenta.",30
allende_laciudaddelasbestias_0233,Isabel Allende,Chile,La Ciudad de las Bestias,"Para el resto de los expedicionarios, esa lancha representaba la única posibilidad de regresar a la civilización; sin ella y sin la radio se encontraban definitivamente aislados.",27
allende_laciudaddelasbestias_0234,Isabel Allende,Chile,La Ciudad de las Bestias,"Alex había renunciado a usar sus botas, no sólo porque estaban siempre húmedas y con mal olor, sino porque le apretaban; suponía que con el agua se habían encogido.",29
allende_laciudaddelasbestias_0235,Isabel Allende,Chile,La Ciudad de las Bestias,El muchacho no pudo evitar un alarido: sintió que lo quemaban con un cigarro en el tobillo.,17
allende_laciudaddelasbestias_0236,Isabel Allende,Chile,La Ciudad de las Bestias,Seguía convencida de que Karakawe era la persona designada para cumplir los siniestros planes de Carías.,16
allende_laciudaddelasbestias_0237,Isabel Allende,Chile,La Ciudad de las Bestias,No volvieron a sentir el penetrante olor de la Bestia.,10
allende_laciudaddelasbestias_0238,Isabel Allende,Chile,La Ciudad de las Bestias,"No se atrevió a quitarse la camiseta que le cubría la cabeza para no provocar a sus agresores, pero como al rato de espera nada acontecía, optó por arrancársela de encima.",31
allende_laciudaddelasbestias_0239,Isabel Allende,Chile,La Ciudad de las Bestias,"Cuando se habituaron sus ojos a la leve claridad de la luna, se vio en medio del bosque, tirado sobre el colchón de humus que cubría el suelo.",28
allende_laciudaddelasbestias_0240,Isabel Allende,Chile,La Ciudad de las Bestias,"Por lo visto los indios habían tratado a Nadia con más suavidad, porque la chica se movía entre ellos con confianza.",21
allende_laciudaddelasbestias_0241,Isabel Allende,Chile,La Ciudad de las Bestias,"Los indios retrocedieron un par de pasos y esgrimieron sus armas, atónitos.",12
allende_laciudaddelasbestias_0242,Isabel Allende,Chile,La Ciudad de las Bestias,"Nadia sonreía también y Borobá daba saltos y mostraba los dientes, histérico de risa.",14
allende_laciudaddelasbestias_0243,Isabel Allende,Chile,La Ciudad de las Bestias,"Enseguida los guerreros hicieron circular una vejiga de animal con un jugo viscoso de olor acre y sabor a vinagre, mientras salmodiaban un canto para desafiar a los fantasmas que causan pesadillas por la noche.",35
allende_laciudaddelasbestias_0244,Isabel Allende,Chile,La Ciudad de las Bestias,"Con el golpe recibido en el cráneo y el masato, el muchacho se trasladó sin esfuerzo al planeta de las arenas de oro y las seis lunas en el cielo fosforescente, que había visto en el patio de Mauro Carías.",40
allende_laciudaddelasbestias_0245,Isabel Allende,Chile,La Ciudad de las Bestias,"Estaba tan confundido e intoxicado que no habría podido dar ni un paso, pero por suerte no tuvo que hacerlo, porque los guerreros también sentían la influencia del licor y pronto yacían por el suelo roncando.",36
allende_laciudaddelasbestias_0246,Isabel Allende,Chile,La Ciudad de las Bestias,"Ovillado en el suelo, sin acordarse de los fantasmas de las pesadillas, las hormigas de fuego, las tarántulas o las serpientes, se abandonó al sueño.",25
allende_laciudaddelasbestias_0247,Isabel Allende,Chile,La Ciudad de las Bestias,"El mono se inmovilizó por completo, como convertido en piedra, y ella alcanzó a vislumbrar una gigantesca figura en la luz de la luna antes que el olor la hiciera perder los sentidos.",33
allende_laciudaddelasbestias_0248,Isabel Allende,Chile,La Ciudad de las Bestias,El muchacho gateó hasta ella conteniendo a duras penas los sobresaltos de sus tripas.,14
allende_laciudaddelasbestias_0249,Isabel Allende,Chile,La Ciudad de las Bestias,"Es enorme, un gigante... Alex se fue detrás de un helecho a vaciar el estómago, con lo cual se sintió algo más aliviado, a pesar de que el hedor del aire le devolvía las náuseas.",35
allende_laciudaddelasbestias_0250,Isabel Allende,Chile,La Ciudad de las Bestias,"Varios de ellos llevaban gruesos palos y todos lucían cicatrices en la cabeza, que equivalían a orgullosas condecoraciones de guerra: el valor y la fortaleza se medía por las huellas de los garrotazos soportados.",34
allende_laciudaddelasbestias_0251,Isabel Allende,Chile,La Ciudad de las Bestias,"Alex debió sacudir a Nadia para despabilaría, porque el espanto de haber visto a la Bestia la noche anterior la había dejado atontada.",23
allende_laciudaddelasbestias_0252,Isabel Allende,Chile,La Ciudad de las Bestias,Calculó cuán útil podía ser en la vida el truco de la invisibilidad y se propuso aprenderlo.,17
allende_laciudaddelasbestias_0253,Isabel Allende,Chile,La Ciudad de las Bestias,"Alex sentía hambre, pero estaba agradecido de que al menos el tobillo donde lo había picado la hormiga ya no le dolía.",22
allende_laciudaddelasbestias_0254,Isabel Allende,Chile,La Ciudad de las Bestias,"Entre otras cosas, no se había cepillado los dientes ni cambiado la ropa en varios días.",16
allende_laciudaddelasbestias_0255,Isabel Allende,Chile,La Ciudad de las Bestias,En un par de ocasiones le dio una mirada a su compás y descubrió que marchaban en dirección al noreste.,20
allende_laciudaddelasbestias_0256,Isabel Allende,Chile,La Ciudad de las Bestias,"Una vez que se hubieron apaciguado un poco los ánimos, Alex convenció a Nadia que con una cuerda él podía ayudarla a subir.",23
allende_laciudaddelasbestias_0257,Isabel Allende,Chile,La Ciudad de las Bestias,"Te ayudaré a subir, lo haremos juntos, te lo prometo.",10
allende_laciudaddelasbestias_0258,Isabel Allende,Chile,La Ciudad de las Bestias,Y acuérdate que tienes la protección del talismán.,8
allende_laciudaddelasbestias_0259,Isabel Allende,Chile,La Ciudad de las Bestias,No podían imaginar por qué los forasteros hacían algo tan absurdo: si uno resbalaba arrastraría al otro.,17
allende_laciudaddelasbestias_0260,Isabel Allende,Chile,La Ciudad de las Bestias,Centenares de pájaros negros cruzaban la cascada en todas direcciones.,10
allende_laciudaddelasbestias_0261,Isabel Allende,Chile,La Ciudad de las Bestias,"El rugido del agua era tal que resultaba imposible comunicarse y tampoco podían hacerlo por señas, puesto que la visibilidad era casi nula, el vapor de agua convertía el aire en espuma blanca.",33
allende_laciudaddelasbestias_0262,Isabel Allende,Chile,La Ciudad de las Bestias,"Sin conocer su existencia y su ubicación exacta, era imposible ascender por esas paredes lisas, mojadas y resbalosas, con la atronadora presencia de la cascada a la espalda.",28
allende_laciudaddelasbestias_0263,Isabel Allende,Chile,La Ciudad de las Bestias,"También le explicó que la primera parte era más difícil por la niebla producida al estrellarse el agua contra el suelo, pero a medida que subieran seguramente sería menos resbaloso y podrían ver mejor.",34
allende_laciudaddelasbestias_0264,Isabel Allende,Chile,La Ciudad de las Bestias,"La cuerda que la unía a Alex le daba algo de seguridad, aunque era fácil adivinar que un paso en falso de cualquiera de ellos lanzaría a ambos al vacío.",30
allende_laciudaddelasbestias_0265,Isabel Allende,Chile,La Ciudad de las Bestias,"Las fisuras en la montaña eran suficientemente profundas para apoyarse, el peligro mayor consistía en separar el cuerpo, debía moverse pegada a la roca.",24
allende_laciudaddelasbestias_0266,Isabel Allende,Chile,La Ciudad de las Bestias,"Justo cuando Alex y Nadia se preguntaban cómo harían para continuar el ascenso a la parte superior de la catarata, las muescas en la roca se desviaron hacia la derecha.",30
allende_laciudaddelasbestias_0267,Isabel Allende,Chile,La Ciudad de las Bestias,"Escalar era su pasión, sólo comparable a su amor por la flauta.",12
allende_laciudaddelasbestias_0268,Isabel Allende,Chile,La Ciudad de las Bestias,"El descenso, suspendido de una frágil cuerda en el abismo, con un mar de agua rugiendo a su alrededor, a Alex le pareció peor que la subida.",27
allende_laciudaddelasbestias_0269,Isabel Allende,Chile,La Ciudad de las Bestias,Veía muy poco y ni siquiera sabia quién había resbalado ni dónde buscarlo.,13
allende_laciudaddelasbestias_0270,Isabel Allende,Chile,La Ciudad de las Bestias,"Mientras lo descendían hizo un esfuerzo por ver más allá de sus narices y respirar, pero apenas podía abrir los ojos y sentía los pulmones llenos de agua.",28
allende_laciudaddelasbestias_0271,Isabel Allende,Chile,La Ciudad de las Bestias,"Se balanceaba en el vacío, rogando para que la cuerda de lianas no cediera.",14
allende_laciudaddelasbestias_0272,Isabel Allende,Chile,La Ciudad de las Bestias,"Calculó que sólo tendría una oportunidad de agarrarlo y más valía hacerlo con precisión, si no el hombre, empapado como estaba, se le resbalaría entre los dedos como un pez.",30
allende_laciudaddelasbestias_0273,Isabel Allende,Chile,La Ciudad de las Bestias,"Acurrucada con Borobá en un rincón, ni cuenta se dio ella del heroísmo de su amigo, porque estaba todavía tratando de recuperarse del ascenso a la montaña.",27
allende_laciudaddelasbestias_0274,Isabel Allende,Chile,La Ciudad de las Bestias,"El cazador no probaba la carne de su víctima, era mala educación y mala suerte, debía esperar que otro cazador le ofreciera de la suya.",25
allende_laciudaddelasbestias_0275,Isabel Allende,Chile,La Ciudad de las Bestias,"Todavía faltaba un par de horas para la puesta del sol y en el altiplano, donde la cúpula vegetal era menos densa, la luz del día duraba más que en el valle.",32
allende_laciudaddelasbestias_0276,Isabel Allende,Chile,La Ciudad de las Bestias,"Tapirawa-teri era diferente al típico shabono, lo cual confirmó la sospecha de Alex que la gente de la neblina no era como los demás indios y seguramente tenía muy poco contacto con otras tribus del Amazonas.",36
allende_laciudaddelasbestias_0277,Isabel Allende,Chile,La Ciudad de las Bestias,"Surgiendo del aire, como fantasmas, llegaron las mujeres y los niños a recibir a los guerreros.",16
allende_laciudaddelasbestias_0278,Isabel Allende,Chile,La Ciudad de las Bestias,Por todo vestido llevaban dibujos pintados en el cuerpo y algunas plumas o flores atadas en los brazos o ensartadas en las orejas.,23
allende_laciudaddelasbestias_0279,Isabel Allende,Chile,La Ciudad de las Bestias,Andar vestido resultaba indecente cuando todos los demás estaban desnudos.,10
allende_laciudaddelasbestias_0280,Isabel Allende,Chile,La Ciudad de las Bestias,"Nunca habían visto personas de aspecto tan singular, sobre todo el muchacho americano, tan blanco en algunas partes.",18
allende_laciudaddelasbestias_0281,Isabel Allende,Chile,La Ciudad de las Bestias,"Alex sintió que examinaban con especial curiosidad la diferencia de color entre lo que habitualmente cubría su traje de baño y el resto del cuerpo, bronceado por el sol.",29
allende_laciudaddelasbestias_0282,Isabel Allende,Chile,La Ciudad de las Bestias,"Los indios se agrupaban por familias, pero los muchachos adolescentes y hombres solteros vivían separados en una habitación común, donde había hamacas colgadas de palos y esterillas en el suelo.",30
allende_laciudaddelasbestias_0283,Isabel Allende,Chile,La Ciudad de las Bestias,El único castigo entre la gente de la neblina era el aislamiento: nada temían tanto como ser excluidos de la comunidad.,21
allende_laciudaddelasbestias_0284,Isabel Allende,Chile,La Ciudad de las Bestias,Habían vivido igual durante miles de años y no deseaban cambiar.,11
allende_laciudaddelasbestias_0285,Isabel Allende,Chile,La Ciudad de las Bestias,"Cuando bajó la temperatura, Alex se puso su ropa, pero igual tiritaba.",12
allende_laciudaddelasbestias_0286,Isabel Allende,Chile,La Ciudad de las Bestias,"Se acostó solo en un rincón sintiéndose insignificante, menos que una pulga.",12
allende_laciudaddelasbestias_0287,Isabel Allende,Chile,La Ciudad de las Bestias,"Tenía frío y hambre, supuso que ésa sería una noche muy larga, pero en menos de cinco minutos estaba durmiendo como si lo hubieran anestesiado.",25
allende_laciudaddelasbestias_0288,Isabel Allende,Chile,La Ciudad de las Bestias,"Entre la gente de la neblina había muchas mascotas: monos que se criaban con los niños, perritos que las mujeres amamantaban igual que a sus hijos, tucanes, loros, iguanas y hasta un decrépito jaguar amarillo, inofensivo, con una pata coja.",40
allende_laciudaddelasbestias_0289,Isabel Allende,Chile,La Ciudad de las Bestias,Alex pensó en lo feliz que estaría su hermana Nicole en medio de aquella exótica fauna amaestrada.,17
allende_laciudaddelasbestias_0290,Isabel Allende,Chile,La Ciudad de las Bestias,"Buena parte del día se fue en preparar la fiesta para celebrar el regreso de los guerreros y la visita de las dos «almas blancas», como llamaron a Nadia y Alex.",31
allende_laciudaddelasbestias_0291,Isabel Allende,Chile,La Ciudad de las Bestias,"Todos participaron, menos un hombre, que permaneció sentado en un extremo de la aldea, separado de los demás.",18
allende_laciudaddelasbestias_0292,Isabel Allende,Chile,La Ciudad de las Bestias,"Los niños más pequeños juntaban hormigas y otros insectos para cocinarlos; los mayores recolectaron nueces y frutas, otros subieron con increíble agilidad a uno de los árboles para sacar miel de un panal; única fuente de azúcar en la selva.",40
allende_laciudaddelasbestias_0293,Isabel Allende,Chile,La Ciudad de las Bestias,"Desde que podían tenerse en pie, los muchachos aprendían a trepar, eran capaces de correr sobre las ramas más altas de un árbol sin perder el equilibrio.",27
allende_laciudaddelasbestias_0294,Isabel Allende,Chile,La Ciudad de las Bestias,"Caminaron un buen rato bosque adentro, cruzaron el río sujetándose con pértigas y lianas, y llegaron frente a unas esbeltas palmeras cuyos troncos estaban erizados de afiladas espinas.",28
allende_laciudaddelasbestias_0295,Isabel Allende,Chile,La Ciudad de las Bestias,"Era una descortesía que un invitado rechazara el ofrecimiento de comida o bebida, de manera que Alex y Nadia, imitando a los demás, se llenaron la panza hasta sufrir arcadas, lo cual se consideraba una muestra de muy buenos modales.",40
allende_laciudaddelasbestias_0296,Isabel Allende,Chile,La Ciudad de las Bestias,"Finalmente los hombres se lucieron solos, primero girando en una rueda imitando monos, jaguares y caimanes, enseguida hicieron una demostración de fuerza y destreza blandiendo sus armas y dando saltos ornamentales.",31
allende_laciudaddelasbestias_0297,Isabel Allende,Chile,La Ciudad de las Bestias,"Aunque bebía pequeños sorbos de masato, no pudo probar la comida.",11
allende_laciudaddelasbestias_0298,Isabel Allende,Chile,La Ciudad de las Bestias,"Otro anciano, con reputación de curandero, se presentó ante él cubierto con una costra de barro seco y una resma a la cual le habían pegado plumitas blancas, dándole el aspecto de un extraño pájaro recién nacido.",37
allende_laciudaddelasbestias_0299,Isabel Allende,Chile,La Ciudad de las Bestias,"Los hombres, embriagados y enardecidos, podían ponerse violentos de un momento a otro.",13
allende_laciudaddelasbestias_0300,Isabel Allende,Chile,La Ciudad de las Bestias,El agudo graznido de lechuza que emitía el hueso tallado sonó extraño en ese lugar.,15
allende_laciudaddelasbestias_0301,Isabel Allende,Chile,La Ciudad de las Bestias,"Uno de los guerreros agredió a Tahama y éste le devolvió el gesto con un garrotazo en la cabeza, que lo dejó tirado en el suelo y sangrando; debieron intervenir varios hombres para separar y calmar a los exaltados.",39
allende_laciudaddelasbestias_0302,Isabel Allende,Chile,La Ciudad de las Bestias,"No era un espectáculo muy agradable, pero lo usaban para transportarse al mundo de los espíritus.",16
allende_laciudaddelasbestias_0303,Isabel Allende,Chile,La Ciudad de las Bestias,"Cuando creía que estaba a salvo, se sintió rodeado y antes que pudiera echar a correr de nuevo, las mujeres de la tribu le cayeron encima.",26
allende_laciudaddelasbestias_0304,Isabel Allende,Chile,La Ciudad de las Bestias,"Pensó que en las películas y en las novelas ése sería el momento en que llegan los helicópteros a rescatarlo y miró el cielo sin esperanza, porque en la vida real los helicópteros nunca llegan a tiempo.",37
allende_laciudaddelasbestias_0305,Isabel Allende,Chile,La Ciudad de las Bestias,"Entretanto Nadia se había acercado al árbol sin que nadie la detuviera, porque ninguno de los guerreros podía imaginar que una muchacha se atreviera a desafiarlos.",26
allende_laciudaddelasbestias_0306,Isabel Allende,Chile,La Ciudad de las Bestias,"Los dos amigos empezaron a retroceder disimuladamente, sin atreverse a echar a correr para no atraer la atención de los guerreros.",21
allende_laciudaddelasbestias_0307,Isabel Allende,Chile,La Ciudad de las Bestias,Ese era el momento en que el arte de la invisibilidad les hubiera servido mucho.,15
allende_laciudaddelasbestias_0308,Isabel Allende,Chile,La Ciudad de las Bestias,"El anciano brujo apareció con su colección de bolsitas colgadas del bastón, su corta lanza y el cilindro de cuarzo que sonaba como un cascabel.",25
allende_laciudaddelasbestias_0309,Isabel Allende,Chile,La Ciudad de las Bestias,"Venía acompañado por una muchacha joven, con el cabello como un manto negro colgando hasta la cintura, las cejas depiladas, collares de cuentas y unos palillos pulidos atravesados en las mejillas y la nariz.",34
allende_laciudaddelasbestias_0310,Isabel Allende,Chile,La Ciudad de las Bestias,Tal como le había enseñado Nadia: había que «ver con el corazón».,12
allende_laciudaddelasbestias_0311,Isabel Allende,Chile,La Ciudad de las Bestias,"Todos soñaban y tenían visiones, pero sólo aquellos elegidos, como Walimaí, viajaban al mundo de los espíritus superiores, donde aprendían el significado de las visiones y podían guiar a los demás y cambiar el rumbo de los desastres naturales.",39
allende_laciudaddelasbestias_0312,Isabel Allende,Chile,La Ciudad de las Bestias,"No se bañan en el río, no conocen las reglas de la decencia o la cortesía, no comparten su casa, su comida, sus hijos o sus mujeres.",27
allende_laciudaddelasbestias_0313,Isabel Allende,Chile,La Ciudad de las Bestias,"A pesar del peligro de ser vistos desde el aire, los indios encendieron una gran fogata para cremar el cuerpo y durante horas se consumieron los restos del jefe, mientras los habitantes de la aldea lamentaban su partida.",38
allende_laciudaddelasbestias_0314,Isabel Allende,Chile,La Ciudad de las Bestias,Se miró las manos y vio que eran dos patas terminadas en garras afiladas.,14
allende_laciudaddelasbestias_0315,Isabel Allende,Chile,La Ciudad de las Bestias,Sus poderosas alas de águila hembra apenas se movían; el aire frío la sostenía y bastaba el más leve movimiento para cambiar el rumbo o la velocidad del viaje.,29
allende_laciudaddelasbestias_0316,Isabel Allende,Chile,La Ciudad de las Bestias,"La niña pájaro dio varias vueltas olímpicas sobrevolando el Ojo del Mundo, examinando desde arriba las vidas de los indios.",20
allende_laciudaddelasbestias_0317,Isabel Allende,Chile,La Ciudad de las Bestias,"A la mañana del día siguiente, cuando los muchachos regresaron del mundo de los animales totémicos, cada uno contó su experiencia.",21
allende_laciudaddelasbestias_0318,Isabel Allende,Chile,La Ciudad de las Bestias,"La calabaza con ese líquido gris pasó de mano en mano y todos, hasta los niños, bebieron un sorbo.",19
allende_laciudaddelasbestias_0319,Isabel Allende,Chile,La Ciudad de las Bestias,"Dijo que eran tiempos de seis lunas en el firmamento, tiempos en que los dioses se habían visto obligados a abandonar su morada.",23
allende_laciudaddelasbestias_0320,Isabel Allende,Chile,La Ciudad de las Bestias,Era la primera vez desde que podían recordar que una mujer ocupaba ese cargo.,14
allende_laciudaddelasbestias_0321,Isabel Allende,Chile,La Ciudad de las Bestias,De ese modo la sabia mujer distribuyó el poder y organizó a la gente de la neblina para enfrentar los tiempos terribles que se avecinaban.,25
allende_laciudaddelasbestias_0322,Isabel Allende,Chile,La Ciudad de las Bestias,"La gente de la neblina peligraba, sólo esos dos forasteros podrían traer la salvación y estaban obligados a partir pronto.",20
allende_laciudaddelasbestias_0323,Isabel Allende,Chile,La Ciudad de las Bestias,"Después el muchacho contó a Nadia que si él hubiera sabido en qué consistía la ceremonia, tal vez la experiencia hubiera sido menos terrorífica.",24
allende_laciudaddelasbestias_0324,Isabel Allende,Chile,La Ciudad de las Bestias,"Al pasar la piedra de afeitar se abrió la herida, pero le aplicaron un poco de barro y al poco rato dejó de sangrar.",24
allende_laciudaddelasbestias_0325,Isabel Allende,Chile,La Ciudad de las Bestias,"En medio de su aturdimiento, Alexander Coid sintió que esas palabras se referían a conceptos que él mismo había presentido, entonces dejó de razonar y se abandonó a la extraña experiencia de «pensar con el corazón».",36
allende_laciudaddelasbestias_0326,Isabel Allende,Chile,La Ciudad de las Bestias,"Pasaron las horas y el muchacho fue perdiendo el sentido del tiempo, del espacio, de su propia realidad y hundiéndose en un estado de terror y profunda fatiga.",28
allende_laciudaddelasbestias_0327,Isabel Allende,Chile,La Ciudad de las Bestias,"Se dirigieron en procesión hacia el río, tocando sus instrumentos y blandiendo sus armas, allí lo hundieron en el agua varias veces, hasta que creyó morir ahogado.",27
allende_laciudaddelasbestias_0328,Isabel Allende,Chile,La Ciudad de las Bestias,Lo frotaron con hojas abrasivas para desprender la pintura negra y luego le pusieron pimienta sobre la piel ardiente.,19
allende_laciudaddelasbestias_0329,Isabel Allende,Chile,La Ciudad de las Bestias,"Alex, agotado después de aquella larga y aterradora noche, demoró un momento en entender lo que se esperaba de él.",20
allende_laciudaddelasbestias_0330,Isabel Allende,Chile,La Ciudad de las Bestias,"Cuando lo hicieron, sintió como si lo quemaran con ácido hasta el hueso.",13
allende_laciudaddelasbestias_0331,Isabel Allende,Chile,La Ciudad de las Bestias,"Se sintió tan fuerte e invencible como lo había estado en la forma del jaguar negro, al beber la poción mágica de Walimaí.",23
allende_laciudaddelasbestias_0332,Isabel Allende,Chile,La Ciudad de las Bestias,"Lisa lo había llamado tanto con el pensamiento, que no le extrañó verlo llegar.",14
allende_laciudaddelasbestias_0333,Isabel Allende,Chile,La Ciudad de las Bestias,"Estiró las manos y él avanzó hasta tocarla, se arrodilló junto al sillón y puso la cabeza sobre sus rodillas.",20
allende_laciudaddelasbestias_0334,Isabel Allende,Chile,La Ciudad de las Bestias,Tardó unos minutos en reconocer a la muchacha dorada que se inclinaba a su lado para darle agua.,18
allende_laciudaddelasbestias_0335,Isabel Allende,Chile,La Ciudad de las Bestias,"Alex decidió que si antes fue capaz de comer anaconda asada, bien podía probar ese pescado, aunque estuviera lleno de escamas y espinas.",23
allende_laciudaddelasbestias_0336,Isabel Allende,Chile,La Ciudad de las Bestias,"¡Y pensar que me he privado de este plato delicioso por más de quince años!, exclamó al segundo bocado.",19
allende_laciudaddelasbestias_0337,Isabel Allende,Chile,La Ciudad de las Bestias,"No parecía humano: se alimentaba con sorbos de agua y unas cuantas nueces que chupaba largamente con sus encías desdentadas, dormía apenas y le sobraban fuerzas para seguir caminando cuando los jóvenes se caían de cansancio.",36
allende_laciudaddelasbestias_0338,Isabel Allende,Chile,La Ciudad de las Bestias,"Las primeras se violaban constantemente, pero ya no era tan fácil hacer lo mismo con las segundas, porque los ojos del mundo estaban puestos en esos indios del Amazonas, últimos sobrevivientes de la Edad de Piedra.",36
allende_laciudaddelasbestias_0339,Isabel Allende,Chile,La Ciudad de las Bestias,"Ya no podían exterminarlos a bala y fuego, como habían hecho hasta hacía muy pocos años, sin provocar una reacción internacional.",21
allende_laciudaddelasbestias_0340,Isabel Allende,Chile,La Ciudad de las Bestias,"No había lógica alguna en lo que estaban haciendo, pensó con un suspiro.",13
allende_laciudaddelasbestias_0341,Isabel Allende,Chile,La Ciudad de las Bestias,"Alex intentó cazar un tucán que descansaba a pocos metros sobre una rama, pero su flecha no dio en el blanco.",21
allende_laciudaddelasbestias_0342,Isabel Allende,Chile,La Ciudad de las Bestias,"Alexander pensó que al principio del viaje se hubiera reído de la idea, pero ahora escuchaba con atención lo que decía su amiga.",23
allende_laciudaddelasbestias_0343,Isabel Allende,Chile,La Ciudad de las Bestias,"Cuando los jóvenes despertaron, el indio estaba exactamente en la misma posición en que lo habían visto la noche anterior: invulnerable al frío y la fatiga.",26
allende_laciudaddelasbestias_0344,Isabel Allende,Chile,La Ciudad de las Bestias,"Walimaí explicó que la cumbre jamás se despejaba y nadie, ni siquiera el poderoso Rahakanariwa había visitado ese lugar sin ser invitado por los dioses.",25
allende_laciudaddelasbestias_0345,Isabel Allende,Chile,La Ciudad de las Bestias,"En cada uno de sus viajes espirituales lo había buscado, pero ninguna visión había venido en su ayuda.",18
allende_laciudaddelasbestias_0346,Isabel Allende,Chile,La Ciudad de las Bestias,"Les quedó claro, sin embargo, que nadie más que él estaba autorizado para cruzar el umbral del mundo de los dioses, aunque en un par de ocasiones extraordinarias otros indios entraron también.",32
allende_laciudaddelasbestias_0347,Isabel Allende,Chile,La Ciudad de las Bestias,"La gente de la neblina puede ser salvada por un águila y un jaguar, por eso ustedes han sido invitados a la morada secreta de los dioses.",27
allende_laciudaddelasbestias_0348,Isabel Allende,Chile,La Ciudad de las Bestias,Si salgo vivo... Alexander nunca se había puesto en el caso de morir joven.,14
allende_laciudaddelasbestias_0349,Isabel Allende,Chile,La Ciudad de las Bestias,"Al pie del tepui, se dio cuenta de que la vida estaba llena de sorpresas.",15
allende_laciudaddelasbestias_0350,Isabel Allende,Chile,La Ciudad de las Bestias,Una vez más tuvo conciencia de los riesgos.,8
allende_laciudaddelasbestias_0351,Isabel Allende,Chile,La Ciudad de las Bestias,Debía admitirlo: su abuela le había hecho un inmenso favor al arrancarlo de la seguridad de California y lanzarlo a ese extraño mundo.,23
allende_laciudaddelasbestias_0352,Isabel Allende,Chile,La Ciudad de las Bestias,"Nadia y Alex se tiraron al agua, espantando a las anguilas eléctricas y las tortugas que reposaban en el fondo, mientras Borobá cazaba moscas y se rascaba las pulgas en la orilla.",32
allende_laciudaddelasbestias_0353,Isabel Allende,Chile,La Ciudad de las Bestias,"El muchacho se sentía absolutamente cómodo con esa chica, se divertía con ella y le tenía confianza, porque en ese ambiente era mucho más sabia que él.",27
allende_laciudaddelasbestias_0354,Isabel Allende,Chile,La Ciudad de las Bestias,"A veces caía en la tentación de compararla con Cecilia Burns, pero no había por dónde empezar a hacerlo: eran totalmente distintas.",22
allende_laciudaddelasbestias_0355,Isabel Allende,Chile,La Ciudad de las Bestias,"Detestaba cuando las chicas cuchicheaban y se reían entre ellas, se sentía inseguro, pensaba que se burlaban de él.",19
allende_laciudaddelasbestias_0356,Isabel Allende,Chile,La Ciudad de las Bestias,"Anunció que había hallado la entrada a la montaña de los dioses y, después de ocultar el arco y las flechas, que no podrían usar, los invitó a seguirlo.",29
allende_laciudaddelasbestias_0357,Isabel Allende,Chile,La Ciudad de las Bestias,"Quiso consultar su brújula, pero la aguja vibraba enloquecida, acentuando la impresión de que andaban en círculos.",17
allende_laciudaddelasbestias_0358,Isabel Allende,Chile,La Ciudad de las Bestias,"Era un pasaje angosto de unos tres o cuatro metros de largo, que se abría a una cueva espaciosa, alumbrada apenas por un rayo de luz que provenía del exterior, donde pudieron ponerse de pie.",35
allende_laciudaddelasbestias_0359,Isabel Allende,Chile,La Ciudad de las Bestias,En la luz vacilante vieron elevarse una nube oscura y compacta de miles y miles de murciélagos.,17
allende_laciudaddelasbestias_0360,Isabel Allende,Chile,La Ciudad de las Bestias,"Ninguno habló, pero a veces Borobá lanzaba un grito asustado y entonces el eco del laberinto les devolvía el sonido multiplicado.",21
allende_laciudaddelasbestias_0361,Isabel Allende,Chile,La Ciudad de las Bestias,Poco a poco vislumbraron el fin del largo pasadizo.,9
allende_laciudaddelasbestias_0362,Isabel Allende,Chile,La Ciudad de las Bestias,"El laberinto que habían dejado atrás era de piedra oscura, pero ahora estaban en una sala circular, iluminada, bajo una bóveda de catedral, rodeados de cristales y piedras preciosas.",29
allende_laciudaddelasbestias_0363,Isabel Allende,Chile,La Ciudad de las Bestias,"Alex sabía muy poco de minerales, pero pudo reconocer ópalos, topacios, ágatas, trozos de cuarzo y alabastro, jade y turmalina.",20
allende_laciudaddelasbestias_0364,Isabel Allende,Chile,La Ciudad de las Bestias,"La mezcla era un aroma rancio, intenso y penetrante, un poco nauseabundo, mezcla de perfume y tumba.",17
allende_laciudaddelasbestias_0365,Isabel Allende,Chile,La Ciudad de las Bestias,"La mujer espíritu del chamán, liviana como una libélula, cruzó volando la gruta y fue a posarse entre las alas del animal, cabalgándolo.",23
allende_laciudaddelasbestias_0366,Isabel Allende,Chile,La Ciudad de las Bestias,"Alex todavía procuraba encontrar explicaciones racionales para lo que sucedía, en cambio Nadia aceptaba lo maravilloso sin hacer preguntas.",19
allende_laciudaddelasbestias_0367,Isabel Allende,Chile,La Ciudad de las Bestias,"Los había en la China, donde eran símbolo de buena suerte, tanto como en Inglaterra, donde servían para probar el valor de los caballeros como San Jorge.",27
allende_laciudaddelasbestias_0368,Isabel Allende,Chile,La Ciudad de las Bestias,"Bueno, tal vez encontraría una después... Siguieron a Walimaí por nuevos túneles, mientras la luz de la antorcha iba haciéndose cada vez más débil.",24
allende_laciudaddelasbestias_0369,Isabel Allende,Chile,La Ciudad de las Bestias,"En otra cueva, que exhalaba una densa niebla púrpura, como la de ciertos crepúsculos, crecían inexplicables flores sobre la roca viva.",21
allende_laciudaddelasbestias_0370,Isabel Allende,Chile,La Ciudad de las Bestias,Alex imaginó que esa criatura había permanecido en su hermética tumba desde los albores de la humanidad y seguiría intacta en el mismo lugar dentro de miles y miles de años.,31
allende_laciudaddelasbestias_0371,Isabel Allende,Chile,La Ciudad de las Bestias,Finalmente el grupo alcanzó al último pasaje de aquel inmenso laberinto.,11
allende_laciudaddelasbestias_0372,Isabel Allende,Chile,La Ciudad de las Bestias,Eran las lunas que Alex había visto en sus visiones.,10
allende_laciudaddelasbestias_0373,Isabel Allende,Chile,La Ciudad de las Bestias,"Nadia y Alex ahogaron una exclamación, cegados por el resplandor increíble de la ciudad de oro, la morada de los dioses.",21
allende_laciudaddelasbestias_0374,Isabel Allende,Chile,La Ciudad de las Bestias,"Alex esbozó una sonrisa, pensando que si los conquistadores y tantos otros aventureros hubieran logrado vencer los increíbles obstáculos del camino para alcanzar El Dorado habrían salido más pobres de lo que llegaron.",33
allende_laciudaddelasbestias_0375,Isabel Allende,Chile,La Ciudad de las Bestias,"Estaba a media cuadra de distancia, dirigiéndose hacia la ciudad.",10
allende_laciudaddelasbestias_0376,Isabel Allende,Chile,La Ciudad de las Bestias,"Se movía con tan increíble lentitud, que era como si no se moviera en absoluto.",15
allende_laciudaddelasbestias_0377,Isabel Allende,Chile,La Ciudad de las Bestias,"Paralizados de terror y sorpresa, permanecieron inmóviles estudiando a la criatura.",11
allende_laciudaddelasbestias_0378,Isabel Allende,Chile,La Ciudad de las Bestias,"Era un ser indefenso, porque le faltaba velocidad para atacar, escapar o protegerse, pero tenía pocos predadores: su piel gruesa y su carne agria no era plato apetecible ni para el más hambriento de los carnívoros.",36
allende_laciudaddelasbestias_0379,Isabel Allende,Chile,La Ciudad de las Bestias,"Su esposa y él cayeron de rodillas al suelo, postrados ante ese ser extraordinario, y entonces los chicos oyeron claramente una voz profunda y cavernosa que pronunciaba unas palabras en la lengua de la gente de la neblina.",38
allende_laciudaddelasbestias_0380,Isabel Allende,Chile,La Ciudad de las Bestias,Recordaban muy bien el aspecto del soldado muerto.,8
allende_laciudaddelasbestias_0381,Isabel Allende,Chile,La Ciudad de las Bestias,La tremenda lentitud de la criatura le habría dado tiempo sobrado.,11
allende_laciudaddelasbestias_0382,Isabel Allende,Chile,La Ciudad de las Bestias,La explicación sólo podía estar en la fetidez paralizante que emanaba.,11
allende_laciudaddelasbestias_0383,Isabel Allende,Chile,La Ciudad de las Bestias,"No bastaba taparse la nariz, el hedor penetraba por cada poro del cuerpo, apoderándose del cerebro y la voluntad; era un veneno tan mortal como el curare.",27
allende_laciudaddelasbestias_0384,Isabel Allende,Chile,La Ciudad de las Bestias,"El mono era como una extensión de su ser; estaban ambos tan acostumbrados al contacto de sus cuerpos, que una separación, por breve que fuera, la sentían como una premonición de muerte.",32
allende_laciudaddelasbestias_0385,Isabel Allende,Chile,La Ciudad de las Bestias,"Al observar a las criaturas de cerca, comprendió que dada su limitación para moverse, no podían cazar y debían ser vegetarianas.",21
allende_laciudaddelasbestias_0386,Isabel Allende,Chile,La Ciudad de las Bestias,"Las tremendas garras no estaban hechas para matar, sino para trepar.",11
allende_laciudaddelasbestias_0387,Isabel Allende,Chile,La Ciudad de las Bestias,"Un silencio eterno acogió esta introducción, como si las palabras tardaran mucho en hacer impacto en los cerebros de esos seres.",21
allende_laciudaddelasbestias_0388,Isabel Allende,Chile,La Ciudad de las Bestias,"Empezó un diálogo lentísimo entre el brujo y las criaturas, que Nadia y Alex entendieron sin dificultad, porque había tiempo para meditar y consultarse después de cada palabra.",28
allende_laciudaddelasbestias_0389,Isabel Allende,Chile,La Ciudad de las Bestias,"Colocaban sus ofrecimientos en las cercanías del tepui, sin internarse a través del laberinto secreto, y enviaban al mensajero a avisar a los dioses.",24
allende_laciudaddelasbestias_0390,Isabel Allende,Chile,La Ciudad de las Bestias,"Los mensajeros morían y eran reemplazados por otros, pero cada palabra de esos poemas quedaba almacenada en los cerebros de las Bestias.",22
allende_laciudaddelasbestias_0391,Isabel Allende,Chile,La Ciudad de las Bestias,"Entonces las Bestias decidieron salir a matarlos, sin sospechar que había millones y millones de ellos.",16
allende_laciudaddelasbestias_0392,Isabel Allende,Chile,La Ciudad de las Bestias,Alex y Nadia escucharon a las Bestias contar su historia y fueron sacando muchas conclusiones.,15
allende_laciudaddelasbestias_0393,Isabel Allende,Chile,La Ciudad de las Bestias,Seguramente la Bestia identificó el olor y por eso no lo atacó.,12
allende_laciudaddelasbestias_0394,Isabel Allende,Chile,La Ciudad de las Bestias,El chico logró explicar a las Bestias que la única esperanza de salvación para ellas era permanecer dentro del tepui y para los indios era establecer contacto con la civilización en forma controlada.,33
allende_laciudaddelasbestias_0395,Isabel Allende,Chile,La Ciudad de las Bestias,Al hundirse sentía en la piel el cosquilleo de las burbujas de aire.,13
allende_laciudaddelasbestias_0396,Isabel Allende,Chile,La Ciudad de las Bestias,"El chamán la ofreció a las Bestias, luego bebió él y les dio a los muchachos y a Borobá.",19
allende_laciudaddelasbestias_0397,Isabel Allende,Chile,La Ciudad de las Bestias,"Al despertar por la mañana no tuvieron que contar lo que habían visto, porque todos estuvieron presentes en el mismo sueño, hasta el pequeño Borobá.",25
allende_laciudaddelasbestias_0398,Isabel Allende,Chile,La Ciudad de las Bestias,"Sabían lo que debían hacer, cada uno conocía su papel en los acontecimientos que vendrían.",15
allende_laciudaddelasbestias_0399,Isabel Allende,Chile,La Ciudad de las Bestias,Se habían atrevido a solicitar algo de los dioses sin ofrecer algo a cambio...,14
allende_laciudaddelasbestias_0400,Isabel Allende,Chile,La Ciudad de las Bestias,Las dulces notas del instrumento irrumpieron tentativamente en el aire caliente del tepui.,13
allende_laciudaddelasbestias_0401,Isabel Allende,Chile,La Ciudad de las Bestias,"Había frutas y hongos mortales, otros inducían visiones de pesadilla o destruían la voluntad, otros borraban la memoria para siempre, según les explicó el chamán.",25
allende_laciudaddelasbestias_0402,Isabel Allende,Chile,La Ciudad de las Bestias,"Durante sus paseos se topaban por aquí y por allá con las Bestias, que pasaban la mayor parte de su existencia aletargadas.",22
allende_laciudaddelasbestias_0403,Isabel Allende,Chile,La Ciudad de las Bestias,"El mono se aferró a una pierna de Walimaí gimiendo y amenazando con el puño, pero no intentó desobedecerle.",19
allende_laciudaddelasbestias_0404,Isabel Allende,Chile,La Ciudad de las Bestias,"Los dos amigos se abrazaron estrechamente, atemorizados y conmovidos.",9
allende_laciudaddelasbestias_0405,Isabel Allende,Chile,La Ciudad de las Bestias,Nadia Santos subió por la misma escalera tallada en la roca por donde había descendido con Walimaí y Alex desde el laberinto hasta la base del tepui.,27
allende_laciudaddelasbestias_0406,Isabel Allende,Chile,La Ciudad de las Bestias,"Luchando contra el vértigo, echó una mirada rápida hacia abajo y vio el extraordinario paisaje verdeazul del valle, envuelto en tenue bruma, con la magnífica ciudad de oro al centro.",30
allende_laciudaddelasbestias_0407,Isabel Allende,Chile,La Ciudad de las Bestias,Luego miró hacia arriba y sus ojos se perdieron en las nubes.,12
allende_laciudaddelasbestias_0408,Isabel Allende,Chile,La Ciudad de las Bestias,"Respiró con todo su ánimo para que el aire limpio le llenara el pecho y recorriera los caminos de su cuerpo, hasta alcanzar las puntas de los dedos de los pies y las manos.",34
allende_laciudaddelasbestias_0409,Isabel Allende,Chile,La Ciudad de las Bestias,"La vegetación que crecía en las laderas la ayudaba, había raíces, arbustos y lianas.",14
allende_laciudaddelasbestias_0410,Isabel Allende,Chile,La Ciudad de las Bestias,"Las Bestias debían haber subido también en busca de alimento, o bien no conocían el mapa del laberinto y cada vez que entraban o salían del tepui debían ascender hasta la cima y descender por el otro lado.",38
allende_laciudaddelasbestias_0411,Isabel Allende,Chile,La Ciudad de las Bestias,"Ella era Águila, el pájaro de más alto vuelo, la reina del cielo, la que hace su nido donde sólo los ángeles alcanzan.",23
allende_laciudaddelasbestias_0412,Isabel Allende,Chile,La Ciudad de las Bestias,"Se detuvo a menudo, muy cansada, luchando contra la tentación de mirar hacia abajo o calcular la distancia hacia arriba, concentrada sólo en el próximo movimiento.",26
allende_laciudaddelasbestias_0413,Isabel Allende,Chile,La Ciudad de las Bestias,"Si al menos lloviera, pensó, pero ni una gota caía de las nubes.",13
allende_laciudaddelasbestias_0414,Isabel Allende,Chile,La Ciudad de las Bestias,"Ella era el vacío, sin deseos, ni recuerdos.",8
allende_laciudaddelasbestias_0415,Isabel Allende,Chile,La Ciudad de las Bestias,"El terreno se veía quebrado en hondas grietas, en parte rocoso y en otras cubierto de vegetación tupida.",18
allende_laciudaddelasbestias_0416,Isabel Allende,Chile,La Ciudad de las Bestias,"A poca distancia, en una hendidura formada por grandes rocas se encontraba el nido y en su centro vio los tres huevos de cristal.",24
allende_laciudaddelasbestias_0417,Isabel Allende,Chile,La Ciudad de las Bestias,"Era imposible que esos objetos, del tamaño de un huevo de tucán, pesaran de esa manera.",16
allende_laciudaddelasbestias_0418,Isabel Allende,Chile,La Ciudad de las Bestias,La muchacha se sentó sobre una de las rocas sin entender lo que ocurría y sin poder creer que toda esa aventura y el esfuerzo de llegar hasta allí hubieran sido inútiles.,32
allende_laciudaddelasbestias_0419,Isabel Allende,Chile,La Ciudad de las Bestias,"Tuvo fuerza sobrehumana para subir como una lagartija por las paredes internas del tepui y ahora, cuando finalmente estaba en la cima, las fuerzas le fallaban para mover ni un milímetro el tesoro que había ido a buscar.",38
allende_laciudaddelasbestias_0420,Isabel Allende,Chile,La Ciudad de las Bestias,"Por cada cosa que uno toma, se debe dar otra a cambio.",12
allende_laciudaddelasbestias_0421,Isabel Allende,Chile,La Ciudad de las Bestias,"Se aproximó, presentando su cuerpo adolorido para que la sangre goteara sobre el nido.",14
allende_laciudaddelasbestias_0422,Isabel Allende,Chile,La Ciudad de las Bestias,Al inclinarse sintió el talismán contra su pecho y comprendió de inmediato que ése era el precio que debía pagar por los huevos.,23
allende_laciudaddelasbestias_0423,Isabel Allende,Chile,La Ciudad de las Bestias,"Nadia cerró los ojos, agotada, mientras el sol que se filtraba por las nubes iba cambiando de color.",18
allende_laciudaddelasbestias_0424,Isabel Allende,Chile,La Ciudad de las Bestias,"Vio los huevos desde arriba, brillando en el nido, como en esa visión, y tuvo la misma certeza de entonces: esos huevos contenían la salvación para la gente de la neblina.",31
allende_laciudaddelasbestias_0425,Isabel Allende,Chile,La Ciudad de las Bestias,Los otros dos fueron igualmente fáciles de tomar.,8
allende_laciudaddelasbestias_0426,Isabel Allende,Chile,La Ciudad de las Bestias,A medida que avanzaba el túnel parecía angostarse y pensó que no podría dar la vuelta para salir.,18
allende_laciudaddelasbestias_0427,Isabel Allende,Chile,La Ciudad de las Bestias,"Se detuvo muchas veces con intención de retroceder antes de que fuera demasiado tarde, pero cada vez siguió adelante impulsado por el recuerdo de su madre.",26
allende_laciudaddelasbestias_0428,Isabel Allende,Chile,La Ciudad de las Bestias,"Allí estaba con su padre, aquí estaba absolutamente solo.",9
allende_laciudaddelasbestias_0429,Isabel Allende,Chile,La Ciudad de las Bestias,"Visualizó los dedos de sus pies y los fue relajando uno a uno, luego las piernas, las rodillas, las caderas, la espalda, los brazos hasta las puntas de los dedos, la nuca, la mandíbula, los párpados.",36
allende_laciudaddelasbestias_0430,Isabel Allende,Chile,La Ciudad de las Bestias,"Viniendo de la tumba donde había estado, esa laguna y ese río blancos le parecieron lo más hermoso que había visto en su vida.",24
allende_laciudaddelasbestias_0431,Isabel Allende,Chile,La Ciudad de las Bestias,"Imposible, dijo, las sirenas no existen, me estoy volviendo loco, es el gas, el olor; pero la muchacha parecía real, su largo cabello se movía, su piel irradiaba luz, sus gestos eran humanos, su voz seductora.",36
allende_laciudaddelasbestias_0432,Isabel Allende,Chile,La Ciudad de las Bestias,"Iba a hacerlo cuando notó que la aparición era igual a Cecilia Burns, su mismo cabello castaño, sus mismos ojos azules, sus mismos gestos lánguidos.",25
allende_laciudaddelasbestias_0433,Isabel Allende,Chile,La Ciudad de las Bestias,"No, ésa no era el agua milagrosa que devolvería la salud a su madre, decidió; era una jugarreta de su mente para distraerlo de su misión.",26
allende_laciudaddelasbestias_0434,Isabel Allende,Chile,La Ciudad de las Bestias,"Alexander Coid siguió el sendero, dejando atrás la laguna y la prodigiosa aparición de la muchacha.",16
allende_laciudaddelasbestias_0435,Isabel Allende,Chile,La Ciudad de las Bestias,"Le sorprendió que la tenue claridad persistía, al menos ya no debía ir arrastrándose y a tientas.",17
allende_laciudaddelasbestias_0436,Isabel Allende,Chile,La Ciudad de las Bestias,"El aroma fue haciéndose más tenue, hasta desaparecer del todo.",10
allende_laciudaddelasbestias_0437,Isabel Allende,Chile,La Ciudad de las Bestias,"El largo sendero estaba cubierto de un moho resbaloso donde hervía un millar de criaturas minúsculas, larvas, insectos, gusanos y grandes sapos azulados, con la piel tan transparente que se podían ver los órganos internos palpitando.",36
allende_laciudaddelasbestias_0438,Isabel Allende,Chile,La Ciudad de las Bestias,Se compraría un coche de carrera para matar de envidia a sus amigos y dejar a Cecilia Burns con la boca abierta.,22
allende_laciudaddelasbestias_0439,Isabel Allende,Chile,La Ciudad de las Bestias,En unas pocas horas podría llenar la calabaza y cambiar el destino de la gente de la neblina y de su propia familia.,23
allende_laciudaddelasbestias_0440,Isabel Allende,Chile,La Ciudad de las Bestias,Minutos más tarde logró soltarla y cuando la tuvo entre los dedos pudo verla bien.,15
allende_laciudaddelasbestias_0441,Isabel Allende,Chile,La Ciudad de las Bestias,"Decidió no perder energía contemplando los posibles errores cometidos, sino en el obstáculo que tenía por delante.",17
allende_laciudaddelasbestias_0442,Isabel Allende,Chile,La Ciudad de las Bestias,"Durante el invierno del año anterior, su madre le había pedido que trasladara una gran pila de leña del patio al fondo del garaje.",24
allende_laciudaddelasbestias_0443,Isabel Allende,Chile,La Ciudad de las Bestias,"Una bocanada de vapor caliente le dio en el rostro, como si hubiera abierto la puerta de un horno, obligándolo a retroceder.",22
allende_laciudaddelasbestias_0444,Isabel Allende,Chile,La Ciudad de las Bestias,"Nada sabía de minería, pero había leído que en el interior de las minas suele haber escapes de gas y supuso que, si de eso se trataba, estaba condenado.",29
allende_laciudaddelasbestias_0445,Isabel Allende,Chile,La Ciudad de las Bestias,"Al otro lado había una caverna con un pozo profundo en el centro, de donde surgían humaredas y una luz rojiza.",21
allende_laciudaddelasbestias_0446,Isabel Allende,Chile,La Ciudad de las Bestias,"El calor era peor que una sauna y pronto estuvo completamente bañado en sudor, pero había suficiente aire para respirar.",20
allende_laciudaddelasbestias_0447,Isabel Allende,Chile,La Ciudad de las Bestias,"La caverna era amplia y de forma irregular, alumbrada por la luz rojiza y titilante del fuego que crepitaba abajo.",20
allende_laciudaddelasbestias_0448,Isabel Allende,Chile,La Ciudad de las Bestias,"En ese momento sintió una fuerte brisa y de inmediato una vibración espantosa que resonó en sus nervios, como si estuviera dentro de un gran tambor metálico.",27
allende_laciudaddelasbestias_0449,Isabel Allende,Chile,La Ciudad de las Bestias,"La ceguera del animal no era una ventaja para él, porque esa vibración era su sistema de sonar: el vampiro sabía exactamente cómo era y dónde se encontraba el intruso.",30
allende_laciudaddelasbestias_0450,Isabel Allende,Chile,La Ciudad de las Bestias,"La ventolera se repitió: eran las alas agitándose, listas para el ataque.",12
allende_laciudaddelasbestias_0451,Isabel Allende,Chile,La Ciudad de las Bestias,"Lanzó otro grito en su onda inaudible para oídos humanos, aunque claramente dolorosa, pero la vibración se confundió con la música y el vampiro, desconcertado, no pudo interpretarla en su sonar.",31
allende_laciudaddelasbestias_0452,Isabel Allende,Chile,La Ciudad de las Bestias,"Mientras Alex tocaba su flauta, el gran murciélago blanco se movió hacia atrás, retrocediendo poco a poco, hasta quedar inmóvil en un rincón, como un oso blanco alado, los colmillos y las garras a la vista, pero paralizado.",38
allende_laciudaddelasbestias_0453,Isabel Allende,Chile,La Ciudad de las Bestias,Trató de imaginar cómo sentía el animal y concluyó que debía estar tan aterrado como él mismo lo estaba.,19
allende_laciudaddelasbestias_0454,Isabel Allende,Chile,La Ciudad de las Bestias,"Podía dejar los dos primeros, que de todos modos no le servirían de mucho, pero no podía desprenderse de su flauta mágica, la herencia de su famoso abuelo, su instrumento de poder.",32
allende_laciudaddelasbestias_0455,Isabel Allende,Chile,La Ciudad de las Bestias,Ni una sola gota más cayó de la roca.,9
allende_laciudaddelasbestias_0456,Isabel Allende,Chile,La Ciudad de las Bestias,"Los jóvenes estaban extenuados, con el cuerpo cubierto de arañazos y magulladuras, pero cada uno traía el tesoro que habían ido a buscar.",23
allende_laciudaddelasbestias_0457,Isabel Allende,Chile,La Ciudad de las Bestias,"Walimaí agitó el cilindro de cuarzo sobre la cabeza de Alex durante un buen rato, lo sopló en el pecho, las sienes y la espalda, lo tocó en los brazos y las piernas con su bastón.",36
allende_laciudaddelasbestias_0458,Isabel Allende,Chile,La Ciudad de las Bestias,Nadia y Alex se despidieron con pesar de las grandes perezas.,11
allende_laciudaddelasbestias_0459,Isabel Allende,Chile,La Ciudad de las Bestias,Con suerte pasaría otro siglo antes que la curiosidad humana alcanzara el último refugio de los tiempos prehistóricos.,18
allende_laciudaddelasbestias_0460,Isabel Allende,Chile,La Ciudad de las Bestias,"En todo caso, no volverían a ver a las Bestias.",10
allende_laciudaddelasbestias_0461,Isabel Allende,Chile,La Ciudad de las Bestias,"Alex renunció a la idea de memorizar las vueltas, porque aunque hubiera podido recordarlas o incluso dibujarlas en un papel, de todos modos carecía de puntos de referencia y sería imposible ubicarse.",32
allende_laciudaddelasbestias_0462,Isabel Allende,Chile,La Ciudad de las Bestias,"No era un tratamiento agradable, el humo, fétido, caliente y picante, se iba derecho a la frente y el efecto era como aspirar pimienta.",24
allende_laciudaddelasbestias_0463,Isabel Allende,Chile,La Ciudad de las Bestias,"Los jóvenes se tomaron de la mano, mientras Borobá gemía asustado, sin soltarse de la cintura de su ama.",19
allende_laciudaddelasbestias_0464,Isabel Allende,Chile,La Ciudad de las Bestias,Ya había amanecido en el Ojo del Mundo.,8
allende_laciudaddelasbestias_0465,Isabel Allende,Chile,La Ciudad de las Bestias,El brujo había encontrado a la «niña color de miel» en varias de sus visiones y estaba convencido de que era una enviada de los espíritus.,26
allende_laciudaddelasbestias_0466,Isabel Allende,Chile,La Ciudad de las Bestias,"Alex tuvo un sobresalto de alegría al ver de lejos a los helicópteros: no estaba perdido para siempre en el planeta de las Bestias, podría regresar al mundo conocido.",29
allende_laciudaddelasbestias_0467,Isabel Allende,Chile,La Ciudad de las Bestias,"Alex quiso darle un recuerdo, a cambio del remedio milagroso para devolver la salud a su madre, y le entregó su navaja del ejército suizo.",25
allende_laciudaddelasbestias_0468,Isabel Allende,Chile,La Ciudad de las Bestias,"La muchacha le entregó la cesta con los tres huevos de cristal, porque supuso que estarían más seguros en manos del anciano.",22
allende_laciudaddelasbestias_0469,Isabel Allende,Chile,La Ciudad de las Bestias,"Se despidieron y en menos de un segundo Walimaí se esfumó en la naturaleza, como una ilusión.",17
allende_laciudaddelasbestias_0470,Isabel Allende,Chile,La Ciudad de las Bestias,"Nadia y Alex se acercaron cautelosamente al sitio donde habían aterrizado los «pájaros de ruido y viento», como los llamaban los indios.",22
allende_laciudaddelasbestias_0471,Isabel Allende,Chile,La Ciudad de las Bestias,"Habían tendido un alambre del cual colgaban regalos para atraer a los indios: cuchillos, ollas, hachas y otros artículos de acero y aluminio, que refulgían al sol.",27
allende_laciudaddelasbestias_0472,Isabel Allende,Chile,La Ciudad de las Bestias,"Los que fueron incorporados a la civilización estaban convertidos en mendigos, habían perdido su dignidad de guerreros y sus tierras, vivían como ratones.",23
allende_laciudaddelasbestias_0473,Isabel Allende,Chile,La Ciudad de las Bestias,"A pesar de la distancia, las reconocieron al punto: eran Kate Coid, César Santos y el fotógrafo Timothy Bruce.",19
allende_laciudaddelasbestias_0474,Isabel Allende,Chile,La Ciudad de las Bestias,Nadia y Alex no pudieron evitar una exclamación de alivio: eso significaba que el profesor Leblanc y la doctora Omayra Torres también andaban cerca.,24
allende_laciudaddelasbestias_0475,Isabel Allende,Chile,La Ciudad de las Bestias,El grito de alegría de Kate Coid cuando vio a su nieto fue sólo comparable al que dio César Santos al ver a su hija.,25
allende_laciudaddelasbestias_0476,Isabel Allende,Chile,La Ciudad de las Bestias,"Además Alexander se veía diferente con un corte de pelo de indio, que dejaba expuesta la coronilla, donde tenía una larga cortadura cubierta por una costra seca.",27
allende_laciudaddelasbestias_0477,Isabel Allende,Chile,La Ciudad de las Bestias,"Kate Coid, en cambio, logró controlar la oleada de afecto y alivio que sentía; apenas tuvo a su nieto al alcance de la mano le plantó una bofetada en la cara.",31
allende_laciudaddelasbestias_0478,Isabel Allende,Chile,La Ciudad de las Bestias,Alexander Coid trasladó el agua de la salud a una botella con una tapa hermética y la puso cuidadosamente en su bolso.,22
allende_laciudaddelasbestias_0479,Isabel Allende,Chile,La Ciudad de las Bestias,"Por primera vez desde que el muchacho podía recordar, su abuela tomó la iniciativa de hacerle un cariño.",18
allende_laciudaddelasbestias_0480,Isabel Allende,Chile,La Ciudad de las Bestias,Después de comer los amigos se bañaron largamente en el río.,11
allende_laciudaddelasbestias_0481,Isabel Allende,Chile,La Ciudad de las Bestias,"Temían menos a los indios, porque contaban con sus armas de fuego y ellos mismos tenían sangre indígena en las venas.",21
allende_laciudaddelasbestias_0482,Isabel Allende,Chile,La Ciudad de las Bestias,El ambiente era lúgubre y alguien solicitó un poco de música para levantar los ánimos.,15
allende_laciudaddelasbestias_0483,Isabel Allende,Chile,La Ciudad de las Bestias,"Esa noche Nadia Santos, Kate Coid y Omayra Torres ocuparon una tienda, Ludovic Leblanc y Timothy Bruce otra, Mauro Carías la suya, y el resto de los hombres se acomodaron en hamacas entre los árboles.",35
allende_laciudaddelasbestias_0484,Isabel Allende,Chile,La Ciudad de las Bestias,"Aunque nadie lo mencionó en voz alta, supusieron que así mantendrían alejada a la Bestia.",15
allende_laciudaddelasbestias_0485,Isabel Allende,Chile,La Ciudad de las Bestias,"Requería concentración para alcanzar el estado mental de invisibilidad, en el cual era posible colocarse a un metro de otra persona sin ser visto.",24
allende_laciudaddelasbestias_0486,Isabel Allende,Chile,La Ciudad de las Bestias,"Apenas se sintió segura en el bosque, vagamente iluminado por la luna, imitó el canto de la lechuza dos veces y esperó.",22
allende_laciudaddelasbestias_0487,Isabel Allende,Chile,La Ciudad de las Bestias,Un rato después percibió a su lado la silenciosa presencia de Walimaí.,12
allende_laciudaddelasbestias_0488,Isabel Allende,Chile,La Ciudad de las Bestias,"El encuentro con su animal totémico fue tan claro y preciso, que al día siguiente no estaba seguro de si lo había soñado o si sucedió en realidad.",28
allende_laciudaddelasbestias_0489,Isabel Allende,Chile,La Ciudad de las Bestias,"Con sus dientes y garras podía destripar a un caimán, con sus poderosos músculos corría como el viento, con su fuerza y valor podía enfrentar a cualquier enemigo.",28
allende_laciudaddelasbestias_0490,Isabel Allende,Chile,La Ciudad de las Bestias,"Era un animal magnífico, rey de las fieras, hijo del Sol Padre, príncipe de la mitología de América.",18
allende_laciudaddelasbestias_0491,Isabel Allende,Chile,La Ciudad de las Bestias,Alexander es un nombre griego y quiere decir defensor.,9
allende_laciudaddelasbestias_0492,Isabel Allende,Chile,La Ciudad de las Bestias,"Los indios eran impredecibles y violentos, dijo el capitán Ariosto, quien estaba totalmente de acuerdo con las teorías de Leblanc, por lo mismo no se podía bajar la guardia, debían permanecer siempre alertas.",33
allende_laciudaddelasbestias_0493,Isabel Allende,Chile,La Ciudad de las Bestias,El fotógrafo Timothy Bruce le pasó su cámara a Kate Coid y él tomó una filmadora: el primer contacto con una tribu era una ocasión única.,26
allende_laciudaddelasbestias_0494,Isabel Allende,Chile,La Ciudad de las Bestias,"Venía sola, desnuda, increíblemente anciana, toda arrugada y sin dientes, apoyada en un palo torcido que le servía de bastón y con el sombrero redondo de plumas amarillas metido hasta las orejas.",32
allende_laciudaddelasbestias_0495,Isabel Allende,Chile,La Ciudad de las Bestias,Iyomi recibió una escudilla de carne con maíz de manos de la doctora Omayra Torres y se alejó por donde había llegado.,22
allende_laciudaddelasbestias_0496,Isabel Allende,Chile,La Ciudad de las Bestias,"El profesor, armado hasta los dientes y rodeado de soldados, había quedado tembloroso después de la visita de una bisabuela desnuda con un sombrero de plumas amarillas.",27
allende_laciudaddelasbestias_0497,Isabel Allende,Chile,La Ciudad de las Bestias,"Las horas transcurrieron sin incidentes, salvo por un momento de tensión que se produjo cuando la doctora Omayra Torres sorprendió a Karakawe metiendo las manos en sus cajas de vacunas.",30
allende_laciudaddelasbestias_0498,Isabel Allende,Chile,La Ciudad de las Bestias,"Primero vieron a las mujeres y a los niños, impalpables, tenues y misteriosos.",13
allende_laciudaddelasbestias_0499,Isabel Allende,Chile,La Ciudad de las Bestias,"Por largos minutos los dos bandos se observaron mutuamente en silencio, a un lado los indios transparentes y al otro los desconcertados forasteros.",23
allende_laciudaddelasbestias_0500,Isabel Allende,Chile,La Ciudad de las Bestias,"Sabían que así, con esos inocentes regalos, comenzaba el fin de las tribus.",13
allende_laciudaddelasbestias_0501,Isabel Allende,Chile,La Ciudad de las Bestias,"Tendrán miedo de las agujas, pero en realidad duele menos que una picada de mosquito.",15
allende_laciudaddelasbestias_0502,Isabel Allende,Chile,La Ciudad de las Bestias,"Alex, quien observaba la escena, pensó que era una reacción exagerada.",11
allende_laciudaddelasbestias_0503,Isabel Allende,Chile,La Ciudad de las Bestias,Nadia desperto a medianoche al sentir que la doctora Omayra Torres dejaba la tienda.,14
allende_laciudaddelasbestias_0504,Isabel Allende,Chile,La Ciudad de las Bestias,"Supuso que iría a hacer sus necesidades entre los arbustos, pero tuvo una corazonada y decidió seguirla.",17
allende_laciudaddelasbestias_0505,Isabel Allende,Chile,La Ciudad de las Bestias,"Silenciosa como un gato, haciendo uso del talento recién aprendido para ser invisible, avanzó.",14
allende_laciudaddelasbestias_0506,Isabel Allende,Chile,La Ciudad de las Bestias,La doctora Omayra Torres consideró que el clima era adecuado para iniciar su trabajo.,14
allende_laciudaddelasbestias_0507,Isabel Allende,Chile,La Ciudad de las Bestias,"La doctora Omayra Torres hizo colocar una mesa a la sombra y desplegó sus jeringas y sus frascos, mientras Mauro Carías procuraba organizar a la tribu en una fila, así se aseguraba que nadie quedara sin vacunarse.",37
allende_laciudaddelasbestias_0508,Isabel Allende,Chile,La Ciudad de las Bestias,"Nadia y Alex no veían el menor atractivo en ese hombre, pero supusieron que sus modales y su dinero podían engañar a otros.",23
allende_laciudaddelasbestias_0509,Isabel Allende,Chile,La Ciudad de las Bestias,"La noticia caería como una bomba entre los admiradores de la doctora: César Santos, Timothy Bruce y hasta el profesor Ludovic Leblanc.",22
allende_laciudaddelasbestias_0510,Isabel Allende,Chile,La Ciudad de las Bestias,Ese sueño se parecía a uno que tuve antes de comenzar este viaje: un buitre inmenso raptaba a mi madre y se la llevaba volando.,25
allende_laciudaddelasbestias_0511,Isabel Allende,Chile,La Ciudad de las Bestias,"Sin pensarlo, Alex se lanzó como un bólido contra el guerrero, tirándolo de espaldas al suelo.",16
allende_laciudaddelasbestias_0512,Isabel Allende,Chile,La Ciudad de las Bestias,"Si tengo razón, esos frascos no contienen vacunas, sino una dosis mortal del virus del sarampión.",16
allende_laciudaddelasbestias_0513,Isabel Allende,Chile,La Ciudad de las Bestias,"El capitán Ariosto volvió su arma contra Tahama, pero Alex se estrelló contra sus piernas y el mono de Nadia, Borobá, le saltó a la cara.",26
allende_laciudaddelasbestias_0514,Isabel Allende,Chile,La Ciudad de las Bestias,"Las balas del capitán se perdieron en el aire, dando tiempo a Tahama de retroceder, protegido por sus guerreros, que ya habían empuñado los arcos.",25
allende_laciudaddelasbestias_0515,Isabel Allende,Chile,La Ciudad de las Bestias,"Era un bebé de pocos meses, salpicado con la sangre de su madre y chillando desesperado.",16
allende_laciudaddelasbestias_0516,Isabel Allende,Chile,La Ciudad de las Bestias,"El militar estaba lívido, con el arma temblando en la mano.",11
allende_laciudaddelasbestias_0517,Isabel Allende,Chile,La Ciudad de las Bestias,"La doctora Omayra Torres, ajena a todo lo que la rodeaba y bañada en lágrimas, sostenía sobre sus piernas la cabeza de Mauro Carías.",24
allende_laciudaddelasbestias_0518,Isabel Allende,Chile,La Ciudad de las Bestias,"Besaba su rostro pidiéndole que no se muriera, que no la dejara, mientras su ropa se empapaba de sangre.",19
allende_laciudaddelasbestias_0519,Isabel Allende,Chile,La Ciudad de las Bestias,"Una vez que estallaba una epidemia no había nada que hacer, porque los indios carecían de defensas; habían vivido aislados por miles de años y su sistema inmunológico no resistía los virus de los blancos.",35
allende_laciudaddelasbestias_0520,Isabel Allende,Chile,La Ciudad de las Bestias,Los médicos que estudiaban el problema no entendían por qué ninguna de las medidas preventivas daba resultados.,17
allende_laciudaddelasbestias_0521,Isabel Allende,Chile,La Ciudad de las Bestias,Ahora Alexander Coid entendía el papel que Mauro Carías le había asignado a los miembros de la expedición del International Geographic.,21
allende_laciudaddelasbestias_0522,Isabel Allende,Chile,La Ciudad de las Bestias,"El antropólogo, respaldado por el reportaje de Kate Coid y las fotografías de Timothy Bruce, podría probar que todos los miembros de la tribu habían sido vacunados.",27
allende_laciudaddelasbestias_0523,Isabel Allende,Chile,La Ciudad de las Bestias,Actuaba con la seguridad que le otorgaba su uniforme.,9
allende_laciudaddelasbestias_0524,Isabel Allende,Chile,La Ciudad de las Bestias,"En esa región remota y casi despoblada, donde no alcanzaba el largo brazo de la ley, nadie cuestionaba su palabra.",20
allende_laciudaddelasbestias_0525,Isabel Allende,Chile,La Ciudad de las Bestias,"El capitán calculaba que en menos de dos años podría colgar el uniforme e irse a vivir a Miami, convertido en millonario; pero ahora Mauro Carías yacía con la cabeza destrozada y ya no podría protegerlo.",36
allende_laciudaddelasbestias_0526,Isabel Allende,Chile,La Ciudad de las Bestias,"Por desgracia para los extranjeros, se encontraban muy lejos de la civilización, donde era fácil para el capitán cubrir sus rastros.",21
allende_laciudaddelasbestias_0527,Isabel Allende,Chile,La Ciudad de las Bestias,"Kate Coid estaba segura de que, en caso que el militar decidiera asesinarlos, los soldados no moverían un dedo por evitarlo y tampoco se atreverían a denunciar a su superior.",30
allende_laciudaddelasbestias_0528,Isabel Allende,Chile,La Ciudad de las Bestias,El antropólogo también había llegado a las mismas conclusiones que ella: corrían más peligro en manos de Ariosto que de los indios o la Bestia.,25
allende_laciudaddelasbestias_0529,Isabel Allende,Chile,La Ciudad de las Bestias,"Kate estaba tan acostumbrada a las pataletas y exabruptos del profesor, que al verlo sereno le cedió la autoridad en forma casi automática.",23
allende_laciudaddelasbestias_0530,Isabel Allende,Chile,La Ciudad de las Bestias,La única manera de salir de aquí es en helicóptero.,10
allende_laciudaddelasbestias_0531,Isabel Allende,Chile,La Ciudad de las Bestias,Nadia Santos había seguido los hechos abrazada a su padre y a Borobá.,13
allende_laciudaddelasbestias_0532,Isabel Allende,Chile,La Ciudad de las Bestias,De pronto empezó a gritar como una lechuza.,8
allende_laciudaddelasbestias_0533,Isabel Allende,Chile,La Ciudad de las Bestias,En cambio Alexander Coid debió disimular una sonrisa de orgullo al oír a su amiga: Nadia recurría a la última tabla de salvación posible.,24
allende_laciudaddelasbestias_0534,Isabel Allende,Chile,La Ciudad de las Bestias,Para el fotógrafo eso equivalía a entregar la vida.,9
allende_laciudaddelasbestias_0535,Isabel Allende,Chile,La Ciudad de las Bestias,"¿Desea que preparemos algo para la cena, capitán?",8
allende_laciudaddelasbestias_0536,Isabel Allende,Chile,La Ciudad de las Bestias,"Aunque el profesor Leblanc había sido el de la idea, fueron César Santos y Timothy Bruce quienes prepararon la cena, porque el antropólogo era incapaz de hervir un huevo.",29
allende_laciudaddelasbestias_0537,Isabel Allende,Chile,La Ciudad de las Bestias,Kate Coid se disculpó explicando que sólo sabía hacer albóndigas y allí no contaba con los ingredientes; además estaba muy ocupada tratando de alimentar al bebé a cucharaditas con una solución de agua y leche condensada.,36
allende_laciudaddelasbestias_0538,Isabel Allende,Chile,La Ciudad de las Bestias,"Entretanto Nadia se sentó a otear la espesura, repitiendo el grito de la lechuza de vez en cuando.",18
allende_laciudaddelasbestias_0539,Isabel Allende,Chile,La Ciudad de las Bestias,"Alexander representaba un riesgo para él, debía ser castigado.",9
allende_laciudaddelasbestias_0540,Isabel Allende,Chile,La Ciudad de las Bestias,"Decidió separarlo de los demás y dio orden de atarlo a un árbol en un extremo del campamento, lejos de las tiendas de los otros miembros de su grupo y lejos de las lámparas de petróleo.",36
allende_laciudaddelasbestias_0541,Isabel Allende,Chile,La Ciudad de las Bestias,"Kate Coid lo había acomodado sobre un atado de ropa, preguntándose qué haría con esa infortunada criatura: lo último que deseaba en su vida era hacerse cargo de un huérfano.",30
allende_laciudaddelasbestias_0542,Isabel Allende,Chile,La Ciudad de las Bestias,"Ya no sólo temían a los demonios de la selva o la aparición de la Bestia, sino también a los indios, que podían regresar en cualquier momento a vengar a sus muertos.",32
allende_laciudaddelasbestias_0543,Isabel Allende,Chile,La Ciudad de las Bestias,Luego abrió silenciosamente el cierre de la carpa y se deslizó afuera amparada por las sombras.,16
allende_laciudaddelasbestias_0544,Isabel Allende,Chile,La Ciudad de las Bestias,La muchacha se alejó del vacilante círculo de luz de las lámparas y de la fogata y desapareció entre los árboles.,21
allende_laciudaddelasbestias_0545,Isabel Allende,Chile,La Ciudad de las Bestias,"Empezaba a cabecear, vencido por el agotamiento, cuando de pronto sintió unas manitas tocándolo.",14
allende_laciudaddelasbestias_0546,Isabel Allende,Chile,La Ciudad de las Bestias,"Borobá, Borobá, murmuró el joven, tan conmovido que se le llenaron los ojos de lágrimas.",15
allende_laciudaddelasbestias_0547,Isabel Allende,Chile,La Ciudad de las Bestias,"Entonces se dio cuenta de que a su lado había otra presencia, una presencia invisible y silenciosa, disimulada en las sombras del árbol.",23
allende_laciudaddelasbestias_0548,Isabel Allende,Chile,La Ciudad de las Bestias,"Estaba oscuro y Walimaí no había usado nunca un cuchillo, podía rebanarle las muñecas, pero al minuto el viejo había cortado las ataduras y lo tomaba del brazo para guiarlo a la selva.",33
allende_laciudaddelasbestias_0549,Isabel Allende,Chile,La Ciudad de las Bestias,A Ludovic Leblanc no se le ocurría cómo distraerlo y aún quedaban muchas horas antes del amanecer.,17
allende_laciudaddelasbestias_0550,Isabel Allende,Chile,La Ciudad de las Bestias,"Le sugirió que usaran la radio transmisora, a ver si podían comunicarse con el cuartel de Santa María de la Lluvia.",21
allende_laciudaddelasbestias_0551,Isabel Allende,Chile,La Ciudad de las Bestias,En ese instante el olor lo golpeó como un garrotazo.,10
allende_laciudaddelasbestias_0552,Isabel Allende,Chile,La Ciudad de las Bestias,"No alcanzó a ver a la Bestia erguida a tres pasos de distancia, rociándolo directamente con el mortífero hedor de sus glándulas.",22
allende_laciudaddelasbestias_0553,Isabel Allende,Chile,La Ciudad de las Bestias,"Las dos Bestias que habían atacado simultáneamente se retiraron con su lentitud habitual, pero su olor persistió buena parte de la noche.",22
allende_laciudaddelasbestias_0554,Isabel Allende,Chile,La Ciudad de las Bestias,Más tarde vieron las huellas y pudieron llegar a algunas conclusiones.,11
allende_laciudaddelasbestias_0555,Isabel Allende,Chile,La Ciudad de las Bestias,Culebrearon entre los árboles por un buen rato y finalmente el viejo encontró el sitio donde había dejado a Nadia esperándolo.,21
allende_laciudaddelasbestias_0556,Isabel Allende,Chile,La Ciudad de las Bestias,El resto de la noche se hizo muy largo.,9
allende_laciudaddelasbestias_0557,Isabel Allende,Chile,La Ciudad de las Bestias,"Lo siguieron entre los árboles durante un buen rato hasta que, cuando ya la luz del sol atravesaba el follaje, llegaron frente al campamento.",24
allende_laciudaddelasbestias_0558,Isabel Allende,Chile,La Ciudad de las Bestias,"Hasta Borobá se mantuvo lejos, gritando y dando saltos a varios metros de distancia.",14
allende_laciudaddelasbestias_0559,Isabel Allende,Chile,La Ciudad de las Bestias,"Después de una breve inspección, que pareció dejarlo muy satisfecho, el viejo Walimaí inició la retirada.",16
allende_laciudaddelasbestias_0560,Isabel Allende,Chile,La Ciudad de las Bestias,Borobá se les reunió a poco andar y el pequeño grupo se internó selva adentro.,15
allende_laciudaddelasbestias_0561,Isabel Allende,Chile,La Ciudad de las Bestias,"Se retiró majestuosamente con su escudilla de carne con maíz, segura de haber atemorizado a los nahab con el peso de su inmensa dignidad.",24
allende_laciudaddelasbestias_0562,Isabel Allende,Chile,La Ciudad de las Bestias,"No supieron por qué los niños forasteros, que tanto habían insistido en la necesidad de vacunarse, saltaron de pronto a impedirlo.",21
allende_laciudaddelasbestias_0563,Isabel Allende,Chile,La Ciudad de las Bestias,"Vieron que al romperse los frascos se soltó el Rahakanariwa y en su forma invisible atacó a los indios, que cayeron muertos sin ser tocados por flechas o garrotes.",29
allende_laciudaddelasbestias_0564,Isabel Allende,Chile,La Ciudad de las Bestias,Ya no sabían quiénes eran sus amigos y quiénes sus enemigos.,11
allende_laciudaddelasbestias_0565,Isabel Allende,Chile,La Ciudad de las Bestias,Por fin Walimaí llegó a darles algunas explicaciones.,8
allende_laciudaddelasbestias_0566,Isabel Allende,Chile,La Ciudad de las Bestias,"Se encontraron en un claro de la selva, tirados por el suelo y tan atontados, que no recordaban ni sus propios nombres.",22
allende_laciudaddelasbestias_0567,Isabel Allende,Chile,La Ciudad de las Bestias,"Sacudió a los demás, que fueron despertándose de a poco.",10
allende_laciudaddelasbestias_0568,Isabel Allende,Chile,La Ciudad de las Bestias,"A todos les dolía horriblemente la cabeza y las articulaciones, vomitaban, tosían y lloraban, se sentían como si hubieran sido apaleados, pero ninguno presentaba huellas de violencia.",27
allende_laciudaddelasbestias_0569,Isabel Allende,Chile,La Ciudad de las Bestias,"De ser así, no podía explicar por qué los indios no habían aprovechado para matarlos, vengando así a sus muertos.",20
allende_laciudaddelasbestias_0570,Isabel Allende,Chile,La Ciudad de las Bestias,"Los demás indios se sentaron también, hablando entre ellos, comiendo frutas, nueces y hongos que encontraban entre las raíces y pasaban de mano en mano, mientras Tahama y varios de sus guerreros permanecían vigilantes, pero sin agredir a nadie.",39
allende_laciudaddelasbestias_0571,Isabel Allende,Chile,La Ciudad de las Bestias,Querían devolver el Rahakanariwa a su lugar entre los demonios y echar a los nahab del Ojo del Mundo.,19
allende_laciudaddelasbestias_0572,Isabel Allende,Chile,La Ciudad de las Bestias,Prometo que me encargaré personalmente de proteger a la gente de la neblina.,13
allende_laciudaddelasbestias_0573,Isabel Allende,Chile,La Ciudad de las Bestias,"Agregó que publicaría sus impresiones sobre lo que había visto, no sólo en el artículo del International Geographic, también escribiría otro libro.",22
allende_laciudaddelasbestias_0574,Isabel Allende,Chile,La Ciudad de las Bestias,"Gracias a él, aseguró, el Ojo del Mundo sería declarado reserva indígena y protegido de cualquier forma de explotación.",19
allende_laciudaddelasbestias_0575,Isabel Allende,Chile,La Ciudad de las Bestias,"Finalmente, después de eternas negociaciones para ver quiénes eran amigos y quiénes eran enemigos, los indígenas aceptaron conducirlos a todos al día siguiente de vuelta al helicóptero.",27
allende_laciudaddelasbestias_0576,Isabel Allende,Chile,La Ciudad de las Bestias,"Iyomi, siempre práctica, dio orden a los guerreros de ir a cazar, mientras las mujeres preparaban fuego y unas hamacas para pasar la noche.",24
allende_laciudaddelasbestias_0577,Isabel Allende,Chile,La Ciudad de las Bestias,"Parecen ser de metabolismo muy lento, viven por muchos años, tal vez siglos.",13
allende_laciudaddelasbestias_0578,Isabel Allende,Chile,La Ciudad de las Bestias,"Más interesante es escribir sobre la gente de la neblina, ese pueblo que ha permanecido inmutable desde hace miles de años y puede desaparecer en cualquier momento.",27
allende_laciudaddelasbestias_0579,Isabel Allende,Chile,La Ciudad de las Bestias,"Le dijo, entre otras cosas, que él era el tercer marido de Iyomi y que nunca había tenido hijos, lo cual desbarató la teoría de Leblanc sobre la superioridad genética de los «machos alfa».",34
allende_laciudaddelasbestias_0580,Isabel Allende,Chile,La Ciudad de las Bestias,"No era probable que ocurriera, sin embargo, porque el hedor de las Bestias, que aún los impregnaba, los tenía a todos descompuestos y mansos.",24
allende_laciudaddelasbestias_0581,Isabel Allende,Chile,La Ciudad de las Bestias,"Santos hizo subir el equipaje al helicóptero, menos las carpas, que fueron enterradas, porque calculó que sería imposible quitarles el mal olor.",22
allende_laciudaddelasbestias_0582,Isabel Allende,Chile,La Ciudad de las Bestias,"El viaje de regreso a Santa María de la Lluvia fue una pesadilla, porque César Santos demoró más de una hora en dominar los controles y estabilizar la máquina.",29
allende_laciudaddelasbestias_0583,Isabel Allende,Chile,La Ciudad de las Bestias,"Los soldados rezaban en voz alta y bebían licor para calmar los nervios, mientras Timothy Bruce manifestaba su profundo desagrado levantando la ceja izquierda, cosa que hacía cuando estaba a punto de explotar.",33
allende_laciudaddelasbestias_0584,Isabel Allende,Chile,La Ciudad de las Bestias,"Harían la travesía en barco por el río Negro, como habían llegado, porque la avioneta de César Santos se negó a elevarse del suelo, a pesar del motor nuevo.",29
allende_laciudaddelasbestias_0585,Isabel Allende,Chile,La Ciudad de las Bestias,"Estaba con los nervios destrozados, repetía una y otra vez que todo era culpa suya, que Dios los había castigado a Mauro y a ella por lo del virus del sarampión.",31
allende_laciudaddelasbestias_0586,Isabel Allende,Chile,La Ciudad de las Bestias,"Sus advertencias habían sido ignoradas, porque faltaban pruebas y además lo consideraban medio loco; Mauro Carías se había encargado de difundir el chisme de que el cura deliraba desde que fuera raptado por los indios.",35
allende_laciudaddelasbestias_0587,Isabel Allende,Chile,La Ciudad de las Bestias,"El hombre regresó derrotado, preguntándose cómo pretendían que salvara las almas para el cielo, sin salvar primero las vidas en la tierra.",22
allende_laciudaddelasbestias_0588,Isabel Allende,Chile,La Ciudad de las Bestias,"Por otra parte, no estaba seguro de la conveniencia de cristianizar a los indios, quienes tenían su propia forma de espiritualidad.",21
allende_laciudaddelasbestias_0589,Isabel Allende,Chile,La Ciudad de las Bestias,"¿Qué necesidad había de inculcarles la idea del pecado?, pensaba el padre Valdomero.",13
allende_laciudaddelasbestias_0590,Isabel Allende,Chile,La Ciudad de las Bestias,"Las versiones de los soldados sobre lo que había pasado en el altiplano eran contradictorias, unos echaban la culpa a los indios, otros a la Bestia y no faltó uno que apuntó el dedo contra los miembros de la expedición.",40
allende_laciudaddelasbestias_0591,Isabel Allende,Chile,La Ciudad de las Bestias,Explicó que Karakawe logró sustraerlo del equipaje de la doctora poco antes de ser asesinado por Ariosto.,17
allende_laciudaddelasbestias_0592,Isabel Allende,Chile,La Ciudad de las Bestias,"Alexander nunca había visto un cielo así, no imaginaba que hubiera tantas y tantas estrellas.",15
allende_laciudaddelasbestias_0593,Isabel Allende,Chile,La Ciudad de las Bestias,"Los chicos sentían que había transcurrido mucha vida desde que se conocieron, ambos habían crecido y cambiado en esas pocas semanas.",21
allende_laciudaddelasbestias_0594,Isabel Allende,Chile,La Ciudad de las Bestias,Alex la tomó con reverencia y la abrió: adentro brillaban los tres huevos de la montaña sagrada.,17
allende_laciudaddelasbestias_0595,Isabel Allende,Chile,La Ciudad de las Bestias,"Según la visión que tuve, estos huevos pueden salvar a esos indios y el bosque donde han vivido siempre.",19
allende_laciudaddelasbestias_0596,Isabel Allende,Chile,La Ciudad de las Bestias,"Había estado ausente por varias semanas, era hora de volver a clases o perdería el año escolar.",17
allende_laciudaddelasbestias_0597,Isabel Allende,Chile,La Ciudad de las Bestias,También quería ver a su familia y abrazar a su perro Poncho.,12
allende_laciudaddelasbestias_0598,Isabel Allende,Chile,La Ciudad de las Bestias,"Sobre todo, necesitaba entregar el agua de la salud y la planta de Walimaí a su madre; estaba seguro de que con eso, sumado a la quimioterapia, se curaría.",29
allende_laciudaddelasbestias_0599,Isabel Allende,Chile,La Ciudad de las Bestias,"Crecería sabia y salvaje en la selva, muy lejos de él.",11
garciamarquez_cronicadeunamuerteanunciada_0000,Gabriel Garcia Marquez,Colombia,Cronica de una muerte anunciada,"Yo había aprendido a amar la literatura por haber leído, entre otras cosas, sus novelas.",15
garciamarquez_cronicadeunamuerteanunciada_0001,Gabriel Garcia Marquez,Colombia,Cronica de una muerte anunciada,Quedan pocos escritores a los que les guste hablar de literatura.,11
garciamarquez_cronicadeunamuerteanunciada_0002,Gabriel Garcia Marquez,Colombia,Cronica de una muerte anunciada,"Pero Crónica de una muerte anunciada es, sobre todo, una exacta y eficaz pieza de relojería.",16
garciamarquez_cronicadeunamuerteanunciada_0003,Gabriel Garcia Marquez,Colombia,Cronica de una muerte anunciada,Porque al fin y al cabo Crónica de una muerte anunciada es también una tragedia moderna.,16
garciamarquez_cronicadeunamuerteanunciada_0004,Gabriel Garcia Marquez,Colombia,Cronica de una muerte anunciada,Los personajes son empujados a la acción por fuerzas que no controlan.,12
garciamarquez_cronicadeunamuerteanunciada_0005,Gabriel Garcia Marquez,Colombia,Cronica de una muerte anunciada,"Los hermanos Vicario, los asesinos, se ven obligados a cumplir un destino, que es el de lavar la honra de su hermana, matando a Santiago Nasar.",26
garciamarquez_cronicadeunamuerteanunciada_0006,Gabriel Garcia Marquez,Colombia,Cronica de una muerte anunciada,"Pero ninguno de los dos quiere hacerlo, y, como dice el narrador, «hicieron mucho más de lo que era imaginable para que alguien les impidiera matarlo, y no lo consiguieron».",30
garciamarquez_cronicadeunamuerteanunciada_0007,Gabriel Garcia Marquez,Colombia,Cronica de una muerte anunciada,"El coronel Aponte, el alcalde, alertado por las voces, los desarma; pero es inútil, pues es demasiado temprano y los hermanos tienen tiempo de reponer con desgano los cuchillos.",29
garciamarquez_cronicadeunamuerteanunciada_0008,Gabriel Garcia Marquez,Colombia,Cronica de una muerte anunciada,Algo más fuerte que la voluntad de los hombres mueve los hilos.,12
garciamarquez_cronicadeunamuerteanunciada_0009,Gabriel Garcia Marquez,Colombia,Cronica de una muerte anunciada,"Los vecinos de la familia Nasar, y en realidad todo el pueblo, saben que Santiago va a ser asesinado e intentan avisarle, pero ninguna de las estafetas llega a su destino.",31
garciamarquez_cronicadeunamuerteanunciada_0010,Gabriel Garcia Marquez,Colombia,Cronica de una muerte anunciada,Deslizan por debajo de la puerta una nota que nadie ve.,11
garciamarquez_cronicadeunamuerteanunciada_0011,Gabriel Garcia Marquez,Colombia,Cronica de una muerte anunciada,Pero cuando sale a la calle le dicen que ya lo mataron.,12
garciamarquez_cronicadeunamuerteanunciada_0012,Gabriel Garcia Marquez,Colombia,Cronica de una muerte anunciada,"Y así, todos los que quieren prevenir la muerte son cuidadosamente apartados: sus mensajes no llegan.",16
garciamarquez_cronicadeunamuerteanunciada_0013,Gabriel Garcia Marquez,Colombia,Cronica de una muerte anunciada,"Si en esas lejanías del Trópico se castigara como delito la «no asistencia apersona en peligro», habría que meter a la cárcel a todo el pueblo, incluidos el cura y el alcalde.",32
garciamarquez_cronicadeunamuerteanunciada_0014,Gabriel Garcia Marquez,Colombia,Cronica de una muerte anunciada,"Crónica de una muerte anunciada es, por lo demás, una joya rara en la obra de García Márquez, pues es él mismo quien relata la historia en primera persona.",29
garciamarquez_cronicadeunamuerteanunciada_0015,Gabriel Garcia Marquez,Colombia,Cronica de una muerte anunciada,"Mercedes Barcha es la «Gaba», así le dicen sus más íntimos amigos.",12
garciamarquez_cronicadeunamuerteanunciada_0016,Gabriel Garcia Marquez,Colombia,Cronica de una muerte anunciada,Y es aquí en donde el libro adquiere su máxima precisión de relojería suiza.,14
garciamarquez_cronicadeunamuerteanunciada_0017,Gabriel Garcia Marquez,Colombia,Cronica de una muerte anunciada,"Las fronteras de la crónica periodística y de la literatura se disuelven y ningún dato queda suelto, nada de lo narrado aparece sin una previa justificación.",26
garciamarquez_cronicadeunamuerteanunciada_0018,Gabriel Garcia Marquez,Colombia,Cronica de una muerte anunciada,"Me pregunto si los lectores de este libro, dentro de doscientos o trescientos años, desearán lo mismo al leer sus páginas.",21
garciamarquez_cronicadeunamuerteanunciada_0019,Gabriel Garcia Marquez,Colombia,Cronica de una muerte anunciada,Lo que es seguro es que Santiago Nasar y su muerte anunciada serán en ese entonces una de las pocas cosas de nuestra época que aún estarán vivas.,28
garciamarquez_cronicadeunamuerteanunciada_0020,Gabriel Garcia Marquez,Colombia,Cronica de una muerte anunciada,"Había soñado que atravesaba un bosque de higuerones donde caía una llovizna tierna, y por un instante fue feliz en el sueño, pero al despertar se sintió por completo salpicado de cagada de pájaros.",34
garciamarquez_cronicadeunamuerteanunciada_0021,Gabriel Garcia Marquez,Colombia,Cronica de una muerte anunciada,"Muchos coincidían en el recuerdo de que era una mañana radiante con una brisa de mar que llegaba a través de los platanales, como era de pensar que lo fuera en un buen febrero de aquella época.",37
garciamarquez_cronicadeunamuerteanunciada_0022,Gabriel Garcia Marquez,Colombia,Cronica de una muerte anunciada,"Yo estaba reponiéndome de la parranda de la boda en el regazo apostólico de María Alejandrina Cervantes, y apenas si desperté con el alboroto de las campanas tocando a rebato, porque pensé que las habían soltado en honor del obispo.",40
garciamarquez_cronicadeunamuerteanunciada_0023,Gabriel Garcia Marquez,Colombia,Cronica de una muerte anunciada,"Santiago Nasar se puso un pantalón y una camisa de lino blanco, ambas piezas sin almidón, iguales a las que se había puesto el día anterior para la boda.",29
garciamarquez_cronicadeunamuerteanunciada_0024,Gabriel Garcia Marquez,Colombia,Cronica de una muerte anunciada,En época de perdices llevaba también sus aperos de cetrería.,10
garciamarquez_cronicadeunamuerteanunciada_0025,Gabriel Garcia Marquez,Colombia,Cronica de una muerte anunciada,"Yo lo sabía, y sabía además que guardaba las armas en un lugar y -escondía la munición en otro lugar muy apartado, de modo que nadie cediera ni por casualidad a la tentación de cargarlas dentro de la casa.",39
garciamarquez_cronicadeunamuerteanunciada_0026,Gabriel Garcia Marquez,Colombia,Cronica de una muerte anunciada,"Santiago Nasar le contó entonces el sueño, pero ella no les puso atención a los árboles.",16
garciamarquez_cronicadeunamuerteanunciada_0027,Gabriel Garcia Marquez,Colombia,Cronica de una muerte anunciada,"Apenas si distinguía las formas a plena luz, y tenía hojas medicinales en las sienes para el dolor de cabeza eterno que le dejó su hijo la última vez que pasó por el dormitorio.",34
garciamarquez_cronicadeunamuerteanunciada_0028,Gabriel Garcia Marquez,Colombia,Cronica de una muerte anunciada,"Estaba de costado, agarrada a las pitas del cabezal de la hamaca para tratar de incorporarse, y había en la penumbra el olor de bautisterio que me había sorprendido la mañana del crimen.",33
garciamarquez_cronicadeunamuerteanunciada_0029,Gabriel Garcia Marquez,Colombia,Cronica de una muerte anunciada,Entonces suspiró: «Fue el hombre de mi vida».,8
garciamarquez_cronicadeunamuerteanunciada_0030,Gabriel Garcia Marquez,Colombia,Cronica de una muerte anunciada,"Nunca se les vio armados en el pueblo, y la única vez que trajeron sus halcones amaestrados fue para hacer una demostración de altanería en un bazar de caridad.",29
garciamarquez_cronicadeunamuerteanunciada_0031,Gabriel Garcia Marquez,Colombia,Cronica de una muerte anunciada,"La muerte de su padre lo había forzado a abandonar los estudios al término de la escuela secundaria, para hacerse cargo de la hacienda familiar.",25
garciamarquez_cronicadeunamuerteanunciada_0032,Gabriel Garcia Marquez,Colombia,Cronica de una muerte anunciada,"Por sus méritos propios, Santiago Nasar era alegre y pacífico, y de corazón fácil.",14
garciamarquez_cronicadeunamuerteanunciada_0033,Gabriel Garcia Marquez,Colombia,Cronica de una muerte anunciada,"El día en que lo iban a matar, su madre creyó que él se había equivocado de fecha cuando lo vio vestido de blanco.",24
garciamarquez_cronicadeunamuerteanunciada_0034,Gabriel Garcia Marquez,Colombia,Cronica de una muerte anunciada,Pero él le explicó que se había vestido de pontifical por si tenía ocasión de besarle el anillo al obispo.,20
garciamarquez_cronicadeunamuerteanunciada_0035,Gabriel Garcia Marquez,Colombia,Cronica de una muerte anunciada,"Echará una bendición de compromiso, como siempre, y se irá por donde vino.",13
garciamarquez_cronicadeunamuerteanunciada_0036,Gabriel Garcia Marquez,Colombia,Cronica de una muerte anunciada,"A su madre, en cambio, lo único que le interesaba de la llegada del obispo era que el hijo no se fuera a mojar en la lluvia, pues lo había oído estornudar mientras dormía.",34
garciamarquez_cronicadeunamuerteanunciada_0037,Gabriel Garcia Marquez,Colombia,Cronica de una muerte anunciada,"Le aconsejó que llevara un paraguas, pero él le hizo un signo de adiós con la mano y salió del cuarto.",21
garciamarquez_cronicadeunamuerteanunciada_0038,Gabriel Garcia Marquez,Colombia,Cronica de una muerte anunciada,"Victoria Guzmán, la cocinera, estaba segura de que no había llovido aquel día, ni en todo el mes de febrero.",20
garciamarquez_cronicadeunamuerteanunciada_0039,Gabriel Garcia Marquez,Colombia,Cronica de una muerte anunciada,"Divina Flor, su hija, que apenas empezaba a florecer, le sirvió a Santiago Nasar un tazón de café cerrero con un chorro de alcohol de caña, como todos los lunes, para ayudarlo a sobrellevar la carga de la noche anterior.",40
garciamarquez_cronicadeunamuerteanunciada_0040,Gabriel Garcia Marquez,Colombia,Cronica de una muerte anunciada,"Santiago Nasar masticó otra aspirina y se sentó a beber a sorbos lentos el tazón de café, pensando despacio, sin apartar la vista de las dos mujeres que destripaban los conejos en la hornilla.",34
garciamarquez_cronicadeunamuerteanunciada_0041,Gabriel Garcia Marquez,Colombia,Cronica de una muerte anunciada,"A pesar de la edad, Victoria Guzmán se conservaba entera.",10
garciamarquez_cronicadeunamuerteanunciada_0042,Gabriel Garcia Marquez,Colombia,Cronica de una muerte anunciada,"La niña, todavía un poco montaraz, parecía sofocada por el ímpetu de sus glándulas.",14
garciamarquez_cronicadeunamuerteanunciada_0043,Gabriel Garcia Marquez,Colombia,Cronica de una muerte anunciada,Santiago Nasar la agarró por la muñeca cuando ella iba a recibirle el tazón vacío.,15
garciamarquez_cronicadeunamuerteanunciada_0044,Gabriel Garcia Marquez,Colombia,Cronica de una muerte anunciada,De esa agua no beberás mientras yo esté viva.,9
garciamarquez_cronicadeunamuerteanunciada_0045,Gabriel Garcia Marquez,Colombia,Cronica de una muerte anunciada,"La había amado en secreto varios años en los establos de la hacienda, y la llevó a servir en su casa cuando se le acabó el afecto.",27
garciamarquez_cronicadeunamuerteanunciada_0046,Gabriel Garcia Marquez,Colombia,Cronica de una muerte anunciada,"Divina Flor, que era hija de un marido más reciente, se sabía destinada a la cama furtiva de Santiago Nasar, y esa idea le causaba una ansiedad prematura.",28
garciamarquez_cronicadeunamuerteanunciada_0047,Gabriel Garcia Marquez,Colombia,Cronica de una muerte anunciada,En ésas estaban cuando el pueblo entero despertó con el bramido estremecedor del buque de vapor en que llegaba el obispo.,21
garciamarquez_cronicadeunamuerteanunciada_0048,Gabriel Garcia Marquez,Colombia,Cronica de una muerte anunciada,"Había sido construido en los tiempos en que el río era tan servicial que muchas barcazas de mar, e inclusive algunos barcos de altura, se aventuraban hasta aquí a través de las ciénagas del estuario.",35
garciamarquez_cronicadeunamuerteanunciada_0049,Gabriel Garcia Marquez,Colombia,Cronica de una muerte anunciada,"Ibrahim Nasar lo compró a cualquier precio para poner una tienda de importación que nunca puso, y sólo cuando se iba a casar lo convirtió en una casa para vivir.",30
garciamarquez_cronicadeunamuerteanunciada_0050,Gabriel Garcia Marquez,Colombia,Cronica de una muerte anunciada,Lo único que dejó intacto en el salón fue la escalera en espiral rescatada de algún naufragio.,17
garciamarquez_cronicadeunamuerteanunciada_0051,Gabriel Garcia Marquez,Colombia,Cronica de una muerte anunciada,En la fachada conservó la puerta principal y le hizo dos ventanas de cuerpo entero con bolillos torneados.,18
garciamarquez_cronicadeunamuerteanunciada_0052,Gabriel Garcia Marquez,Colombia,Cronica de una muerte anunciada,"Conservó también la puerta posterior, sólo que un poco más alzada para pasar a caballo, y mantuvo en servicio una parte del antiguo muelle.",24
garciamarquez_cronicadeunamuerteanunciada_0053,Gabriel Garcia Marquez,Colombia,Cronica de una muerte anunciada,"Ésa fue siempre la puerta de más uso, no sólo porque era el acceso natural a las pesebreras y la cocina, sino porque daba a la calle del puerto nuevo sin pasar por la plaza.",35
garciamarquez_cronicadeunamuerteanunciada_0054,Gabriel Garcia Marquez,Colombia,Cronica de una muerte anunciada,"La puerta del frente, salvo en ocasiones festivas, permanecía cerrada y con tranca.",13
garciamarquez_cronicadeunamuerteanunciada_0055,Gabriel Garcia Marquez,Colombia,Cronica de una muerte anunciada,La puerta de la plaza estaba citada varias veces con un nombre de folletín: La puerta fatal.,17
garciamarquez_cronicadeunamuerteanunciada_0056,Gabriel Garcia Marquez,Colombia,Cronica de una muerte anunciada,"En realidad, la única explicación válida parecía ser la de Plácida Linero, que contestó a la pregunta con su razón de madre: «Mi hijo no salía nunca por la puerta de atrás cuando estaba bien vestido».",36
garciamarquez_cronicadeunamuerteanunciada_0057,Gabriel Garcia Marquez,Colombia,Cronica de una muerte anunciada,"Parecía una verdad tan fácil, que el instructor la registró en una nota marginal, pero no la sentó en el sumario.",21
garciamarquez_cronicadeunamuerteanunciada_0058,Gabriel Garcia Marquez,Colombia,Cronica de una muerte anunciada,"Victoria Guzmán, por su parte, fue terminante en la respuesta de que ni ella ni su hija sabían que a Santiago Nasar lo estaban esperando para matarlo.",27
garciamarquez_cronicadeunamuerteanunciada_0059,Gabriel Garcia Marquez,Colombia,Cronica de una muerte anunciada,Pero en el curso de sus años admitió que ambas lo sabían cuando él entró en la cocina a tomar el café.,22
garciamarquez_cronicadeunamuerteanunciada_0060,Gabriel Garcia Marquez,Colombia,Cronica de una muerte anunciada,"Se lo había dicho una mujer que pasó después de las cinco a pedir un poco de leche por caridad, y les reveló además los motivos y el lugar donde lo estaban esperando.",33
garciamarquez_cronicadeunamuerteanunciada_0061,Gabriel Garcia Marquez,Colombia,Cronica de una muerte anunciada,"No obstante, Divina Flor me confesó en una visita posterior, cuando ya su madre había muerto, que ésta no le había dicho nada a Santiago Nasar porque en el fondo de su alma quería que lo mataran.",37
garciamarquez_cronicadeunamuerteanunciada_0062,Gabriel Garcia Marquez,Colombia,Cronica de una muerte anunciada,"Santiago Nasar atravesó a pasos largos la casa en penumbra, perseguido por los bramidos de júbilo del buque del obispo.",20
garciamarquez_cronicadeunamuerteanunciada_0063,Gabriel Garcia Marquez,Colombia,Cronica de una muerte anunciada,"Era un alboroto tan grande, que no podía creerse que hubiera tantos gallos en el pueblo, y pensé que venían en el buque del obispo.",25
garciamarquez_cronicadeunamuerteanunciada_0064,Gabriel Garcia Marquez,Colombia,Cronica de una muerte anunciada,"El mensaje estaba en el suelo cuando Santiago Nasar salió de su casa, pero él no lo vio, ni lo vio Divina Flor ni lo vio nadie hasta mucho después de que el crimen fue consumado.",36
garciamarquez_cronicadeunamuerteanunciada_0065,Gabriel Garcia Marquez,Colombia,Cronica de una muerte anunciada,Habían dado las seis y aún seguían encendidas las luces públicas.,11
garciamarquez_cronicadeunamuerteanunciada_0066,Gabriel Garcia Marquez,Colombia,Cronica de una muerte anunciada,"En las ramas de los almendros, y en algunos balcones, estaban todavía las guirnaldas de colores de la boda, y hubiera podido pensarse que acababan de colgarlas en honor del obispo.",31
garciamarquez_cronicadeunamuerteanunciada_0067,Gabriel Garcia Marquez,Colombia,Cronica de una muerte anunciada,"Cuando Santiago Nasar salió de su casa, varias personas corrían hacia el puerto, apremiadas por los bramidos del buque.",19
garciamarquez_cronicadeunamuerteanunciada_0068,Gabriel Garcia Marquez,Colombia,Cronica de una muerte anunciada,"Clotilde Armenta, la dueña del negocio, fue la primera que lo vio en el resplandor del alba, y tuvo la impresión de que estaba vestido de aluminio.",27
garciamarquez_cronicadeunamuerteanunciada_0069,Gabriel Garcia Marquez,Colombia,Cronica de una muerte anunciada,"Los hombres que lo iban a matar se habían dormido en los asientos, apretando en el regazo los cuchillos envueltos en periódicos, y Clotilde Armenta reprimió el aliento para no despertarlos.",31
garciamarquez_cronicadeunamuerteanunciada_0070,Gabriel Garcia Marquez,Colombia,Cronica de una muerte anunciada,"Yo, que los conocía desde la escuela primaria, hubiera escrito lo mismo.",12
garciamarquez_cronicadeunamuerteanunciada_0071,Gabriel Garcia Marquez,Colombia,Cronica de una muerte anunciada,"Aunque no habían dejado de beber desde la víspera de la parranda, ya no estaban borrachos al cabo de tres días, sino que parecían sonámbulos desvelados.",26
garciamarquez_cronicadeunamuerteanunciada_0072,Gabriel Garcia Marquez,Colombia,Cronica de una muerte anunciada,"Se habían dormido con las primeras auras del amanecer, después de casi tres horas de espera en la tienda de Clotilde Armenta, y aquél era su primer sueño desde el viernes.",31
garciamarquez_cronicadeunamuerteanunciada_0073,Gabriel Garcia Marquez,Colombia,Cronica de una muerte anunciada,"Apenas si habían despertado con el primer bramido del buque, pero el instinto los despertó por completo cuando Santiago Nasar salió de su casa.",24
garciamarquez_cronicadeunamuerteanunciada_0074,Gabriel Garcia Marquez,Colombia,Cronica de una muerte anunciada,"Déjenlo para después, aunque sea por respeto al señor obispo.",10
garciamarquez_cronicadeunamuerteanunciada_0075,Gabriel Garcia Marquez,Colombia,Cronica de una muerte anunciada,"En efecto, había sido una ocurrencia providencial, pero de una virtud momentánea.",12
garciamarquez_cronicadeunamuerteanunciada_0076,Gabriel Garcia Marquez,Colombia,Cronica de una muerte anunciada,Las niñas de la escuela de monjas atravesaron la plaza en ese momento trotando en desorden con sus uniformes de huérfanas.,21
garciamarquez_cronicadeunamuerteanunciada_0077,Gabriel Garcia Marquez,Colombia,Cronica de una muerte anunciada,Plácida Linero tuvo razón: el obispo no se bajó del buque.,11
garciamarquez_cronicadeunamuerteanunciada_0078,Gabriel Garcia Marquez,Colombia,Cronica de una muerte anunciada,"Pero éste era nuevo, y tenía dos chimeneas en vez de una con la bandera pintada como un brazal, y la rueda de tablones de la popa le daba un ímpetu de barco de mar.",35
garciamarquez_cronicadeunamuerteanunciada_0079,Gabriel Garcia Marquez,Colombia,Cronica de una muerte anunciada,"En la baranda superior, junto al camarote del capitán, iba el obispo de sotana blanca con su séquito de españoles.",20
garciamarquez_cronicadeunamuerteanunciada_0080,Gabriel Garcia Marquez,Colombia,Cronica de una muerte anunciada,"Mi hermana Margot, que estaba con él en el muelle, lo encontró de muy buen humor y con ánimos de seguir la fiesta, a pesar de que las aspirinas no le habían causado ningún alivio.",35
garciamarquez_cronicadeunamuerteanunciada_0081,Gabriel Garcia Marquez,Colombia,Cronica de una muerte anunciada,"Cristo Bedoya, que estaba con ellos, reveló cifras que aumentaron el asombro.",12
garciamarquez_cronicadeunamuerteanunciada_0082,Gabriel Garcia Marquez,Colombia,Cronica de una muerte anunciada,"Había estado de parranda con Santiago Nasar y conmigo hasta un poco antes de las cuatro, pero no había ido a dormir donde sus padres, sino que se quedó conversando en casa de sus abuelos.",35
garciamarquez_cronicadeunamuerteanunciada_0083,Gabriel Garcia Marquez,Colombia,Cronica de una muerte anunciada,Allí obtuvo muchos datos que le faltaban para calcular los costos de la parranda.,14
garciamarquez_cronicadeunamuerteanunciada_0084,Gabriel Garcia Marquez,Colombia,Cronica de una muerte anunciada,"Contó que se habían sacrificado cuarenta pavos y once cerdos para los invitados, y cuatro terneras que el novio puso a asar para el pueblo en la plaza pública.",29
garciamarquez_cronicadeunamuerteanunciada_0085,Gabriel Garcia Marquez,Colombia,Cronica de una muerte anunciada,"Pensó una vez más en la buena suerte de Flora Miguel, que tenía tantas cosas en la vida, y que iba a tener además a Santiago Nasar en la Navidad de ese año.",33
garciamarquez_cronicadeunamuerteanunciada_0086,Gabriel Garcia Marquez,Colombia,Cronica de una muerte anunciada,Santiago Nasar tomó del brazo a Cristo Bedoya y se lo llevó hacia la plaza.,15
garciamarquez_cronicadeunamuerteanunciada_0087,Gabriel Garcia Marquez,Colombia,Cronica de una muerte anunciada,Ella insistió en que se fueran juntos de inmediato porque el desayuno estaba servido.,14
garciamarquez_cronicadeunamuerteanunciada_0088,Gabriel Garcia Marquez,Colombia,Cronica de una muerte anunciada,"Tanto, que a veces he pensado que Margot ya sabía que lo iban a matar y quería esconderlo en tu casa.",21
garciamarquez_cronicadeunamuerteanunciada_0089,Gabriel Garcia Marquez,Colombia,Cronica de una muerte anunciada,"Se despidió de ella con la misma señal de la mano con que se había despedido de su madre, y se alejó hacia la plaza llevando del brazo a Cristo Bedoya.",31
garciamarquez_cronicadeunamuerteanunciada_0090,Gabriel Garcia Marquez,Colombia,Cronica de una muerte anunciada,Muchos de los que estaban en el puerto sabían que a Santiago Nasar lo iban a matar.,17
garciamarquez_cronicadeunamuerteanunciada_0091,Gabriel Garcia Marquez,Colombia,Cronica de una muerte anunciada,"Don Lázaro Aponte, coronel de academia en uso de buen retiro y alcalde municipal desde hacía once años, le hizo un saludo con los dedos.",25
garciamarquez_cronicadeunamuerteanunciada_0092,Gabriel Garcia Marquez,Colombia,Cronica de una muerte anunciada,"Nadie se preguntó siquiera si Santiago Nasar estaba prevenido, porque a todos les pareció imposible que no lo estuviera.",19
garciamarquez_cronicadeunamuerteanunciada_0093,Gabriel Garcia Marquez,Colombia,Cronica de una muerte anunciada,Yo apreciaba esa virtud suya desde que empecé a levantarme temprano para ir a la escuela.,16
garciamarquez_cronicadeunamuerteanunciada_0094,Gabriel Garcia Marquez,Colombia,Cronica de una muerte anunciada,"Parecía tener hilos de comunicación secreta con la otra gente del pueblo, sobre todo con la de su edad, y a veces nos sorprendía con noticias anticipadas que no hubiera podido conocer sino por artes de adivinación.",37
garciamarquez_cronicadeunamuerteanunciada_0095,Gabriel Garcia Marquez,Colombia,Cronica de una muerte anunciada,"Aquella mañana, sin embargo, no sintió el pálpito de la tragedia que se estaba gestando desde las tres de la madrugada.",21
garciamarquez_cronicadeunamuerteanunciada_0096,Gabriel Garcia Marquez,Colombia,Cronica de una muerte anunciada,"Había terminado de barrer el patio, y cuando mi hermana Margot salía a recibir al obispo la encontró moliendo la yuca para las caribañolas.",24
garciamarquez_cronicadeunamuerteanunciada_0097,Gabriel Garcia Marquez,Colombia,Cronica de una muerte anunciada,"Pero nunca relacionó el alboroto distante con la llegada del obispo, sino con los últimos rezagos de la boda.",19
garciamarquez_cronicadeunamuerteanunciada_0098,Gabriel Garcia Marquez,Colombia,Cronica de una muerte anunciada,"Nuestra casa estaba lejos de la plaza grande, en un bosque de mangos frente al río.",16
garciamarquez_cronicadeunamuerteanunciada_0099,Gabriel Garcia Marquez,Colombia,Cronica de una muerte anunciada,"Pero después de que el obispo pasó sin dejar su huella en la tierra, la otra noticia reprimida alcanzó su tamaño de escándalo.",23
garciamarquez_cronicadeunamuerteanunciada_0100,Gabriel Garcia Marquez,Colombia,Cronica de una muerte anunciada,"Encontró a mi madre en el comedor, con un traje dominical de flores azules que se había puesto por si el obispo pasaba a saludarnos, y estaba cantando el fado del amor invisible mientras arreglaba la mesa.",37
garciamarquez_cronicadeunamuerteanunciada_0101,Gabriel Garcia Marquez,Colombia,Cronica de una muerte anunciada,Mi hermana notó que había un puesto más que de costumbre.,11
garciamarquez_cronicadeunamuerteanunciada_0102,Gabriel Garcia Marquez,Colombia,Cronica de una muerte anunciada,Me dijeron que lo habías invitado a desayunar.,8
garciamarquez_cronicadeunamuerteanunciada_0103,Gabriel Garcia Marquez,Colombia,Cronica de una muerte anunciada,"A Santiago Nasar le habían puesto ese nombre por el nombre de ella, y era además su madrina de bautismo, pero también tenía un parentesco de sangre con Pura Vicario, la madre de la novia devuelta.",36
garciamarquez_cronicadeunamuerteanunciada_0104,Gabriel Garcia Marquez,Colombia,Cronica de una muerte anunciada,"Sin embargo, no había acabado de escuchar la noticia cuando ya se había puesto los zapatos de tacones y la mantilla de iglesia que sólo usaba entonces para las visitas de pésame.",32
garciamarquez_cronicadeunamuerteanunciada_0105,Gabriel Garcia Marquez,Colombia,Cronica de una muerte anunciada,"Mi padre, que había oído todo desde la cama, apareció en piyama en el comedor y le preguntó alarmado para dónde iba.",22
garciamarquez_cronicadeunamuerteanunciada_0106,Gabriel Garcia Marquez,Colombia,Cronica de una muerte anunciada,"Los más pequeños, tocados por el soplo de la tragedia, rompieron a llorar.",13
garciamarquez_cronicadeunamuerteanunciada_0107,Gabriel Garcia Marquez,Colombia,Cronica de una muerte anunciada,"Mi madre no les hizo caso, por una vez en la vida, ni le prestó atención a su esposo.",19
garciamarquez_cronicadeunamuerteanunciada_0108,Gabriel Garcia Marquez,Colombia,Cronica de una muerte anunciada,"Mi hermano Jaime, que entonces no tenía más de siete años, era el único que estaba vestido para la escuela.",20
garciamarquez_cronicadeunamuerteanunciada_0109,Gabriel Garcia Marquez,Colombia,Cronica de una muerte anunciada,"Jaime corrió detrás de ella sin saber qué pasaba ni para dónde iban, y se agarró de su mano.",19
garciamarquez_cronicadeunamuerteanunciada_0110,Gabriel Garcia Marquez,Colombia,Cronica de una muerte anunciada,"Hombres de mala ley, decía en voz muy baja, animales de mierda que no son capaces de hacer nada que no sean desgracias.",23
garciamarquez_cronicadeunamuerteanunciada_0111,Gabriel Garcia Marquez,Colombia,Cronica de una muerte anunciada,"Lo único que recuerdo es que se oía a lo lejos un ruido de mucha gente, como si hubiera vuelto a empezar la fiesta de la boda, y que todo el mundo corría en dirección de la plaza.",38
garciamarquez_cronicadeunamuerteanunciada_0112,Gabriel Garcia Marquez,Colombia,Cronica de una muerte anunciada,"Bayardo San Román, el hombre que devolvió a la esposa, había venido por primera vez en agosto del año anterior: seis meses antes de la boda.",26
garciamarquez_cronicadeunamuerteanunciada_0113,Gabriel Garcia Marquez,Colombia,Cronica de una muerte anunciada,Llegó en el buque semanal con unas alforjas guarnecidas de plata que hacían juego con las hebillas de la correa y las argollas de los botines.,26
garciamarquez_cronicadeunamuerteanunciada_0114,Gabriel Garcia Marquez,Colombia,Cronica de una muerte anunciada,"Andaba por los treinta años, pero muy bien escondidos, pues tenía una cintura angosta de novillero, los ojos dorados, y la piel cocinada a fuego lento por el salitre.",29
garciamarquez_cronicadeunamuerteanunciada_0115,Gabriel Garcia Marquez,Colombia,Cronica de una muerte anunciada,"Llegó con una chaqueta corta y un pantalón muy estrecho, ambos de becerro natural, y unos guantes de cabritilla del mismo color.",22
garciamarquez_cronicadeunamuerteanunciada_0116,Gabriel Garcia Marquez,Colombia,Cronica de una muerte anunciada,Magdalena Oliver había venido con él en el buque y no pudo quitarle la vista de encima durante el viaje.,20
garciamarquez_cronicadeunamuerteanunciada_0117,Gabriel Garcia Marquez,Colombia,Cronica de una muerte anunciada,"Y era una lástima, porque estaba como para embadurnarlo de mantequilla y comérselo vivo.",14
garciamarquez_cronicadeunamuerteanunciada_0118,Gabriel Garcia Marquez,Colombia,Cronica de una muerte anunciada,Mi madre me escribió al colegio a fines de agosto y me decía en una nota casual: «Ha venido un hombre muy raro».,23
garciamarquez_cronicadeunamuerteanunciada_0119,Gabriel Garcia Marquez,Colombia,Cronica de una muerte anunciada,"En la carta siguiente me decía: «El hombre raro se llama Bayardo San Román, y todo el inundo dice que es encantador, pero yo no lo he visto».",28
garciamarquez_cronicadeunamuerteanunciada_0120,Gabriel Garcia Marquez,Colombia,Cronica de una muerte anunciada,"A alguien que no resistió la tentación de preguntárselo, un poco antes de la boda, le contestó: «Andaba de pueblo en pueblo buscando con quien casarme».",26
garciamarquez_cronicadeunamuerteanunciada_0121,Gabriel Garcia Marquez,Colombia,Cronica de una muerte anunciada,"Podía haber sido verdad, pero lo mismo hubiera contestado cualquier otra cosa, pues tenía una manera de hablar que más bien le servía para ocultar que para decir.",28
garciamarquez_cronicadeunamuerteanunciada_0122,Gabriel Garcia Marquez,Colombia,Cronica de una muerte anunciada,"La noche en que llegó dio a entender en el cine que era ingeniero de trenes, y habló de la urgencia de construir un ferrocarril hasta el interior para anticiparnos a las veleidades del río.",35
garciamarquez_cronicadeunamuerteanunciada_0123,Gabriel Garcia Marquez,Colombia,Cronica de una muerte anunciada,Con la misma propiedad había hablado de enfermedades fronterizas con un médico militar que pasó por aquellos meses haciendo la leva.,21
garciamarquez_cronicadeunamuerteanunciada_0124,Gabriel Garcia Marquez,Colombia,Cronica de una muerte anunciada,"Le gustaban las fiestas ruidosas y largas, pero era de buen beber, separador de pleitos y enemigo de juegos de manos.",21
garciamarquez_cronicadeunamuerteanunciada_0125,Gabriel Garcia Marquez,Colombia,Cronica de una muerte anunciada,Mi madre le dio la bendición final en una carta de octubre.,12
garciamarquez_cronicadeunamuerteanunciada_0126,Gabriel Garcia Marquez,Colombia,Cronica de una muerte anunciada,"Sin embargo, después de ese veredicto consagratorio me escribió dos cartas más en las que nada me decía sobre Bayardo San Román, ni siquiera cuando fue demasiado sabido que quería casarse con Ángela Vicario.",34
garciamarquez_cronicadeunamuerteanunciada_0127,Gabriel Garcia Marquez,Colombia,Cronica de una muerte anunciada,"Sólo mucho después de la boda desgraciada me confesó que lo había conocido cuando ya era muy tarde para corregir la carta de octubre, y que sus ojos de oro le habían causado un estremecimiento de espanto.",37
garciamarquez_cronicadeunamuerteanunciada_0128,Gabriel Garcia Marquez,Colombia,Cronica de una muerte anunciada,"Lo conocí poco después que ella, cuando vine a las vacaciones de Navidad, y no lo encontré tan raro como decían.",21
garciamarquez_cronicadeunamuerteanunciada_0129,Gabriel Garcia Marquez,Colombia,Cronica de una muerte anunciada,"Me pareció más serio de lo que hacían creer sus travesuras, y de una tensión recóndita apenas disimulada por sus gracias excesivas.",22
garciamarquez_cronicadeunamuerteanunciada_0130,Gabriel Garcia Marquez,Colombia,Cronica de una muerte anunciada,"Pero sobre todo, me pareció un hombre muy triste.",9
garciamarquez_cronicadeunamuerteanunciada_0131,Gabriel Garcia Marquez,Colombia,Cronica de una muerte anunciada,Ya para entonces había formalizado su compromiso de amores con Ángela Vicario.,12
garciamarquez_cronicadeunamuerteanunciada_0132,Gabriel Garcia Marquez,Colombia,Cronica de una muerte anunciada,"Bayardo San Román despertó a medias, vio las dos mujeres vestidas de negro inclemente que parecían los únicos seres vivos en el marasmo de las dos de la tarde, y preguntó quién era la joven.",35
garciamarquez_cronicadeunamuerteanunciada_0133,Gabriel Garcia Marquez,Colombia,Cronica de una muerte anunciada,"La propietaria le contestó que era la hija menor de la mujer que la acompañaba, y que se llamaba Ángela Vicario.",21
garciamarquez_cronicadeunamuerteanunciada_0134,Gabriel Garcia Marquez,Colombia,Cronica de una muerte anunciada,Bayardo San Román las siguió con la mirada hasta el otro extremo de la plaza.,15
garciamarquez_cronicadeunamuerteanunciada_0135,Gabriel Garcia Marquez,Colombia,Cronica de una muerte anunciada,"Luego recostó la cabeza en el espaldar del mecedor, y volvió a cerrar los ojos.",15
garciamarquez_cronicadeunamuerteanunciada_0136,Gabriel Garcia Marquez,Colombia,Cronica de una muerte anunciada,Ángela Vicario me contó que la propietaria de la pensión le había hablado de este episodio desde antes de que Bayardo San Román la requiriera en amores.,27
garciamarquez_cronicadeunamuerteanunciada_0137,Gabriel Garcia Marquez,Colombia,Cronica de una muerte anunciada,"Tres personas que estaban en la pensión confirmaron que el episodio había ocurrido, pero otras cuatro no lo creyeron cierto.",20
garciamarquez_cronicadeunamuerteanunciada_0138,Gabriel Garcia Marquez,Colombia,Cronica de una muerte anunciada,Ella le contestó que no estaba para la venta sino para rifar.,12
garciamarquez_cronicadeunamuerteanunciada_0139,Gabriel Garcia Marquez,Colombia,Cronica de una muerte anunciada,"Ella me confesó que había logrado impresionarla, pero por razones contrarias del amor.",13
garciamarquez_cronicadeunamuerteanunciada_0140,Gabriel Garcia Marquez,Colombia,Cronica de una muerte anunciada,"No podía imaginarse que él, sólo por impresionarla, había comprado todo los números de la rifa.",16
garciamarquez_cronicadeunamuerteanunciada_0141,Gabriel Garcia Marquez,Colombia,Cronica de una muerte anunciada,"Esa noche, cuando volvió a su casa, Ángela Vicario encontró allí la ortofónica envuelta en papel de regalo y adornada con un lazo de organza.",25
garciamarquez_cronicadeunamuerteanunciada_0142,Gabriel Garcia Marquez,Colombia,Cronica de una muerte anunciada,"Le costó trabajo convencer a sus padres de que no le había dado ningún motivo a Bayardo San Román para que le mandara semejante regalo, y menos de una manera tan visible que no pasó inadvertido para nadie.",38
garciamarquez_cronicadeunamuerteanunciada_0143,Gabriel Garcia Marquez,Colombia,Cronica de una muerte anunciada,"De modo que sus hermanos mayores, Pedro y Pablo, llevaron la ortofónica al hotel para devolvérsela a su dueño, y lo hicieron con tanto revuelo que no hubo nadie que la viera venir y no la viera regresar.",38
garciamarquez_cronicadeunamuerteanunciada_0144,Gabriel Garcia Marquez,Colombia,Cronica de una muerte anunciada,Con lo único que no contó la familia fue con los encantos irresistibles de Bayardo San Román.,17
garciamarquez_cronicadeunamuerteanunciada_0145,Gabriel Garcia Marquez,Colombia,Cronica de una muerte anunciada,"Los gemelos no reaparecieron hasta el amanecer del día siguiente, turbios de la borrachera, llevando otra vez la ortofónica y llevando además a Bayardo San Román para seguir la parranda en la casa.",33
garciamarquez_cronicadeunamuerteanunciada_0146,Gabriel Garcia Marquez,Colombia,Cronica de una muerte anunciada,Ángela Vicario era la hija menor de una familia de recursos escasos.,12
garciamarquez_cronicadeunamuerteanunciada_0147,Gabriel Garcia Marquez,Colombia,Cronica de una muerte anunciada,"Su padre, Poncio Vicario, era orfebre de pobres, y la vista se le acabó de tanto hacer primores de oro para mantener el honor de la casa.",27
garciamarquez_cronicadeunamuerteanunciada_0148,Gabriel Garcia Marquez,Colombia,Cronica de una muerte anunciada,Su aspecto manso y un tanto afligido disimulaba muy bien el rigor de su carácter.,15
garciamarquez_cronicadeunamuerteanunciada_0149,Gabriel Garcia Marquez,Colombia,Cronica de una muerte anunciada,Las dos hijas mayores se habían .casado muy tarde.,9
garciamarquez_cronicadeunamuerteanunciada_0150,Gabriel Garcia Marquez,Colombia,Cronica de una muerte anunciada,"Sabían bordar con bastidor, coser a máquina, tejer encaje de bolillo, lavar y planchar, hacer flores artificiales y dulces de fantasía, y redactar esquelas de compromiso.",26
garciamarquez_cronicadeunamuerteanunciada_0151,Gabriel Garcia Marquez,Colombia,Cronica de una muerte anunciada,"A diferencia de las muchachas de la época, que habían descuidado el culto de la muerte, las cuatro eran maestras en la ciencia antigua de velar a los enfermos, confortar a los moribundos y amortajar a los muertos.",38
garciamarquez_cronicadeunamuerteanunciada_0152,Gabriel Garcia Marquez,Colombia,Cronica de una muerte anunciada,Lo único que mi madre les reprochaba era la costumbre de peinarse antes de dormir.,15
garciamarquez_cronicadeunamuerteanunciada_0153,Gabriel Garcia Marquez,Colombia,Cronica de una muerte anunciada,"Cualquier hombre será feliz con ellas, porque han sido criadas para sufrir.",12
garciamarquez_cronicadeunamuerteanunciada_0154,Gabriel Garcia Marquez,Colombia,Cronica de una muerte anunciada,"Ángela Vicario era la más bella de las cuatro, y mi madre decía que había nacido como las grandes reinas de la historia con el cordón umbilical enrollado en el cuello.",31
garciamarquez_cronicadeunamuerteanunciada_0155,Gabriel Garcia Marquez,Colombia,Cronica de una muerte anunciada,Pero tenía un aire desamparado y una pobreza de espíritu que le auguraban un porvenir incierto.,16
garciamarquez_cronicadeunamuerteanunciada_0156,Gabriel Garcia Marquez,Colombia,Cronica de una muerte anunciada,Pero fue una visión momentánea: su penuria de espíritu se agravaba con los años.,14
garciamarquez_cronicadeunamuerteanunciada_0157,Gabriel Garcia Marquez,Colombia,Cronica de una muerte anunciada,"Tanto, que cuando se supo que Bayardo San Román quería casarse con ella, muchos pensaron que era una perfidia de forastero.",21
garciamarquez_cronicadeunamuerteanunciada_0158,Gabriel Garcia Marquez,Colombia,Cronica de una muerte anunciada,"Su pasado no iba más allá de la tarde en que desembarcó con su atuendo de artista, y era tan reservado sobre su origen que hasta el engendro más demente podía ser cierto.",33
garciamarquez_cronicadeunamuerteanunciada_0159,Gabriel Garcia Marquez,Colombia,Cronica de una muerte anunciada,Bayardo San Román le puso término a tantas conjeturas con un recurso simple: trajo a su familia en pleno.,19
garciamarquez_cronicadeunamuerteanunciada_0160,Gabriel Garcia Marquez,Colombia,Cronica de una muerte anunciada,"Eran cuatro: el padre, la madre y dos hermanas perturbadoras.",10
garciamarquez_cronicadeunamuerteanunciada_0161,Gabriel Garcia Marquez,Colombia,Cronica de una muerte anunciada,Mi madre fue la única que no fue a saludarlo cuando supo quién era.,14
garciamarquez_cronicadeunamuerteanunciada_0162,Gabriel Garcia Marquez,Colombia,Cronica de una muerte anunciada,"Pero una cosa era eso, y otra muy distinta era darle la mano a un hombre que ordenó dispararle por ,la espalda a Gerineldo Márquez.",25
garciamarquez_cronicadeunamuerteanunciada_0163,Gabriel Garcia Marquez,Colombia,Cronica de una muerte anunciada,"Llevaba un traje de lienzo color de trigo, botines de cordobán con los cordones cruzados, y unos espejuelos de oro prendidos con pinzas en la cruz de la nariz y sostenidos con una leontina en el ojal del chaleco.",39
garciamarquez_cronicadeunamuerteanunciada_0164,Gabriel Garcia Marquez,Colombia,Cronica de una muerte anunciada,Llevaba la medalla del valor en la solapa y un bastón con el escudo nacional esculpido en el pomo.,19
garciamarquez_cronicadeunamuerteanunciada_0165,Gabriel Garcia Marquez,Colombia,Cronica de una muerte anunciada,Era Ángela Vicario quien no quería casarse con él.,9
garciamarquez_cronicadeunamuerteanunciada_0166,Gabriel Garcia Marquez,Colombia,Cronica de una muerte anunciada,"Además, Bayardo San Román no había intentado siquiera seducirla a ella, sino que hechizó a la familia con sus encantos.",20
garciamarquez_cronicadeunamuerteanunciada_0167,Gabriel Garcia Marquez,Colombia,Cronica de una muerte anunciada,El argumento decisivo de los padres fue que una familia dignifica da por la modestia no tenía derecho a despreciar aquel premio del destino.,24
garciamarquez_cronicadeunamuerteanunciada_0168,Gabriel Garcia Marquez,Colombia,Cronica de una muerte anunciada,"A diferencia de los noviazgos de la época, que eran largos y vigilados, el de ellos fue de sólo cuatro meses por las urgencias de Bayardo San Román.",28
garciamarquez_cronicadeunamuerteanunciada_0169,Gabriel Garcia Marquez,Colombia,Cronica de una muerte anunciada,"Y yo le contesté, sin saber para qué era, que la más bonita del pueblo era la quinta del viudo de Xius.",22
garciamarquez_cronicadeunamuerteanunciada_0170,Gabriel Garcia Marquez,Colombia,Cronica de una muerte anunciada,Bayardo San Román fue esa misma noche al Club Social y se sentó a la mesa del viudo de Xius a jugar una partida de dominó.,26
garciamarquez_cronicadeunamuerteanunciada_0171,Gabriel Garcia Marquez,Colombia,Cronica de una muerte anunciada,Yo estaba seguro que prefería morirse antes que vender una casa donde había sido feliz durante más de treinta años.,20
garciamarquez_cronicadeunamuerteanunciada_0172,Gabriel Garcia Marquez,Colombia,Cronica de una muerte anunciada,Pero el viudo se defendió hasta el final de la partida.,11
garciamarquez_cronicadeunamuerteanunciada_0173,Gabriel Garcia Marquez,Colombia,Cronica de una muerte anunciada,"Al cabo de tres noches, ya mejor preparado, Bayardo San Román ,Volvió a la mesa de dominó.",17
garciamarquez_cronicadeunamuerteanunciada_0174,Gabriel Garcia Marquez,Colombia,Cronica de una muerte anunciada,Bayardo San Román no hizo una pausa para pensar.,9
garciamarquez_cronicadeunamuerteanunciada_0175,Gabriel Garcia Marquez,Colombia,Cronica de una muerte anunciada,"Ahora mismo, y con un billete encima del otro.",9
garciamarquez_cronicadeunamuerteanunciada_0176,Gabriel Garcia Marquez,Colombia,Cronica de una muerte anunciada,El viudo lo miró con los ojos llenos de lágrimas.,10
garciamarquez_cronicadeunamuerteanunciada_0177,Gabriel Garcia Marquez,Colombia,Cronica de una muerte anunciada,"Imagínate: semejante cantidad al alcance de la mano, y tener que decir que no por una simple flaqueza del espíritu.",20
garciamarquez_cronicadeunamuerteanunciada_0178,Gabriel Garcia Marquez,Colombia,Cronica de una muerte anunciada,"Cinco minutos después, en efecto, volvió al Club Social con las alforjas enchapadas de plata, y puso sobre la mesa diez gavillas de billetes de a mil todavía con las bandas impresas del Banco del Estado.",36
garciamarquez_cronicadeunamuerteanunciada_0179,Gabriel Garcia Marquez,Colombia,Cronica de una muerte anunciada,El viudo de Xius murió dos años después.,8
garciamarquez_cronicadeunamuerteanunciada_0180,Gabriel Garcia Marquez,Colombia,Cronica de una muerte anunciada,"Nadie hubiera pensado, ni lo dijo nadie, que Ángela Vicario no fuera virgen.",13
garciamarquez_cronicadeunamuerteanunciada_0181,Gabriel Garcia Marquez,Colombia,Cronica de una muerte anunciada,"Trató de retrasar la boda por un día cuando se anunció la visita del obispo, para que éste los casara, pero Ángela Vicario se opuso.",25
garciamarquez_cronicadeunamuerteanunciada_0182,Gabriel Garcia Marquez,Colombia,Cronica de una muerte anunciada,Al novio le regalaron un automóvil convertible con su nombre grabado en letras góticas bajo el escudo de la fábrica.,20
garciamarquez_cronicadeunamuerteanunciada_0183,Gabriel Garcia Marquez,Colombia,Cronica de una muerte anunciada,A la novia le regalaron un estuche de cubiertos de oro puro para veinticuatro invitados.,15
garciamarquez_cronicadeunamuerteanunciada_0184,Gabriel Garcia Marquez,Colombia,Cronica de una muerte anunciada,"Trajeron además un espectáculo de bailarines, y dos orquestas de valses que desentonaron con las bandas locales, y con las muchas papayeras y grupos de acordeones que venían alborotados por la bulla de la parranda.",35
garciamarquez_cronicadeunamuerteanunciada_0185,Gabriel Garcia Marquez,Colombia,Cronica de una muerte anunciada,"La familia Vicario vivía en una casa modesta, con paredes de ladrillos y un, techo de palma rematado por dos buhardas donde se metían a empollar las golondrinas en enero.",30
garciamarquez_cronicadeunamuerteanunciada_0186,Gabriel Garcia Marquez,Colombia,Cronica de una muerte anunciada,"Tenía en el frente una terraza ocupada casi por completo con macetas de flores, y un patio grande con gallinas sueltas y árboles frutales.",24
garciamarquez_cronicadeunamuerteanunciada_0187,Gabriel Garcia Marquez,Colombia,Cronica de una muerte anunciada,"Los gemelos se llevaron los cerdos para otra parte y sanearon la porqueriza con cal viva, pero aun así se vio que iba a faltar espacio.",26
garciamarquez_cronicadeunamuerteanunciada_0188,Gabriel Garcia Marquez,Colombia,Cronica de una muerte anunciada,"Román, tumbaron las cercas del patio, pidieron prestadas para bailar las casas contiguas, y pusieron mesones de carpinteros para sentarse a comer bajo la fronda de los tamarindos.",28
garciamarquez_cronicadeunamuerteanunciada_0189,Gabriel Garcia Marquez,Colombia,Cronica de una muerte anunciada,"En cambio, el hecho de que Ángela Vicario se atreviera a ponerse el velo y los azahares sin ser virgen, había de ser interpretado después como una profanación de los símbolos de la pureza.",34
garciamarquez_cronicadeunamuerteanunciada_0190,Gabriel Garcia Marquez,Colombia,Cronica de una muerte anunciada,Mi madre fue la única que apreció como un acto de valor el que hubiera jugado sus cartas marcadas hasta las últimas consecuencias.,23
garciamarquez_cronicadeunamuerteanunciada_0191,Gabriel Garcia Marquez,Colombia,Cronica de una muerte anunciada,"Desde que apareció por fin de levita y chistera, hasta que se fugó del baile con la criatura de sus tormentos, fue la imagen perfecta del novio feliz.",28
garciamarquez_cronicadeunamuerteanunciada_0192,Gabriel Garcia Marquez,Colombia,Cronica de una muerte anunciada,Tampoco se supo nunca con qué cartas jugó Santiago Nasar.,10
garciamarquez_cronicadeunamuerteanunciada_0193,Gabriel Garcia Marquez,Colombia,Cronica de una muerte anunciada,"Yo estuve con él todo el tiempo, en la iglesia y en la fiesta, junto con Cristo Bedoya y mi hermano Luis Enrique, y ninguno de nosotros vislumbró el menor cambio en su modo de ser.",36
garciamarquez_cronicadeunamuerteanunciada_0194,Gabriel Garcia Marquez,Colombia,Cronica de una muerte anunciada,En la iglesia estimó que habían puesto adornos florales por un valor igual al de catorce entierros de primera clase.,20
garciamarquez_cronicadeunamuerteanunciada_0195,Gabriel Garcia Marquez,Colombia,Cronica de una muerte anunciada,En el sopor del medio día los recién casados hicieron la ronda del patio.,14
garciamarquez_cronicadeunamuerteanunciada_0196,Gabriel Garcia Marquez,Colombia,Cronica de una muerte anunciada,"Bayardo San Román se había hecho muy amigo nuestro, amigo de tragos, como se decía entonces, y parecía muy a gusto en nuestra mesa.",24
garciamarquez_cronicadeunamuerteanunciada_0197,Gabriel Garcia Marquez,Colombia,Cronica de una muerte anunciada,"Ángela Vicario, sin el velo y la corona y con el vestido de raso ensopado de sudor, había asumido de pronto su cara de mujer casada.",26
garciamarquez_cronicadeunamuerteanunciada_0198,Gabriel Garcia Marquez,Colombia,Cronica de una muerte anunciada,"Santiago Nasar calculaba, y se lo dijo a Bayardo San Román, que la boda iba costando hasta ese momento unos nueve mil pesos.",23
garciamarquez_cronicadeunamuerteanunciada_0199,Gabriel Garcia Marquez,Colombia,Cronica de una muerte anunciada,"Bayardo San Román, en cambio, lo recibió de muy buen talante y hasta con una cierta jactancia.",17
garciamarquez_cronicadeunamuerteanunciada_0200,Gabriel Garcia Marquez,Colombia,Cronica de una muerte anunciada,Al final será más o menos el doble.,8
garciamarquez_cronicadeunamuerteanunciada_0201,Gabriel Garcia Marquez,Colombia,Cronica de una muerte anunciada,"Santiago Nasar se propuso comprobarlo hasta el último céntimo, y la vida le alcanzó justo.",15
garciamarquez_cronicadeunamuerteanunciada_0202,Gabriel Garcia Marquez,Colombia,Cronica de una muerte anunciada,Yo conservaba un recuerdo muy confuso de la fiesta antes de que hubiera decidido rescatarla a pedazos de la memoria ajena.,21
garciamarquez_cronicadeunamuerteanunciada_0203,Gabriel Garcia Marquez,Colombia,Cronica de una muerte anunciada,"Muchos sabían que en la inconsciencia de la parranda le propuse a Mercedes Barcha que se casara conmigo, cuando apenas había terminado la escuela primaria, tal como ella misma me lo recordó cuando nos casamos catorce años después.",38
garciamarquez_cronicadeunamuerteanunciada_0204,Gabriel Garcia Marquez,Colombia,Cronica de una muerte anunciada,La imagen más intensa que siempre conservé de aquel domingo indeseable fue la del viejo Poncio Vicario sentado solo en un taburete en el centro del patio.,27
garciamarquez_cronicadeunamuerteanunciada_0205,Gabriel Garcia Marquez,Colombia,Cronica de una muerte anunciada,El acto formal terminó a las seis de la tarde cuando se despidieron los invitados de honor.,17
garciamarquez_cronicadeunamuerteanunciada_0206,Gabriel Garcia Marquez,Colombia,Cronica de una muerte anunciada,"Los recién casados aparecieron poco después en el automóvil descubierto, abriéndose paso a duras penas en el tumulto.",18
garciamarquez_cronicadeunamuerteanunciada_0207,Gabriel Garcia Marquez,Colombia,Cronica de una muerte anunciada,"Bayardo San Román reventó cohetes, tomó aguardiente de las botellas que le tendía la muchedumbre, y se bajó del coche con Ángela Vicario para meterse en la rueda de la cumbiamba.",31
garciamarquez_cronicadeunamuerteanunciada_0208,Gabriel Garcia Marquez,Colombia,Cronica de una muerte anunciada,"Por último ordenó que siguiéramos bailando por cuenta suya hasta donde nos alcanzara la vida, y se llevó a la esposa aterrorizada para la casa de sus sueños donde el viudo de Xius había sido feliz.",36
garciamarquez_cronicadeunamuerteanunciada_0209,Gabriel Garcia Marquez,Colombia,Cronica de una muerte anunciada,"Por allí pasaron entre muchos otros los hermanos Vicario, y estuvieron bebiendo con nosotros y cantando con Santiago Nasar cinco horas antes de matarlo.",24
garciamarquez_cronicadeunamuerteanunciada_0210,Gabriel Garcia Marquez,Colombia,Cronica de una muerte anunciada,"Debían quedar aún algunos rescoldos desperdigados de la fiesta original, pues de todos lados nos llegaban ráfagas de música.",19
garciamarquez_cronicadeunamuerteanunciada_0211,Gabriel Garcia Marquez,Colombia,Cronica de una muerte anunciada,Se había dormido a fondo cuando tocaron a la puerta.,10
garciamarquez_cronicadeunamuerteanunciada_0212,Gabriel Garcia Marquez,Colombia,Cronica de una muerte anunciada,"Ángela Vicario estaba en la sombra, de modo que sólo la vio cuando Bayardo San Román la agarró por el brazo y la puso en la luz.",27
garciamarquez_cronicadeunamuerteanunciada_0213,Gabriel Garcia Marquez,Colombia,Cronica de una muerte anunciada,Pura Vicario creyó que se habían desbarrancado con el automóvil y estaban muertos en el fondo del precipicio.,18
garciamarquez_cronicadeunamuerteanunciada_0214,Gabriel Garcia Marquez,Colombia,Cronica de una muerte anunciada,"Bayardo San Román no entró, sino que empujó con suavidad a su esposa hacia el interior de la casa, sin decir una palabra.",23
garciamarquez_cronicadeunamuerteanunciada_0215,Gabriel Garcia Marquez,Colombia,Cronica de una muerte anunciada,Después besó a Pura Vicario en la mejilla y le habló con una voz de muy hondo desaliento pero con mucha ternura.,22
garciamarquez_cronicadeunamuerteanunciada_0216,Gabriel Garcia Marquez,Colombia,Cronica de una muerte anunciada,"Sólo Pura Vicario supo lo que hizo en las dos horas siguientes, y se fue a la muerte con su secreto.",21
garciamarquez_cronicadeunamuerteanunciada_0217,Gabriel Garcia Marquez,Colombia,Cronica de una muerte anunciada,"Pero hasta eso lo hizo con tanto sigilo, que su marido y sus hijas mayores, dormidos en los otros cuartos, no se enteraron de nada hasta el amanecer cuando ya estaba consumado el desastre.",34
garciamarquez_cronicadeunamuerteanunciada_0218,Gabriel Garcia Marquez,Colombia,Cronica de una muerte anunciada,"Encontraron á Ángela Vicario tumbada bocabajo en un sofá del comedor y con la cara macerada a golpes, pero había terminado de llorar.",23
garciamarquez_cronicadeunamuerteanunciada_0219,Gabriel Garcia Marquez,Colombia,Cronica de una muerte anunciada,"Al contrario: sentía como si por fin me hubiera quitado de encima la conduerma de la muerte, y lo único que quería era que todo terminara rápido para tirarme a dormir.",31
garciamarquez_cronicadeunamuerteanunciada_0220,Gabriel Garcia Marquez,Colombia,Cronica de una muerte anunciada,Ella se demoró apenas el tiempo necesario para decir el nombre.,11
garciamarquez_cronicadeunamuerteanunciada_0221,Gabriel Garcia Marquez,Colombia,Cronica de una muerte anunciada,"El abogado sustentó la tesis del homicidio en legítima defensa del honor, que fue admitida por el tribunal de conciencia, y los gemelos declararon al final del juicio que hubieran vuelto a hacerlo mil veces por los mismos motivos.",39
garciamarquez_cronicadeunamuerteanunciada_0222,Gabriel Garcia Marquez,Colombia,Cronica de una muerte anunciada,Fueron ellos quienes vislumbraron el recurso de la defensa desde que se rindieron ante su iglesia pocos minutos después del crimen.,21
garciamarquez_cronicadeunamuerteanunciada_0223,Gabriel Garcia Marquez,Colombia,Cronica de una muerte anunciada,"Según me dijeron años después, habían empezado por buscarlo en la casa de María Alejandrina Cervantes, donde estuvieron con él hasta las dos.",23
garciamarquez_cronicadeunamuerteanunciada_0224,Gabriel Garcia Marquez,Colombia,Cronica de una muerte anunciada,"Este dato, como muchos otros, no fue registrado en el sumario.",11
garciamarquez_cronicadeunamuerteanunciada_0225,Gabriel Garcia Marquez,Colombia,Cronica de una muerte anunciada,"En realidad, Santiago Nasar ya no estaba ahí a la hora en que los gemelos dicen que fueron a buscarlo, pues habíamos salido a hacer una ronda de serenatas, pero en todo caso no era cierto que hubieran ido.",39
garciamarquez_cronicadeunamuerteanunciada_0226,Gabriel Garcia Marquez,Colombia,Cronica de una muerte anunciada,"En cambio, lo fueron a esperar en la casa de Clotilde Armenta, por donde sabían que iba a pasar medio mundo menos Santiago Nasar.",24
garciamarquez_cronicadeunamuerteanunciada_0227,Gabriel Garcia Marquez,Colombia,Cronica de una muerte anunciada,"Sin embargo, cualquiera sabía que la puerta principal de la casa de Plácida Linero permanecía trancada por dentro, inclusive durante el día, y que Santiago Nasar llevaba siempre consigo las llaves de la entrada posterior.",35
garciamarquez_cronicadeunamuerteanunciada_0228,Gabriel Garcia Marquez,Colombia,Cronica de una muerte anunciada,"Los envolvieron en un trapo, y se fueron a afilarlos en el mercado de carnes, donde apenas empezaban a abrir algunos expendios.",22
garciamarquez_cronicadeunamuerteanunciada_0229,Gabriel Garcia Marquez,Colombia,Cronica de una muerte anunciada,"Estaba acostumbrado a verlos los viernes, pero un poco más tarde, y con los delantales de cuero que se ponían para la matanza.",23
garciamarquez_cronicadeunamuerteanunciada_0230,Gabriel Garcia Marquez,Colombia,Cronica de una muerte anunciada,"Los afilaron en la piedra giratoria, y como lo hacían siempre: Pedro sosteniendo los dos cuchillos y alternándolos en la piedra, y Pablo dándole vuelta a la manivela.",28
garciamarquez_cronicadeunamuerteanunciada_0231,Gabriel Garcia Marquez,Colombia,Cronica de una muerte anunciada,Al mismo tiempo hablaban del esplendor de la boda con los otros carniceros.,13
garciamarquez_cronicadeunamuerteanunciada_0232,Gabriel Garcia Marquez,Colombia,Cronica de una muerte anunciada,"Algunos se quejaron de no haber recibido su ración de pastel, a pesar de ser compañeros de oficio, y ellos les prometieron que las harían mandar más tarde.",28
garciamarquez_cronicadeunamuerteanunciada_0233,Gabriel Garcia Marquez,Colombia,Cronica de una muerte anunciada,"Al final, hicieron cantar los cuchillos en la piedra, y Pablo puso el suyo junto a la lámpara para que destellara el acero: -Vamos a matar a Santiago Nasar -dijo.",30
garciamarquez_cronicadeunamuerteanunciada_0234,Gabriel Garcia Marquez,Colombia,Cronica de una muerte anunciada,"Tenían tan bien fundada su reputación de gente buena, que nadie les hizo caso.",14
garciamarquez_cronicadeunamuerteanunciada_0235,Gabriel Garcia Marquez,Colombia,Cronica de una muerte anunciada,Yo había de preguntarles alguna vez a los carniceros si el oficio de matarife no revelaba un alma predispuesta para matar un ser humano.,24
garciamarquez_cronicadeunamuerteanunciada_0236,Gabriel Garcia Marquez,Colombia,Cronica de una muerte anunciada,Protestaron: «Cuando uno sacrifica una res no se atreve a mirarle los ojos».,13
garciamarquez_cronicadeunamuerteanunciada_0237,Gabriel Garcia Marquez,Colombia,Cronica de una muerte anunciada,Uno de ellos me dijo que no podía comer la carne del animal que degollaba.,15
garciamarquez_cronicadeunamuerteanunciada_0238,Gabriel Garcia Marquez,Colombia,Cronica de una muerte anunciada,"Otro me dijo que no sería capaz de sacrificar una vaca que hubiera conocido antes, y menos si había tomado su leche.",22
garciamarquez_cronicadeunamuerteanunciada_0239,Gabriel Garcia Marquez,Colombia,Cronica de una muerte anunciada,"Les recordé que los hermanos Vicario sacrificaban los mismos cerdos que criaban, y les eran tan familiares que los distinguían por sus nombres.",23
garciamarquez_cronicadeunamuerteanunciada_0240,Gabriel Garcia Marquez,Colombia,Cronica de una muerte anunciada,"Faustino Santos me contó que se había quedado con la duda, y se la comunicó a un agente de la policía que pasó poco más tarde a comprar una libra de hígado para el desayuno del alcalde.",37
garciamarquez_cronicadeunamuerteanunciada_0241,Gabriel Garcia Marquez,Colombia,Cronica de una muerte anunciada,"De modo que nunca pude hablar con él, pero Clotilde Armenta me confirmó que fue la primera persona que estuvo en su tienda cuando ya los gemelos Vicario se habían sentado a esperar.",33
garciamarquez_cronicadeunamuerteanunciada_0242,Gabriel Garcia Marquez,Colombia,Cronica de una muerte anunciada,Clotilde Armenta acababa de reemplazar a su marido en el mostrador.,11
garciamarquez_cronicadeunamuerteanunciada_0243,Gabriel Garcia Marquez,Colombia,Cronica de una muerte anunciada,"La tienda vendía leche al amanecer y víveres durante el día, y se transformaba en cantina desde las seis de la tarde.",22
garciamarquez_cronicadeunamuerteanunciada_0244,Gabriel Garcia Marquez,Colombia,Cronica de una muerte anunciada,"Su marido, el buen don Rogelio de la Flor, se hacía cargo de la cantina hasta la hora de cerrar.",20
garciamarquez_cronicadeunamuerteanunciada_0245,Gabriel Garcia Marquez,Colombia,Cronica de una muerte anunciada,"Se bebieron la botella entera con dos largas tragantadas, pero siguieron impávidos.",12
garciamarquez_cronicadeunamuerteanunciada_0246,Gabriel Garcia Marquez,Colombia,Cronica de una muerte anunciada,"La segunda botella se la tomaron más despacio, sentados, mirando con insistencia hacia la casa de Plácida Linero, en la acera de enfrente, cuyas ventanas estaban apagadas.",27
garciamarquez_cronicadeunamuerteanunciada_0247,Gabriel Garcia Marquez,Colombia,Cronica de una muerte anunciada,"Pedro Vicario le preguntó a Clotilde Armenta si había visto luz en esa ventana, y ella le contestó que no, pero le pareció un interés extraño.",26
garciamarquez_cronicadeunamuerteanunciada_0248,Gabriel Garcia Marquez,Colombia,Cronica de una muerte anunciada,No más que lo andamos buscando para matarlo.,8
garciamarquez_cronicadeunamuerteanunciada_0249,Gabriel Garcia Marquez,Colombia,Cronica de una muerte anunciada,Fue una respuesta tan espontánea que ella no pudo creer que fuera cierta.,13
garciamarquez_cronicadeunamuerteanunciada_0250,Gabriel Garcia Marquez,Colombia,Cronica de una muerte anunciada,Pero se fijó en que los gemelos llevaban dos cuchillos de matarife envueltos en trapos de cocina.,17
garciamarquez_cronicadeunamuerteanunciada_0251,Gabriel Garcia Marquez,Colombia,Cronica de una muerte anunciada,"Los conocía tan bien que podía distinguirlos, sobre todo después de que Pedro Vicario regresó del cuartel.",17
garciamarquez_cronicadeunamuerteanunciada_0252,Gabriel Garcia Marquez,Colombia,Cronica de una muerte anunciada,"Y esa reflexión la asustó, pues siempre había pensado que sólo los niños son capaces de todo.",17
garciamarquez_cronicadeunamuerteanunciada_0253,Gabriel Garcia Marquez,Colombia,Cronica de una muerte anunciada,"Así que acabó de preparar los trastos de la leche, y se fue a despertar a su marido para contarle lo que estaba pasando en la tienda.",27
garciamarquez_cronicadeunamuerteanunciada_0254,Gabriel Garcia Marquez,Colombia,Cronica de una muerte anunciada,Don Rogelio de la Flor la escuchó medio dormido.,9
garciamarquez_cronicadeunamuerteanunciada_0255,Gabriel Garcia Marquez,Colombia,Cronica de una muerte anunciada,"Cuando Clotilde Armenta volvió a la tienda los gemelos estaban conversando con el agente Leandro Pornoy, que iba por la leche del alcalde.",23
garciamarquez_cronicadeunamuerteanunciada_0256,Gabriel Garcia Marquez,Colombia,Cronica de una muerte anunciada,"No oyó lo que hablaron, pero supuso que algo le habían dicho de sus propósitos, por la forma en que observó los cuchillos al salir.",25
garciamarquez_cronicadeunamuerteanunciada_0257,Gabriel Garcia Marquez,Colombia,Cronica de una muerte anunciada,El coronel Lázaro Aponte se había levantado un poco antes de las cuatro.,13
garciamarquez_cronicadeunamuerteanunciada_0258,Gabriel Garcia Marquez,Colombia,Cronica de una muerte anunciada,Acababa de afeitarse cuando el agente Leandro Pornoy le reveló las intenciones de los hermanos Vicario.,16
garciamarquez_cronicadeunamuerteanunciada_0259,Gabriel Garcia Marquez,Colombia,Cronica de una muerte anunciada,"Se vistió con calma, se hizo varias veces hasta que le quedó perfecto el corbatín de mariposa, y se colgó en el cuello el escapulario de la Congregación de María para recibir al obispo.",34
garciamarquez_cronicadeunamuerteanunciada_0260,Gabriel Garcia Marquez,Colombia,Cronica de una muerte anunciada,"Mientras desayunaba con un guiso de hígado cubierto de anillos de cebolla, su esposa le'contó muy excitada que Bayardo San Román había devuelto a Ángela Vicario, pero él no lo tomó con igual dramatismo.",34
garciamarquez_cronicadeunamuerteanunciada_0261,Gabriel Garcia Marquez,Colombia,Cronica de una muerte anunciada,"Sin embargo, antes de terminar el desayuno recordó lo que acababa de decirle el ordenanza, juntó las dos noticias y descubrió de inmediato que casaban exactas como dos piezas de un acertijo.",32
garciamarquez_cronicadeunamuerteanunciada_0262,Gabriel Garcia Marquez,Colombia,Cronica de una muerte anunciada,"Entonces fue a la plaza por la calle del puerto nuevo, cuyas casas empezaban a revivir por la llegada del obispo.",21
garciamarquez_cronicadeunamuerteanunciada_0263,Gabriel Garcia Marquez,Colombia,Cronica de una muerte anunciada,"En el trayecto, tres personas lo detuvieron para contarle en secreto que los hermanos Vicario estaban esperando a Santiago Nasar para matarlo, pero sólo uno supo decirle dónde.",28
garciamarquez_cronicadeunamuerteanunciada_0264,Gabriel Garcia Marquez,Colombia,Cronica de una muerte anunciada,Los encontró en la tienda de Clotilde Armenta.,8
garciamarquez_cronicadeunamuerteanunciada_0265,Gabriel Garcia Marquez,Colombia,Cronica de una muerte anunciada,"Clotilde Armenta sufrió una desilusión más con la ligereza del alcalde, pues pensaba que debía arrestar a los gemelos hasta esclarecer la verdad.",23
garciamarquez_cronicadeunamuerteanunciada_0266,Gabriel Garcia Marquez,Colombia,Cronica de una muerte anunciada,Es para librar a esos pobres muchachos del horrible compromiso que les ha caído encima.,15
garciamarquez_cronicadeunamuerteanunciada_0267,Gabriel Garcia Marquez,Colombia,Cronica de una muerte anunciada,Tenía la certidumbre de que los hermanos Vicario no estaban tan ansiosos por cumplir la sentencia como por encontrar a alguien que les hiciera el favor de impedírselo.,28
garciamarquez_cronicadeunamuerteanunciada_0268,Gabriel Garcia Marquez,Colombia,Cronica de una muerte anunciada,Pero el coronel Aponte estaba en paz con su alma.,10
garciamarquez_cronicadeunamuerteanunciada_0269,Gabriel Garcia Marquez,Colombia,Cronica de una muerte anunciada,"Clotilde Armenta recordaría siempre que el talante rechoncho del coronel Aponte le causaba una cierta desdicha, y en cambio yo lo evocaba como un hombre feliz; aunque un poco trastornado por la práctica solitaria del espiritismo aprendido por correo.",39
garciamarquez_cronicadeunamuerteanunciada_0270,Gabriel Garcia Marquez,Colombia,Cronica de una muerte anunciada,"La verdad es que no volvió a acordarse de Santiago Nasar hasta que lo vio en el puerto, y entonces se felicitó por haber tomado la decisión justa.",28
garciamarquez_cronicadeunamuerteanunciada_0271,Gabriel Garcia Marquez,Colombia,Cronica de una muerte anunciada,A Clotilde Arrnenta le parecía imposible que no se supiera en la casa de enfrente.,15
garciamarquez_cronicadeunamuerteanunciada_0272,Gabriel Garcia Marquez,Colombia,Cronica de una muerte anunciada,"Pensaba que Santiago Nasar no estaba allí, pues no había visto encenderse la luz del dormitorio, y a todo el que pudo le pidió prevenirlo donde lo vieran.",28
garciamarquez_cronicadeunamuerteanunciada_0273,Gabriel Garcia Marquez,Colombia,Cronica de una muerte anunciada,"Se lo mandó a decir, inclusive, al padre Amador, con la novicia de servicio que fue a comprar la leche para las monjas.",23
garciamarquez_cronicadeunamuerteanunciada_0274,Gabriel Garcia Marquez,Colombia,Cronica de una muerte anunciada,Clotilde Armenta no había acabado de vender la leche cuando volvieron los hermanos Vicario con otros dos cuchillos envueltos en periódicos.,21
garciamarquez_cronicadeunamuerteanunciada_0275,Gabriel Garcia Marquez,Colombia,Cronica de una muerte anunciada,"El otro era más corto, pero ancho y curvo.",9
garciamarquez_cronicadeunamuerteanunciada_0276,Gabriel Garcia Marquez,Colombia,Cronica de una muerte anunciada,"El juez instructor lo dibujó en el sumario, tal vez porque no lo pudo describir, y se arriesgó apenas a indicar que parecía un alfanje en miniatura.",27
garciamarquez_cronicadeunamuerteanunciada_0277,Gabriel Garcia Marquez,Colombia,Cronica de una muerte anunciada,"Fue con estos cuchillos que se cometió el crimen, y ambos eran rudimentarios y muy usados.",16
garciamarquez_cronicadeunamuerteanunciada_0278,Gabriel Garcia Marquez,Colombia,Cronica de una muerte anunciada,Faustino Santos no pudo entender lo que había pasado.,9
garciamarquez_cronicadeunamuerteanunciada_0279,Gabriel Garcia Marquez,Colombia,Cronica de una muerte anunciada,"No sólo eran mucho más distintos por dentro de lo que parecían por fuera, sino que en emergencias difíciles tenían caracteres contrarios.",22
garciamarquez_cronicadeunamuerteanunciada_0280,Gabriel Garcia Marquez,Colombia,Cronica de una muerte anunciada,Sus amigos lo habíamos advertido desde la escuela primaria.,9
garciamarquez_cronicadeunamuerteanunciada_0281,Gabriel Garcia Marquez,Colombia,Cronica de una muerte anunciada,"Pedro Vicario me pareció siempre más sentimental, y por lo mismo más autoritario.",13
garciamarquez_cronicadeunamuerteanunciada_0282,Gabriel Garcia Marquez,Colombia,Cronica de una muerte anunciada,Pedro Vicario cumplió el servicio durante once meses en patrullas de orden público.,13
garciamarquez_cronicadeunamuerteanunciada_0283,Gabriel Garcia Marquez,Colombia,Cronica de una muerte anunciada,"El régimen de tropa, agravado por el miedo de la muerte, le maduró la vocación de mandar y la costumbre de decidir por su hermano.",25
garciamarquez_cronicadeunamuerteanunciada_0284,Gabriel Garcia Marquez,Colombia,Cronica de una muerte anunciada,"Regresó con una blenorragia de sargento que resistió a los métodos más brutales de la medicina militar, y a las inyecciones de arsénico y las purgaciones de permanganato del doctor Dionisio Iguarán.",32
garciamarquez_cronicadeunamuerteanunciada_0285,Gabriel Garcia Marquez,Colombia,Cronica de una muerte anunciada,"Llegó a sentir, inclusive, una especie de fervor ante la blenorragia de hombre grande que su hermano exhibía como una condecoración de guerra.",23
garciamarquez_cronicadeunamuerteanunciada_0286,Gabriel Garcia Marquez,Colombia,Cronica de una muerte anunciada,"Pedro Vicario, según declaración propia, fue el que tomó la decisión de matar a Santiago Nasar, y al principio su hermano no hizo más que seguirlo.",26
garciamarquez_cronicadeunamuerteanunciada_0287,Gabriel Garcia Marquez,Colombia,Cronica de una muerte anunciada,"Pero también fue él quien pareció dar por cumplido el compromiso cuando los desarmó el alcalde, y entonces fue Pablo Vicario quien asumió el mando.",25
garciamarquez_cronicadeunamuerteanunciada_0288,Gabriel Garcia Marquez,Colombia,Cronica de una muerte anunciada,Pero Pablo Vicario me confirmó varias veces que no le fue fácil convencer al hermano de la resolución final.,19
garciamarquez_cronicadeunamuerteanunciada_0289,Gabriel Garcia Marquez,Colombia,Cronica de una muerte anunciada,"En realidad no se demoró más de diez minutos, pero fue algo tan difícil, y tan enigmático para Pablo Vicario, que lo interpretó como una nueva artimaña del hermano para perder el tiempo hasta el amanecer.",36
garciamarquez_cronicadeunamuerteanunciada_0290,Gabriel Garcia Marquez,Colombia,Cronica de una muerte anunciada,De modo que le puso el cuchillo en la mano y se lo llevó casi por la fuerza a buscar la honra perdida de la hermana.,26
garciamarquez_cronicadeunamuerteanunciada_0291,Gabriel Garcia Marquez,Colombia,Cronica de una muerte anunciada,"Salieron por el portón de la porqueriza con los cuchillos sin envolver, perseguidos por el alboroto de los perros en los patios.",22
garciamarquez_cronicadeunamuerteanunciada_0292,Gabriel Garcia Marquez,Colombia,Cronica de una muerte anunciada,"Siempre que los gemelos pasaban por ahí a esa hora, y en especial los viernes cuando iban para el mercado, entraban a tomar el primer café.",26
garciamarquez_cronicadeunamuerteanunciada_0293,Gabriel Garcia Marquez,Colombia,Cronica de una muerte anunciada,"Mientras tomaban el café, Prudencia Cotes salió a la cocina en plena adolescencia con un rollo de periódicos viejos para animar la lumbre de la hornilla.",26
garciamarquez_cronicadeunamuerteanunciada_0294,Gabriel Garcia Marquez,Colombia,Cronica de una muerte anunciada,"De modo que a Clotilde Armenta no le faltaba razón cuando le pareció que los gemelos no estaban tan resueltos como antes, y les sirvió una botella de gordolobo de vaporino con la esperanza de rematarlos.",36
garciamarquez_cronicadeunamuerteanunciada_0295,Gabriel Garcia Marquez,Colombia,Cronica de una muerte anunciada,"Sin embargo, él me explicó después, y era cierto, que en el cuartel había aprendido a afeitarse con navaja barbera, y nunca más lo pudo hacer de otro modo.",29
garciamarquez_cronicadeunamuerteanunciada_0296,Gabriel Garcia Marquez,Colombia,Cronica de una muerte anunciada,"Se tiró sobre la cama en la oscuridad y con la ropa puesta, pues sólo le quedaba una hora para dormir, y así lo encontró Victoria Guzmán cuando subió a despertarlo para que recibiera al obispo.",36
garciamarquez_cronicadeunamuerteanunciada_0297,Gabriel Garcia Marquez,Colombia,Cronica de una muerte anunciada,"Habíamos estado juntos en la casa de María Alejandrina Cervantes hasta pasadas las tres, cuando ella misma despachó a los músicos y apagó las luces del patio de baile para que sus mulatas de placer se acostaran solas a descansar.",40
garciamarquez_cronicadeunamuerteanunciada_0298,Gabriel Garcia Marquez,Colombia,Cronica de una muerte anunciada,"Hacía tres días con sus noches que trabajaban sin reposo, primero atendiendo en secreto a los invitados de honor, y después destrampadas a puertas abiertas con los que nos quedamos incompletos con la parranda de la boda.",37
garciamarquez_cronicadeunamuerteanunciada_0299,Gabriel Garcia Marquez,Colombia,Cronica de una muerte anunciada,"María Alejandrina Cervantes, de quien decíamos que sólo había de dormir una vez para morir, fue la mujer más elegante y la más tierna que conocí jamás, y la más servicial en la cama, pero también la más severa.",39
garciamarquez_cronicadeunamuerteanunciada_0300,Gabriel Garcia Marquez,Colombia,Cronica de una muerte anunciada,"Nos enseñó mucho más de lo que debíamos aprender, pero nos enseñó sobre todo que ningún lugar de la vida es más triste que una canea vacía.",27
garciamarquez_cronicadeunamuerteanunciada_0301,Gabriel Garcia Marquez,Colombia,Cronica de una muerte anunciada,"Yo lo previne: Halcón que se atreve con garza guerrera, peligros espera.",12
garciamarquez_cronicadeunamuerteanunciada_0302,Gabriel Garcia Marquez,Colombia,Cronica de una muerte anunciada,"Desde entonces siguieron vinculados por un afecto serio, pero sin el desorden del amor, y ella le tenía tanto respeto que no volvió a acostarse con nadie si él estaba presente.",31
garciamarquez_cronicadeunamuerteanunciada_0303,Gabriel Garcia Marquez,Colombia,Cronica de una muerte anunciada,"Saqueaba los roperos de unas para disfrazar a las otras, de modo que todas terminaban por sentirse distintas de sí mismas e iguales a las que no eran.",28
garciamarquez_cronicadeunamuerteanunciada_0304,Gabriel Garcia Marquez,Colombia,Cronica de una muerte anunciada,"En cierta ocasión, una de ellas se vio repetida en otra con tal acierto, que sufrió una crisis de llanto.",20
garciamarquez_cronicadeunamuerteanunciada_0305,Gabriel Garcia Marquez,Colombia,Cronica de una muerte anunciada,"Pero aquella noche, María Alejandrina Cervantes no permitió que Santiago Nasar se complaciera por última vez en sus artificios de transformista, y lo hizo con pretextos tan frívolos que el mal sabor de ese recuerdo le cambió la vida.",39
garciamarquez_cronicadeunamuerteanunciada_0306,Gabriel Garcia Marquez,Colombia,Cronica de una muerte anunciada,"Así que nos llevamos a los músicos a una ronda de serenatas, y seguirnos la fiesta por nuestra cuenta, mientras los gemelos Vicario esperaban a Santiago Nasar para matarlo.",29
garciamarquez_cronicadeunamuerteanunciada_0307,Gabriel Garcia Marquez,Colombia,Cronica de una muerte anunciada,"No sólo les cantamos por las ventanas, sino que tiramos cohetes y reventamos petardos en los jardines, pero no percibimos ni una señal de vida dentro de la quinta.",29
garciamarquez_cronicadeunamuerteanunciada_0308,Gabriel Garcia Marquez,Colombia,Cronica de una muerte anunciada,"Mi hermano Luis Enrique, que entonces tocaba la guitarra como un profesional, improvisó en honor de los recién casados una canción de equívocos matrimoniales.",24
garciamarquez_cronicadeunamuerteanunciada_0309,Gabriel Garcia Marquez,Colombia,Cronica de una muerte anunciada,"Al contrario, la luna estaba en el centro del cielo, y el aire era diáfano, y en el fondo del precipicio se veía el reguero de luz de los fuegos fatuos en el cementerio.",34
garciamarquez_cronicadeunamuerteanunciada_0310,Gabriel Garcia Marquez,Colombia,Cronica de una muerte anunciada,"No era posible pensar que tuviera algún malestar de la conciencia, aunque entonces no sabía que la efímera vida matrimonial de Ángela Vicario había terminado dos horas antes.",28
garciamarquez_cronicadeunamuerteanunciada_0311,Gabriel Garcia Marquez,Colombia,Cronica de una muerte anunciada,"Cuando bajamos la colina, mi hermano nos invitó a desayunar con pescado frito en las fondas del mercado, pero Santiago Nasar se opuso porque quería dormir una hora hasta que llegara el obispo.",33
garciamarquez_cronicadeunamuerteanunciada_0312,Gabriel Garcia Marquez,Colombia,Cronica de una muerte anunciada,"Se fue con Cristo Bedoya por la orilla del río bordeando los tambos de pobres que empezaban a encenderse en el puerto antiguo, y antes de doblar la esquina nos hizo una señal de adiós con la mano.",38
garciamarquez_cronicadeunamuerteanunciada_0313,Gabriel Garcia Marquez,Colombia,Cronica de una muerte anunciada,"Cristo Bedoya, con quien estaba de acuerdo para encontrarse más tarde en el puerto, lo despidió en la entrada posterior de su casa.",23
garciamarquez_cronicadeunamuerteanunciada_0314,Gabriel Garcia Marquez,Colombia,Cronica de una muerte anunciada,Victoria Guzmán estaba vigilando la cafetera en el fogón cuando él pasó por la cocina hacia el interior de la casa.,21
garciamarquez_cronicadeunamuerteanunciada_0315,Gabriel Garcia Marquez,Colombia,Cronica de una muerte anunciada,"Santiago Nasar le dijo que lo tomaría más tarde, y le pidió decirle a Divina Flor que lo despertara a las cinco y media, y que le llevara una muda de ropa limpia igual a la que llevaba puesta.",39
garciamarquez_cronicadeunamuerteanunciada_0316,Gabriel Garcia Marquez,Colombia,Cronica de una muerte anunciada,"Un instante después de que él subió a acostarse, Victoria Guzmán recibió el recado de Clotilde Armenta con la pordiosera de la leche.",23
garciamarquez_cronicadeunamuerteanunciada_0317,Gabriel Garcia Marquez,Colombia,Cronica de una muerte anunciada,"Me despedí de mi hermano, atravesé el corredor donde dormían los gatos de las mulatas amontonados entre los tulipanes, y empujé sin tocar la puerta del dormitorio.",27
garciamarquez_cronicadeunamuerteanunciada_0318,Gabriel Garcia Marquez,Colombia,Cronica de una muerte anunciada,"De paso para nuestra casa, mi hermano entró a comprar cigarrillos en la tienda de Clotilde Armenta.",17
garciamarquez_cronicadeunamuerteanunciada_0319,Gabriel Garcia Marquez,Colombia,Cronica de una muerte anunciada,"Pablo Vicario, que había empezado a dormirse, despertó sobresaltado cuando lo sintió entrar, y le mostró el cuchillo.",18
garciamarquez_cronicadeunamuerteanunciada_0320,Gabriel Garcia Marquez,Colombia,Cronica de una muerte anunciada,"¡A quién carajo se le podía ocurrir que los gemelos iban a matar a nadie, y menos con un cuchillo de puercos!",22
garciamarquez_cronicadeunamuerteanunciada_0321,Gabriel Garcia Marquez,Colombia,Cronica de una muerte anunciada,"Luego le preguntaron dónde estaba Santiago Nasar, pues los habían visto juntos a las dos, y mi hermano no recordó tampoco su propia respuesta.",24
garciamarquez_cronicadeunamuerteanunciada_0322,Gabriel Garcia Marquez,Colombia,Cronica de una muerte anunciada,"Pero Clotilde Armenta y los hermanos Vicario se sorprendieron tanto al oírla, que la dejaron establecida en el sumario con declaraciones separadas.",22
garciamarquez_cronicadeunamuerteanunciada_0323,Gabriel Garcia Marquez,Colombia,Cronica de una muerte anunciada,"Después impartió una bendición episcopal, tropezó en el pretil de la puerta y salió dando tumbos.",16
garciamarquez_cronicadeunamuerteanunciada_0324,Gabriel Garcia Marquez,Colombia,Cronica de una muerte anunciada,En medio de la plaza se cruzó con el padre Amador.,11
garciamarquez_cronicadeunamuerteanunciada_0325,Gabriel Garcia Marquez,Colombia,Cronica de una muerte anunciada,"Iba para el puerto con sus ropas de oficiar, seguido por un acólito que tocaba la campanilla y varios ayudantes con el altar para la misa campal del obispo.",29
garciamarquez_cronicadeunamuerteanunciada_0326,Gabriel Garcia Marquez,Colombia,Cronica de una muerte anunciada,"Al verlos pasar, los hermanos Vicario se santiguaron.",8
garciamarquez_cronicadeunamuerteanunciada_0327,Gabriel Garcia Marquez,Colombia,Cronica de una muerte anunciada,Clotilde Armenta me contó que habían perdido las últimas esperanzas cuando el párroco pasó de largo frente a su casa.,20
garciamarquez_cronicadeunamuerteanunciada_0328,Gabriel Garcia Marquez,Colombia,Cronica de una muerte anunciada,"Lo primero que pensé fue que no era un asunto mío sino de la autoridad civil, pero después resolví decirle algo de pasada a Plácida Linero.",26
garciamarquez_cronicadeunamuerteanunciada_0329,Gabriel Garcia Marquez,Colombia,Cronica de una muerte anunciada,"Mi hermano Luis Enrique entró en la casa por la puerta de la cocina, que mi madre dejaba sin cerrojo para que mi padre no nos sintiera entrar.",28
garciamarquez_cronicadeunamuerteanunciada_0330,Gabriel Garcia Marquez,Colombia,Cronica de una muerte anunciada,"Mi hermana la monja, que no iría a esperar al obispo porque tenía una cruda de cuarenta grados, no consiguió despertarlo.",21
garciamarquez_cronicadeunamuerteanunciada_0331,Gabriel Garcia Marquez,Colombia,Cronica de una muerte anunciada,"Desde el otro lado del sueño, oyó sin despertar los primeros bramidos del buque del obispo.",16
garciamarquez_cronicadeunamuerteanunciada_0332,Gabriel Garcia Marquez,Colombia,Cronica de una muerte anunciada,"Después se durmió a fondo, rendido por la parranda, hasta que mi hermana la monja entró en el dormitorio tratando de ponerse el hábito a la carrera, y lo despertó con su grito de loca: -¡Mataron a Santiago Nasar!",39
garciamarquez_cronicadeunamuerteanunciada_0333,Gabriel Garcia Marquez,Colombia,Cronica de una muerte anunciada,Los estragos de los cuchillos fueron apenas un principio de la autopsia inclemente que el padre Carmen Amador se vio obligado a hacer por ausencia del doctor Dionisio Iguarán.,29
garciamarquez_cronicadeunamuerteanunciada_0334,Gabriel Garcia Marquez,Colombia,Cronica de una muerte anunciada,"Pero era una orden del alcalde, y las órdenes de aquel bárbaro, por estúpidas que fueran, había que cumplirlas.",19
garciamarquez_cronicadeunamuerteanunciada_0335,Gabriel Garcia Marquez,Colombia,Cronica de una muerte anunciada,"En la confusión de aquel lunes absurdo, el coronel Aponte había sostenido una conversación telegráfica urgente con el gobernador de la provincia, y éste lo autorizó para que hiciera las diligencias preliminares mientras mandaban un juez instructor.",37
garciamarquez_cronicadeunamuerteanunciada_0336,Gabriel Garcia Marquez,Colombia,Cronica de una muerte anunciada,"El alcalde había sido antes oficial de tropa sin ninguna experiencia en asuntos de justicia, y era demasiado fatuo para preguntarle a alguien que lo supiera por dónde tenía que empezar.",31
garciamarquez_cronicadeunamuerteanunciada_0337,Gabriel Garcia Marquez,Colombia,Cronica de una muerte anunciada,Lo primero que lo inquietó fue la autopsia.,8
garciamarquez_cronicadeunamuerteanunciada_0338,Gabriel Garcia Marquez,Colombia,Cronica de una muerte anunciada,"El alcalde pensó que el cuerpo podía mantenerse refrigerado hasta que regresara el doctor Dionisio Iguarán, pero no encontró nevera de tamaño humano, y la única apropiada en el mercado estaba fuera de servicio.",34
garciamarquez_cronicadeunamuerteanunciada_0339,Gabriel Garcia Marquez,Colombia,Cronica de una muerte anunciada,El cuerpo había sido expuesto a la contemplación pública.,9
garciamarquez_cronicadeunamuerteanunciada_0340,Gabriel Garcia Marquez,Colombia,Cronica de una muerte anunciada,"Habían llevado los ventiladores de los dormitorios, y algunos de las casas vecinas, pero había tanta gente ansiosa de verlo.",20
garciamarquez_cronicadeunamuerteanunciada_0341,Gabriel Garcia Marquez,Colombia,Cronica de una muerte anunciada,"Además, los perros alborotados por el olor de la muerte aumentaban la zozobra.",13
garciamarquez_cronicadeunamuerteanunciada_0342,Gabriel Garcia Marquez,Colombia,Cronica de una muerte anunciada,"No habían dejado de aullar desde que yo entré en la casa, cuando Santiago Nasar agonizaba todavía en la cocina, y encontré a Divina Flor llorando a gritos y manteniéndolos a raya con una tranca.",35
garciamarquez_cronicadeunamuerteanunciada_0343,Gabriel Garcia Marquez,Colombia,Cronica de una muerte anunciada,"Pero hacia el medio día, nadie supo cómo, se escaparon de donde estaban e irrumpieron enloquecidos en la casa.",19
garciamarquez_cronicadeunamuerteanunciada_0344,Gabriel Garcia Marquez,Colombia,Cronica de una muerte anunciada,"Plácida Linero, por una vez, perdió los estribos.",8
garciamarquez_cronicadeunamuerteanunciada_0345,Gabriel Garcia Marquez,Colombia,Cronica de una muerte anunciada,"La orden se cumplió de inmediato, y la casa volvió a quedar en silencio.",14
garciamarquez_cronicadeunamuerteanunciada_0346,Gabriel Garcia Marquez,Colombia,Cronica de una muerte anunciada,Hasta entonces no había temor alguno por el estado del cuerpo.,11
garciamarquez_cronicadeunamuerteanunciada_0347,Gabriel Garcia Marquez,Colombia,Cronica de una muerte anunciada,"La cara había quedado intacta, con la misma expresión que tenía cuando cantaba, y Cristo Bedoya le había vuelto a colocar las vísceras en su lugar y lo había fajado con una banda de lienzo.",35
garciamarquez_cronicadeunamuerteanunciada_0348,Gabriel Garcia Marquez,Colombia,Cronica de una muerte anunciada,"La cara que siempre fue indulgente adquirió una expresión de enemigo, y su madre se la cubrió con un pañuelo.",20
garciamarquez_cronicadeunamuerteanunciada_0349,Gabriel Garcia Marquez,Colombia,Cronica de una muerte anunciada,"El coronel Aponte comprendió entonces que ya no era posible esperar, y le ordenó al padre Amador que practicara la autopsia.",21
garciamarquez_cronicadeunamuerteanunciada_0350,Gabriel Garcia Marquez,Colombia,Cronica de una muerte anunciada,"El párroco había hecho la carrera de medicina y cirugía en Salamanca, pero ingresó en el seminario sin graduarse, y hasta el alcalde sabía que su autopsia carecía de valor legal.",31
garciamarquez_cronicadeunamuerteanunciada_0351,Gabriel Garcia Marquez,Colombia,Cronica de una muerte anunciada,"Fue una masacre, consumada en el local de la escuela pública con la ayuda del boticario que tomó las notas, y un estudiante de primer año de medicina que estaba aquí de vacaciones.",33
garciamarquez_cronicadeunamuerteanunciada_0352,Gabriel Garcia Marquez,Colombia,Cronica de una muerte anunciada,"Sólo dispusieron de algunos instrumentos de cirugía menor, y el resto fueron hierros de artesanos.",15
garciamarquez_cronicadeunamuerteanunciada_0353,Gabriel Garcia Marquez,Colombia,Cronica de una muerte anunciada,"Pero al margen de los destrozos en el cuerpo, el informe del padre Amador parecía correcto, y el instructor lo incorporó al sumario como una pieza útil.",27
garciamarquez_cronicadeunamuerteanunciada_0354,Gabriel Garcia Marquez,Colombia,Cronica de una muerte anunciada,El hígado estaba casi seccionado por dos perforaciones profundas en la cara anterior.,13
garciamarquez_cronicadeunamuerteanunciada_0355,Gabriel Garcia Marquez,Colombia,Cronica de una muerte anunciada,"La única que tenía en el dorso, a la altura de la tercera vértebra lumbar, le había perforado el riñón derecho.",21
garciamarquez_cronicadeunamuerteanunciada_0356,Gabriel Garcia Marquez,Colombia,Cronica de una muerte anunciada,"La cavidad abdominal estaba ocupada por grandes témpanos de sangre, y entre el lodazal de contenido gástrico apareció una medalla de oro de la Virgen del Carmen que Santiago Nasar se había tragado a la edad de cuatro años.",39
garciamarquez_cronicadeunamuerteanunciada_0357,Gabriel Garcia Marquez,Colombia,Cronica de una muerte anunciada,"Sin embargo, en la nota final señalaba una hipertrofia del hígado que atribuyó a una hepatitis mal curada.",18
garciamarquez_cronicadeunamuerteanunciada_0358,Gabriel Garcia Marquez,Colombia,Cronica de una muerte anunciada,No hubo manera de hacerle entender nunca que la gente del trópico tenemos el hígado más grande que los gallegos.,20
garciamarquez_cronicadeunamuerteanunciada_0359,Gabriel Garcia Marquez,Colombia,Cronica de una muerte anunciada,"La mitad del cráneo había sido destrozado con la trepanación, y el rostro de galán que la muerte había preservado acabó de perder su identidad.",25
garciamarquez_cronicadeunamuerteanunciada_0360,Gabriel Garcia Marquez,Colombia,Cronica de una muerte anunciada,"Además, el párroco había arrancado de cuajo las vísceras destazadas, pero al final no supo qué hacer con ellas, y les impartió una bendición de rabia y las tiró en el balde de la basura.",35
garciamarquez_cronicadeunamuerteanunciada_0361,Gabriel Garcia Marquez,Colombia,Cronica de una muerte anunciada,"Sucedió lo contrario: tuvimos que enterrarlo de prisa al amanecer, porque estaba en tan mal estado que ya no era soportable dentro de la casa.",25
garciamarquez_cronicadeunamuerteanunciada_0362,Gabriel Garcia Marquez,Colombia,Cronica de una muerte anunciada,"No tuve valor para dormir solo al término de la jornada opresiva, y empujé la puerta de la casa de María Alejandrina Cervantes por si no había pasado el cerrojo.",30
garciamarquez_cronicadeunamuerteanunciada_0363,Gabriel Garcia Marquez,Colombia,Cronica de una muerte anunciada,"Los calabazos de luz estaban encendidos en los árboles, y en el patio de baile había varios fogones de leña con enormes ollas humeantes, donde las mulatas estaban tiñendo de luto sus ropas de parranda.",35
garciamarquez_cronicadeunamuerteanunciada_0364,Gabriel Garcia Marquez,Colombia,Cronica de una muerte anunciada,"Encontré a María Alejandrina Cervantes despierta como siempre al amanecer, y desnuda por completo como siempre que no había extraños en la casa.",23
garciamarquez_cronicadeunamuerteanunciada_0365,Gabriel Garcia Marquez,Colombia,Cronica de una muerte anunciada,"Me acosté a su lado, vestido, sin hablar apenas, y llorando yo también a mi modo.",16
garciamarquez_cronicadeunamuerteanunciada_0366,Gabriel Garcia Marquez,Colombia,Cronica de una muerte anunciada,Todo siguió oliendo a Santiago Nasar aquel día.,8
garciamarquez_cronicadeunamuerteanunciada_0367,Gabriel Garcia Marquez,Colombia,Cronica de una muerte anunciada,Los hermanos Vicario lo sintieron en el calabozo donde los encerró el alcalde mientras se le ocurría qué hacer con ellos.,21
garciamarquez_cronicadeunamuerteanunciada_0368,Gabriel Garcia Marquez,Colombia,Cronica de una muerte anunciada,"Llevaban tres noches sin dormir, pero no podían descansar, porque tan pronto como empezaban a dormirse volvían a cometer el crimen.",21
garciamarquez_cronicadeunamuerteanunciada_0369,Gabriel Garcia Marquez,Colombia,Cronica de una muerte anunciada,"Ya casi viejo, tratando de explicarme su estado de aquel día interminable, Pablo Vicario me dijo sin ningún esfuerzo: «Era como estar despierto dos veces».",25
garciamarquez_cronicadeunamuerteanunciada_0370,Gabriel Garcia Marquez,Colombia,Cronica de una muerte anunciada,Esa frase me hizo pensar que lo más insoportable para ellos en el calabozo debió haber sido la lucidez.,19
garciamarquez_cronicadeunamuerteanunciada_0371,Gabriel Garcia Marquez,Colombia,Cronica de una muerte anunciada,"El cuarto tenía tres metros de lado, una claraboya muy alta con barras de hierro, una letrina portátil, un aguamanil con su palangana y su jarra, y dos camas de mampostería con colchones de estera.",35
garciamarquez_cronicadeunamuerteanunciada_0372,Gabriel Garcia Marquez,Colombia,Cronica de una muerte anunciada,"El coronel Aponte, bajo cuyo mandato se había construido, decía que no hubo nunca un hotel más humano.",18
garciamarquez_cronicadeunamuerteanunciada_0373,Gabriel Garcia Marquez,Colombia,Cronica de una muerte anunciada,"Tal vez los hermanos Vicario hubieran pensado lo mismo a las ocho de la mañana, cuando se sintieron a salvo de los árabes.",23
garciamarquez_cronicadeunamuerteanunciada_0374,Gabriel Garcia Marquez,Colombia,Cronica de una muerte anunciada,"En ese momento los reconfortaba el prestigio de haber cumplido con su ley, y su única inquietud era la persistencia del olor.",22
garciamarquez_cronicadeunamuerteanunciada_0375,Gabriel Garcia Marquez,Colombia,Cronica de una muerte anunciada,"Pidieron agua abundante, jabón de monte y estropajo, y se lavaron la sangre de los brazos y la cara, y lavaron además las camisas, pero no lograron descansar.",28
garciamarquez_cronicadeunamuerteanunciada_0376,Gabriel Garcia Marquez,Colombia,Cronica de una muerte anunciada,"Pedro Vicario pidió también sus purgaciones y diuréticos, y un rollo de gasa estéril para cambiarse la venda, y pudo orinar dos veces durante la mañana.",26
garciamarquez_cronicadeunamuerteanunciada_0377,Gabriel Garcia Marquez,Colombia,Cronica de una muerte anunciada,"A las dos de la tarde, cuando hubiera podido fundirlos la modorra del calor, Pedro Vicario estaba tan cansado que no podía permanecer tendido en la cama, pero el mismo cansancio le impedía mantenerse de pie.",36
garciamarquez_cronicadeunamuerteanunciada_0378,Gabriel Garcia Marquez,Colombia,Cronica de una muerte anunciada,"A las seis de la tarde, mientra le hacían la autopsia al cadáver de Santiago Nasar, el alcalde fue llamado de urgencia porque Pedro Vicario estaba convencido de que habían envenenado a su hermano.",34
garciamarquez_cronicadeunamuerteanunciada_0379,Gabriel Garcia Marquez,Colombia,Cronica de una muerte anunciada,"Allí lo encontró el coronel Aponte, encañonado por la guardia en el excusado sin puertas, y desaguándose con tanta fluidez que no era absurdo pensar en el veneno.",28
garciamarquez_cronicadeunamuerteanunciada_0380,Gabriel Garcia Marquez,Colombia,Cronica de una muerte anunciada,"Pero lo descartaron de inmediato, cuando se estableció que sólo había bebido el agua y comido el almuerzo que les mandó Pura Vicario.",23
garciamarquez_cronicadeunamuerteanunciada_0381,Gabriel Garcia Marquez,Colombia,Cronica de una muerte anunciada,El temor de los gemelos respondía al estado de ánimo de la calle.,13
garciamarquez_cronicadeunamuerteanunciada_0382,Gabriel Garcia Marquez,Colombia,Cronica de una muerte anunciada,Se suponía más bien que aguardaran la noche para echar gasolina por la claraboya e incendiar a los prisioneros dentro del calabozo.,22
garciamarquez_cronicadeunamuerteanunciada_0383,Gabriel Garcia Marquez,Colombia,Cronica de una muerte anunciada,Pero aun ésa era una suposición demasiado fácil.,8
garciamarquez_cronicadeunamuerteanunciada_0384,Gabriel Garcia Marquez,Colombia,Cronica de una muerte anunciada,"Los árabes constituían una comunidad de inmigrantes pacíficos que se establecieron a principios del siglo en los pueblos del Caribe, aun en los más remotos y pobres, y allí se quedaron vendiendo trapos de colores y baratijas de feria.",39
garciamarquez_cronicadeunamuerteanunciada_0385,Gabriel Garcia Marquez,Colombia,Cronica de una muerte anunciada,De modo que no era concebible que fueran a alterar de pronto su espíritu pastoral para vengar una muerte cuyos culpables podíamos ser todos.,24
garciamarquez_cronicadeunamuerteanunciada_0386,Gabriel Garcia Marquez,Colombia,Cronica de una muerte anunciada,"Las reacciones de la mañana habían surgido al calor del crimen, y sus propios protagonistas admitieron que en ningún caso habrían pasado de los golpes.",25
garciamarquez_cronicadeunamuerteanunciada_0387,Gabriel Garcia Marquez,Colombia,Cronica de una muerte anunciada,"Más aún: fue Suseme Abdala, la matriarca centenaria, quien recomendó la infusión prodigiosa de flores de pasionaria y ajenjo mayor que segó la colerina de Pablo Vicario y desató a la vez el manantial florido de su gemelo.",38
garciamarquez_cronicadeunamuerteanunciada_0388,Gabriel Garcia Marquez,Colombia,Cronica de una muerte anunciada,"Así los encontró Purísima Vicario a las tres de la madrugada del martes, cuando el alcalde la llevó a despedirse de ellos.",22
garciamarquez_cronicadeunamuerteanunciada_0389,Gabriel Garcia Marquez,Colombia,Cronica de una muerte anunciada,"Se fueron sin que nadie se diera cuenta, al amparo del agotamiento público, mientras los únicos sobrevivientes despiertos de aquel día irreparable estábamos enterrando a Santiago Nasar.",27
garciamarquez_cronicadeunamuerteanunciada_0390,Gabriel Garcia Marquez,Colombia,Cronica de una muerte anunciada,"Se fueron mientras se calmaban los ánimos, según la decisión del alcalde, pero no regresaron jamás.",16
garciamarquez_cronicadeunamuerteanunciada_0391,Gabriel Garcia Marquez,Colombia,Cronica de una muerte anunciada,"Pura Vicario le envolvió la cara con un trapo a la hija devuelta para que nadie le viera los golpes, y la vistió de rojo encendido para que no se imaginaran que le iba guardando luto al amante secreto.",39
garciamarquez_cronicadeunamuerteanunciada_0392,Gabriel Garcia Marquez,Colombia,Cronica de una muerte anunciada,"Antes de irse le pidió al padre Amador que confesara a los hijos en la cárcel, pero Pedro Vicario se negó, y convenció al hermano de que no tenían nada de que arrepentirse.",33
garciamarquez_cronicadeunamuerteanunciada_0393,Gabriel Garcia Marquez,Colombia,Cronica de una muerte anunciada,"Se quedaron solos, y el día del traslado a Riohacha estaban ten repuestos y convencidos de su razón, que no quisieron ser sacados de noche, como hicieron con la familia, sino a pleno sol y con su propia cara.",39
garciamarquez_cronicadeunamuerteanunciada_0394,Gabriel Garcia Marquez,Colombia,Cronica de una muerte anunciada,"Cuando los gemelos fueron absueltos se quedaron en Riohacha, a sólo un día de viaje de Manaure, donde vivía la familia.",21
garciamarquez_cronicadeunamuerteanunciada_0395,Gabriel Garcia Marquez,Colombia,Cronica de una muerte anunciada,"Allá fue Prudencia Cotes a casarse con Pablo Vicario, que aprendió el oficio del oro en el taller de su padre y llegó a ser un orfebre depurado.",28
garciamarquez_cronicadeunamuerteanunciada_0396,Gabriel Garcia Marquez,Colombia,Cronica de una muerte anunciada,Para la inmensa mayoría sólo hubo una víctima: Bayardo San Román.,11
garciamarquez_cronicadeunamuerteanunciada_0397,Gabriel Garcia Marquez,Colombia,Cronica de una muerte anunciada,"Suponían que los otros protagonistas de la tragedia habían cumplido con dignidad, y hasta con cierta grandeza, la parte de favor que la vida les tenía señalada.",27
garciamarquez_cronicadeunamuerteanunciada_0398,Gabriel Garcia Marquez,Colombia,Cronica de una muerte anunciada,El único que lo había perdido todo era Bayardo San Román.,11
garciamarquez_cronicadeunamuerteanunciada_0399,Gabriel Garcia Marquez,Colombia,Cronica de una muerte anunciada,El alcalde se dio en la frente una palmada que no tenía nada que ver con la visión del viudo.,20
garciamarquez_cronicadeunamuerteanunciada_0400,Gabriel Garcia Marquez,Colombia,Cronica de una muerte anunciada,"¡Se me había olvidado ese pobre hombre! Subió a la colina con una patrulla, y encontró el automóvil descubierto frente a la quinta, y vio una luz solitaria en el dormitorio, pero nadie respondió a sus llamados.",37
garciamarquez_cronicadeunamuerteanunciada_0401,Gabriel Garcia Marquez,Colombia,Cronica de una muerte anunciada,"Bayardo San Román estaba inconsciente en la cama, todavía como lo había visto Pura Vicario en la madrugada del lunes con el pantalón de fantasía y la camisa de seda, pero sin los zapatos.",34
garciamarquez_cronicadeunamuerteanunciada_0402,Gabriel Garcia Marquez,Colombia,Cronica de una muerte anunciada,"Había botellas vacías por el suelo, y muchas más sin abrir junto a la cama, pero ni un rastro de comida.",21
garciamarquez_cronicadeunamuerteanunciada_0403,Gabriel Garcia Marquez,Colombia,Cronica de una muerte anunciada,"Pero se recuperó en pocas horas, y tan pronto como recobró la razón los echó a todos de la casa con los mejores modos de que fue capaz.",28
garciamarquez_cronicadeunamuerteanunciada_0404,Gabriel Garcia Marquez,Colombia,Cronica de una muerte anunciada,Ni mi papá con sus pelotas de veterano.,8
garciamarquez_cronicadeunamuerteanunciada_0405,Gabriel Garcia Marquez,Colombia,Cronica de una muerte anunciada,"El alcalde informó del episodio al general Petronio San Román, hasta la última frase literal, con un telegrama alarmante.",19
garciamarquez_cronicadeunamuerteanunciada_0406,Gabriel Garcia Marquez,Colombia,Cronica de una muerte anunciada,"El general San Román debió tomar al pie de la letra la voluntad del hijo, porque no vino a buscarlo, sino que mandó a la esposa con las hijas, y a otras dos mujeres mayores que parecían ser sus hermanas.",40
garciamarquez_cronicadeunamuerteanunciada_0407,Gabriel Garcia Marquez,Colombia,Cronica de una muerte anunciada,"Vinieron en un buque de carga, cerradas de luto hasta el cuello por la desgracia de Bayardo San Román, y con los cabellos sueltos de dolor.",26
garciamarquez_cronicadeunamuerteanunciada_0408,Gabriel Garcia Marquez,Colombia,Cronica de una muerte anunciada,"Antes de pisar tierra firme se quitaron los zapatos y atravesaron las calles hasta la colina caminando descalzas en el polvo ardiente del medio día, arrancándose mechones de raíz y llorando con gritos tan desgarradores que parecían de júbilo.",39
garciamarquez_cronicadeunamuerteanunciada_0409,Gabriel Garcia Marquez,Colombia,Cronica de una muerte anunciada,"Yo las vi pasar desde el balcón de Magdalena Oliver, y recuerdo haber pensado que un desconsuelo como ése sólo podía fingirse para ocultar otras vergüenzas mayores.",27
garciamarquez_cronicadeunamuerteanunciada_0410,Gabriel Garcia Marquez,Colombia,Cronica de una muerte anunciada,"El coronel Lázaro Aponte las acompañó a la casa de la colina, y luego subió el doctor Dionisio Iguarán en su mula de urgencias.",24
garciamarquez_cronicadeunamuerteanunciada_0411,Gabriel Garcia Marquez,Colombia,Cronica de una muerte anunciada,"Cuando se alivió el sol, dos hombres del municipio bajaron a Bayardo San Román en una hamaca colgada de un palo, tapado hasta la cabeza con una manta y con el séquito de plañideras.",34
garciamarquez_cronicadeunamuerteanunciada_0412,Gabriel Garcia Marquez,Colombia,Cronica de una muerte anunciada,Eso fue lo último que nos quedó de él: un recuerdo de víctima.,13
garciamarquez_cronicadeunamuerteanunciada_0413,Gabriel Garcia Marquez,Colombia,Cronica de una muerte anunciada,"Mis hermanos y yo subíamos a explorarla en noches de parranda cuando volvíamos de vacaciones, y cada vez encontrábamos menos cosas de valor en los aposentos abandonados.",27
garciamarquez_cronicadeunamuerteanunciada_0414,Gabriel Garcia Marquez,Colombia,Cronica de una muerte anunciada,"Una vez rescatamos la maletita de mano que Ángela Vicario le había pedido a su madre la noche de bodas, pero no le dimos ninguna importancia.",26
garciamarquez_cronicadeunamuerteanunciada_0415,Gabriel Garcia Marquez,Colombia,Cronica de una muerte anunciada,Fue el único rastro que dejó en el que fuera su hogar de casada por cinco horas.,17
garciamarquez_cronicadeunamuerteanunciada_0416,Gabriel Garcia Marquez,Colombia,Cronica de una muerte anunciada,"Al principio, el viudo de Xius estaba encantado pensando que eran recursos póstumos de la esposa para llevarse lo que era suyo.",22
garciamarquez_cronicadeunamuerteanunciada_0417,Gabriel Garcia Marquez,Colombia,Cronica de una muerte anunciada,El coronel Lázaro Aponte se burlaba de él.,8
garciamarquez_cronicadeunamuerteanunciada_0418,Gabriel Garcia Marquez,Colombia,Cronica de una muerte anunciada,"El coche de bodas se fue desbaratando en la puerta, y al final no quedó sino la carcacha podrida por la intemperie.",22
garciamarquez_cronicadeunamuerteanunciada_0419,Gabriel Garcia Marquez,Colombia,Cronica de una muerte anunciada,Durante muchos años no se volvió a saber nada de su dueño.,12
garciamarquez_cronicadeunamuerteanunciada_0420,Gabriel Garcia Marquez,Colombia,Cronica de una muerte anunciada,"Hay una declaración suya en el sumario, pero es tan breve y convencional, que parece remendada a última hora para cumplir con una fórmula ineludible.",25
garciamarquez_cronicadeunamuerteanunciada_0421,Gabriel Garcia Marquez,Colombia,Cronica de una muerte anunciada,"Todos los que la vieron en esa época coincidían en que era absorta y diestra en la máquina de bordar, y que a través de su industria había logrado el olvido.",31
garciamarquez_cronicadeunamuerteanunciada_0422,Gabriel Garcia Marquez,Colombia,Cronica de una muerte anunciada,"Mucho después, en una época incierta en que trataba de entender algo de mí mismo vendiendo enciclopedias y libros de medicina por los pueblos de la Guajira, me llegué por casualidad hasta aquel moridero de indios.",36
garciamarquez_cronicadeunamuerteanunciada_0423,Gabriel Garcia Marquez,Colombia,Cronica de una muerte anunciada,"Al verla así, dentro del marco idílico de la ventana, no quise creer que aquella mujer fuera la que yo creía, porque me resistía a admitir que la vida terminara por parecerse tanto a la mala literatura.",37
garciamarquez_cronicadeunamuerteanunciada_0424,Gabriel Garcia Marquez,Colombia,Cronica de una muerte anunciada,"Me trató igual que siempre, como un primo remoto, y contestó a mis preguntas con muy buen juicio y con sentido del humor.",23
garciamarquez_cronicadeunamuerteanunciada_0425,Gabriel Garcia Marquez,Colombia,Cronica de una muerte anunciada,"Era tan madura e ingeniosa, que costaba trabajo creer que fuera la misma.",13
garciamarquez_cronicadeunamuerteanunciada_0426,Gabriel Garcia Marquez,Colombia,Cronica de una muerte anunciada,Lo que más me sorprendió fue la forma en que había terminado por entender su propia vida.,17
garciamarquez_cronicadeunamuerteanunciada_0427,Gabriel Garcia Marquez,Colombia,Cronica de una muerte anunciada,"Se negó a hablar del pasado, y tuve que conformarme para esta crónica con algunas frases sueltas de sus conversaciones con mi madre, y otras pocas rescatadas de mis recuerdos.",30
garciamarquez_cronicadeunamuerteanunciada_0428,Gabriel Garcia Marquez,Colombia,Cronica de una muerte anunciada,Santiago Nasar era demasiado altivo para fijarse en ella.,9
garciamarquez_cronicadeunamuerteanunciada_0429,Gabriel Garcia Marquez,Colombia,Cronica de una muerte anunciada,"Además, como decíamos entonces, él era un gavilán pollero.",9
garciamarquez_cronicadeunamuerteanunciada_0430,Gabriel Garcia Marquez,Colombia,Cronica de una muerte anunciada,"Yo mismo traté de arrancarle esta verdad cuando la visité por segunda vez con todos mis argumentos en orden, pero ella apenas si levantó la vista del bordado para rebatirlos.",30
garciamarquez_cronicadeunamuerteanunciada_0431,Gabriel Garcia Marquez,Colombia,Cronica de una muerte anunciada,"Se lo estaba tomando, de espaldas a la hija, cuando ésta vio su propio pensamiento reflejado en los espejos repetidos de la sala.",23
garciamarquez_cronicadeunamuerteanunciada_0432,Gabriel Garcia Marquez,Colombia,Cronica de una muerte anunciada,"Ángela Vicario volvió la cabeza con el último aliento, y lo vio pasar a su lado sin verla, y lo vio salir del hotel.",24
garciamarquez_cronicadeunamuerteanunciada_0433,Gabriel Garcia Marquez,Colombia,Cronica de una muerte anunciada,Luego miró otra vez a su madre con el corazón hecho trizas.,12
garciamarquez_cronicadeunamuerteanunciada_0434,Gabriel Garcia Marquez,Colombia,Cronica de una muerte anunciada,"Pura Vicario había acabado de beber, se secó los labios con la manga y le sonrió desde el mostrador con los lentes nuevos.",23
garciamarquez_cronicadeunamuerteanunciada_0435,Gabriel Garcia Marquez,Colombia,Cronica de una muerte anunciada,"En esa sonrisa, por primera vez desde su nacimiento, Ángela Vicario la vio tal como era: una pobre mujer, consagrada al culto de sus defectos.",25
garciamarquez_cronicadeunamuerteanunciada_0436,Gabriel Garcia Marquez,Colombia,Cronica de una muerte anunciada,"Estaba tan trastornada, que hizo todo el viaje de regreso cantando en voz alta, y se tiró en la cama a llorar durante tres días.",25
garciamarquez_cronicadeunamuerteanunciada_0437,Gabriel Garcia Marquez,Colombia,Cronica de una muerte anunciada,"Al cabo de dos meses, cansada de esperar, le mandó otra carta en el mismo estilo sesgado de la anterior, cuyo único propósito parecía ser reprocharle su falta de cortesía.",30
garciamarquez_cronicadeunamuerteanunciada_0438,Gabriel Garcia Marquez,Colombia,Cronica de una muerte anunciada,"Seis meses después había escrito seis cartas sin respuestas, pero se conformó con la comprobación de que él las estaba recibiendo.",21
garciamarquez_cronicadeunamuerteanunciada_0439,Gabriel Garcia Marquez,Colombia,Cronica de una muerte anunciada,"Cuantas más cartas mandaba, más encendía las brasas de su fiebre, pero más calentaba también el rencor feliz que sentía contra su madre.",23
garciamarquez_cronicadeunamuerteanunciada_0440,Gabriel Garcia Marquez,Colombia,Cronica de una muerte anunciada,"Se volvió lúcida, imperiosa, maestra de su albedrío, y volvió a ser virgen sólo para él, y no reconoció otra autoridad que la suya ni más servidumbre que la de su obsesión.",32
garciamarquez_cronicadeunamuerteanunciada_0441,Gabriel Garcia Marquez,Colombia,Cronica de una muerte anunciada,"Una noche de buen humor se le derramó el tintero sobre la carta terminada, y en vez de romperla le agregó una posdata: «En prueba de mi amor te envío mis lágrimas».",32
garciamarquez_cronicadeunamuerteanunciada_0442,Gabriel Garcia Marquez,Colombia,Cronica de una muerte anunciada,"En ocasiones, cansada de llorar, se burlaba de su propia locura.",11
garciamarquez_cronicadeunamuerteanunciada_0443,Gabriel Garcia Marquez,Colombia,Cronica de una muerte anunciada,"Seis veces cambiaron la empleada del correo, y seis veces consiguió su complicidad.",13
garciamarquez_cronicadeunamuerteanunciada_0444,Gabriel Garcia Marquez,Colombia,Cronica de una muerte anunciada,Lo único que no se le ocurrió fue renunciar.,9
garciamarquez_cronicadeunamuerteanunciada_0445,Gabriel Garcia Marquez,Colombia,Cronica de una muerte anunciada,"Sin embargo, él parecía insensible a su delirio: era como escribirle a nadie.",13
garciamarquez_cronicadeunamuerteanunciada_0446,Gabriel Garcia Marquez,Colombia,Cronica de una muerte anunciada,"Una madrugada de vientos, por el año décimo, la despertó la certidumbre de que él estaba desnudo en su cama.",20
garciamarquez_cronicadeunamuerteanunciada_0447,Gabriel Garcia Marquez,Colombia,Cronica de una muerte anunciada,Le escribió entonces una carta febril de veinte pliegos en la que soltó sin pudor las verdades amargas que llevaba podridas en el corazón desde su noche funesta.,28
garciamarquez_cronicadeunamuerteanunciada_0448,Gabriel Garcia Marquez,Colombia,Cronica de una muerte anunciada,"Le habló de las lacras eternas que él había dejado en su cuerpo, de la sal de su lengua, de la trilla de fuego de su verga africana.",28
garciamarquez_cronicadeunamuerteanunciada_0449,Gabriel Garcia Marquez,Colombia,Cronica de una muerte anunciada,"Se la entregó a la empleada del correo, que iba los viernes en la tarde a bordar con ella para llevarse las cartas, y se quedó convencida de que aquel desahogo terminal seria el último de su agonía.",38
garciamarquez_cronicadeunamuerteanunciada_0450,Gabriel Garcia Marquez,Colombia,Cronica de una muerte anunciada,"A partir de entonces ya no era consciente de lo que escribía, ni a quién le escribía a ciencia cierta, pero siguió escribiendo sin cuartel durante diecisiete años.",28
garciamarquez_cronicadeunamuerteanunciada_0451,Gabriel Garcia Marquez,Colombia,Cronica de una muerte anunciada,"Un medio día de agosto, mientras bordaba con sus amigas, sintió que alguien llegaba a la puerta.",17
garciamarquez_cronicadeunamuerteanunciada_0452,Gabriel Garcia Marquez,Colombia,Cronica de una muerte anunciada,No tuvo que mirar para saber quién era.,8
garciamarquez_cronicadeunamuerteanunciada_0453,Gabriel Garcia Marquez,Colombia,Cronica de una muerte anunciada,"Tenía la camisa empapada de sudor, como lo había visto la primera vez en la feria, y llevaba la misma correa y las mismas alforjas de cuero descosido con adornos de plata.",32
garciamarquez_cronicadeunamuerteanunciada_0454,Gabriel Garcia Marquez,Colombia,Cronica de una muerte anunciada,"Bayardo San Román dio un paso adelante, sin ocuparse de las otras bordadoras atónitas, y puso las alforjas en la máquina de coser.",23
garciamarquez_cronicadeunamuerteanunciada_0455,Gabriel Garcia Marquez,Colombia,Cronica de una muerte anunciada,"Llevaba la maleta de la ropa para quedarse, y otra maleta igual con casi dos mil cartas que ella le había escrito.",22
garciamarquez_cronicadeunamuerteanunciada_0456,Gabriel Garcia Marquez,Colombia,Cronica de una muerte anunciada,"Estaban ordenadas por sus fechas, en paquetes cosidos con cintas de colores, y todas sin abrir.",16
garciamarquez_cronicadeunamuerteanunciada_0457,Gabriel Garcia Marquez,Colombia,Cronica de una muerte anunciada,Durante años no pudimos hablar de otra cosa.,8
garciamarquez_cronicadeunamuerteanunciada_0458,Gabriel Garcia Marquez,Colombia,Cronica de una muerte anunciada,"Nuestra conducta diaria, dominada hasta entonces por tantos hábitos lineales, había empezado a girar de golpe en torno de una misma ansiedad común.",23
garciamarquez_cronicadeunamuerteanunciada_0459,Gabriel Garcia Marquez,Colombia,Cronica de una muerte anunciada,"Flora Miguel, la novia de Santiago Nasar, se fugó por despecho con un teniente de fronteras que la prostituyó entre los caucheros de Vichada.",24
garciamarquez_cronicadeunamuerteanunciada_0460,Gabriel Garcia Marquez,Colombia,Cronica de una muerte anunciada,"Plácida Linero había cerrado esa puerta en el último instante, pero se liberó a tiempo de la culpa.",18
garciamarquez_cronicadeunamuerteanunciada_0461,Gabriel Garcia Marquez,Colombia,Cronica de una muerte anunciada,"Doce días después del crimen, el instructor del sumario se encontró con un pueblo en carne viva.",17
garciamarquez_cronicadeunamuerteanunciada_0462,Gabriel Garcia Marquez,Colombia,Cronica de una muerte anunciada,"Acababa de graduarse, y llevaba todavía el vestido de paño negro de la Escuela de Leyes, y el anillo de oro con el emblema de su promoción, y las ínfulas y el lirismo del primíparo feliz.",36
garciamarquez_cronicadeunamuerteanunciada_0463,Gabriel Garcia Marquez,Colombia,Cronica de una muerte anunciada,"Todo lo que sabemos de su carácter es aprendido en el sumario, que numerosas personas me ayudaron a buscar veinte años después del crimen en el Palacio de justicia de Riohacha.",31
garciamarquez_cronicadeunamuerteanunciada_0464,Gabriel Garcia Marquez,Colombia,Cronica de una muerte anunciada,"No existía clasificación alguna en los archivos, y más de un siglo de expedientes estaban amontonados en el suelo del decrépito edificio colonial que fuera por dos días el cuartel general de Francis Drake.",34
garciamarquez_cronicadeunamuerteanunciada_0465,Gabriel Garcia Marquez,Colombia,Cronica de una muerte anunciada,"La planta baja se inundaba con el mar de leva, y los volúmenes descosidos flotaban en las oficinas desiertas.",19
garciamarquez_cronicadeunamuerteanunciada_0466,Gabriel Garcia Marquez,Colombia,Cronica de una muerte anunciada,"El nombre del juez no apareció en ninguno, pero es evidente que era un hombre abrasado por la fiebre de la literatura.",22
garciamarquez_cronicadeunamuerteanunciada_0467,Gabriel Garcia Marquez,Colombia,Cronica de una muerte anunciada,"Sin duda había leído a los clásicos españoles, y algunos latinos, y conocía muy bien a Nietzsche, que era el autor de moda entre los magistrados de su tiempo.",29
garciamarquez_cronicadeunamuerteanunciada_0468,Gabriel Garcia Marquez,Colombia,Cronica de una muerte anunciada,"Las notas marginales, y no sólo por el color de la tinta, parecían escritas con sangre.",16
garciamarquez_cronicadeunamuerteanunciada_0469,Gabriel Garcia Marquez,Colombia,Cronica de una muerte anunciada,"Estaba tan perplejo con el enigma que le había tocado en suerte, que muchas veces incurrió en distracciones líricas contrarias al rigor de su ciencia.",25
garciamarquez_cronicadeunamuerteanunciada_0470,Gabriel Garcia Marquez,Colombia,Cronica de una muerte anunciada,"Sobre todo, nunca le pareció legítimo que la vida se sirviera de tantas casualidades prohibidas a la literatura, para que se cumpliera sin tropiezos una muerte tan anunciada.",28
garciamarquez_cronicadeunamuerteanunciada_0471,Gabriel Garcia Marquez,Colombia,Cronica de una muerte anunciada,"Las amigas de Ángela Vicario que habían sido sus cómplices en el engaño siguieron contando durante mucho tiempo que ella las había hecho partícipes de su secreto desde antes de la boda, pero no les había revelado ningún nombre.",39
garciamarquez_cronicadeunamuerteanunciada_0472,Gabriel Garcia Marquez,Colombia,Cronica de una muerte anunciada,"Ángela Vicario, por su parte, se mantuvo en su sitio.",10
garciamarquez_cronicadeunamuerteanunciada_0473,Gabriel Garcia Marquez,Colombia,Cronica de una muerte anunciada,"Así consta en el sumario, pero sin ninguna otra precisión de modo ni de lugar.",15
garciamarquez_cronicadeunamuerteanunciada_0474,Gabriel Garcia Marquez,Colombia,Cronica de una muerte anunciada,"Durante el juicio, que sólo duró tres días, el representante de la parte civil puso su mayor empeño en la debilidad de ese cargo.",24
garciamarquez_cronicadeunamuerteanunciada_0475,Gabriel Garcia Marquez,Colombia,Cronica de una muerte anunciada,"Debajo de esa paráfrasis de desaliento, con un trazo feliz de la misma tinta de sangre, dibujó un corazón atravesado por una flecha.",23
garciamarquez_cronicadeunamuerteanunciada_0476,Gabriel Garcia Marquez,Colombia,Cronica de una muerte anunciada,"Para él, como para los amigos más cercanos de Santiago Nasar, el propio comportamiento de éste en las últimas horas fue una prueba terminante de su inocencia.",27
garciamarquez_cronicadeunamuerteanunciada_0477,Gabriel Garcia Marquez,Colombia,Cronica de una muerte anunciada,"La mañana de su muerte, en efecto, Santiago Nasar no había tenido un instante de duda, a pesar de que sabía muy bien cuál hubiera sido el precio de la injuria que le imputaban.",34
garciamarquez_cronicadeunamuerteanunciada_0478,Gabriel Garcia Marquez,Colombia,Cronica de una muerte anunciada,"Conocía la índole mojigata de su mundo, y debía saber que la naturaleza simple de los gemelos no era capaz de resistir al escarnio.",24
garciamarquez_cronicadeunamuerteanunciada_0479,Gabriel Garcia Marquez,Colombia,Cronica de una muerte anunciada,"Nadie conocía muy bien a Bayardo San Román, pero Santiago Nasar lo conocía bastante para saber que debajo de sus ínfulas mundanas estaba tan subordinado como cualquier otro a sus prejuicios de origen.",33
garciamarquez_cronicadeunamuerteanunciada_0480,Gabriel Garcia Marquez,Colombia,Cronica de una muerte anunciada,De manera que su despreocupación consciente hubiera sido suicida.,9
garciamarquez_cronicadeunamuerteanunciada_0481,Gabriel Garcia Marquez,Colombia,Cronica de una muerte anunciada,"Además, cuando supo por fin en el último instante que los hermanos Vicario lo estaban esperando para matarlo, su reacción no fue de pánico, como tanto se ha dicho, sino que fue más bien el desconcierto de la inocencia.",39
garciamarquez_cronicadeunamuerteanunciada_0482,Gabriel Garcia Marquez,Colombia,Cronica de una muerte anunciada,Mi impresión personal es que murió sin entender su muerte.,10
garciamarquez_cronicadeunamuerteanunciada_0483,Gabriel Garcia Marquez,Colombia,Cronica de una muerte anunciada,"Después de que le prometió a mi hermana Margot que iría a desayunar a nuestra casa, Cristo Bedoya se lo llevó del brazo por el muelle, y ambos parecían tan desprevenidos que suscitaron ilusiones falsas.",35
garciamarquez_cronicadeunamuerteanunciada_0484,Gabriel Garcia Marquez,Colombia,Cronica de una muerte anunciada,"Polo Carrillo, el dueño de la planta eléctrica, pensaba que su serenidad no era inocencia sino cinismo.",17
garciamarquez_cronicadeunamuerteanunciada_0485,Gabriel Garcia Marquez,Colombia,Cronica de una muerte anunciada,"Fausta López, su mujer, comentó: «Como todos los turcos».",9
garciamarquez_cronicadeunamuerteanunciada_0486,Gabriel Garcia Marquez,Colombia,Cronica de una muerte anunciada,"Indalecio Pardo acababa de pasar por la tienda de Clotilde Armenta, y los gemelos le habían dicho que tan pronto como se fuera el obispo matarían a Santiago Nasar.",29
garciamarquez_cronicadeunamuerteanunciada_0487,Gabriel Garcia Marquez,Colombia,Cronica de una muerte anunciada,"Pensó, como tantos otros, que eran fantasías de amanecidos, pero Clotilde Armenta le hizo ver que era cierto, y le pidió que alcanzara a Santiago Nasar para prevenirlo.",28
garciamarquez_cronicadeunamuerteanunciada_0488,Gabriel Garcia Marquez,Colombia,Cronica de una muerte anunciada,"Los gemelos conocían los vínculos de Indalecio Pardo y Santiago Nasar, y debieron pensar que era la persona adecuada para impedir el crimen sin que ellos quedaran en vergüenza.",29
garciamarquez_cronicadeunamuerteanunciada_0489,Gabriel Garcia Marquez,Colombia,Cronica de una muerte anunciada,"Pero Indalecio Pardo encontró a Santiago Nasar llevado del brazo por Cristo Bedoya entre los grupos que abandonaban el puerto, y no se atrevió a prevenirlo.",26
garciamarquez_cronicadeunamuerteanunciada_0490,Gabriel Garcia Marquez,Colombia,Cronica de una muerte anunciada,"Le dio una palmada en el hombro a cada uno, y los dejó seguir.",14
garciamarquez_cronicadeunamuerteanunciada_0491,Gabriel Garcia Marquez,Colombia,Cronica de una muerte anunciada,"Ellos apenas lo advirtieron, pues continuaban abismados en las cuentas de la boda.",13
garciamarquez_cronicadeunamuerteanunciada_0492,Gabriel Garcia Marquez,Colombia,Cronica de una muerte anunciada,"Era una multitud apretada, pero Escolástica Cisneros creyó observar que los dos amigos caminaban en el centro sin dificultad, dentro de un círculo vacío, porque la gente sabía que Santiago Nasar iba a morir, y no se atrevían a tocarlo.",40
garciamarquez_cronicadeunamuerteanunciada_0493,Gabriel Garcia Marquez,Colombia,Cronica de una muerte anunciada,También Cristo Bedoya recordaba una actitud distinta hacia ellos.,9
garciamarquez_cronicadeunamuerteanunciada_0494,Gabriel Garcia Marquez,Colombia,Cronica de una muerte anunciada,"Más aún: Sara Noriega abrió su tienda de zapatos en el momento en que ellos pasaban, y se espantó con la palidez de Santiago Nasar.",25
garciamarquez_cronicadeunamuerteanunciada_0495,Gabriel Garcia Marquez,Colombia,Cronica de una muerte anunciada,"Celeste Dangond estaba sentado en piyama en la puerta de su casa, burlándose de los que se quedaron vestidos para saludar al obispo, e invitó a Santiago Nasar a tomar café.",31
garciamarquez_cronicadeunamuerteanunciada_0496,Gabriel Garcia Marquez,Colombia,Cronica de una muerte anunciada,Tan pronto como conoció el rumor salió a la puerta de su tienda de géneros y esperó a Santiago Nasar para prevenirlo.,22
garciamarquez_cronicadeunamuerteanunciada_0497,Gabriel Garcia Marquez,Colombia,Cronica de una muerte anunciada,"Era uno de los últimos árabes que llegaron con Ibrahim Nasar, fue su socio de barajas hasta la muerte, y seguía siendo el consejero hereditario de la familia.",28
garciamarquez_cronicadeunamuerteanunciada_0498,Gabriel Garcia Marquez,Colombia,Cronica de una muerte anunciada,Nadie tenía tanta autoridad como él para hablar con Santiago Nasar.,11
garciamarquez_cronicadeunamuerteanunciada_0499,Gabriel Garcia Marquez,Colombia,Cronica de una muerte anunciada,"Santiago Nasar no le contestó, sino que se dirigió en árabe a Yamil Shaium y éste le replicó también en árabe, torciéndose de risa.",24
garciamarquez_cronicadeunamuerteanunciada_0500,Gabriel Garcia Marquez,Colombia,Cronica de una muerte anunciada,"Sin detenerse, Santiago Nasar les hizo a ambos su señal de adiós con la mano y dobló la esquina de la plaza.",22
garciamarquez_cronicadeunamuerteanunciada_0501,Gabriel Garcia Marquez,Colombia,Cronica de una muerte anunciada,Cristo Bedoya tuvo tiempo apenas de escuchar la información de Yamil Shaium cuando salió corriendo de la tienda para alcanzar a Santiago Nasar.,23
garciamarquez_cronicadeunamuerteanunciada_0502,Gabriel Garcia Marquez,Colombia,Cronica de una muerte anunciada,"Lo había visto doblar la esquina, pero no lo encontró entre los grupos que empezaban a dispersarse en la plaza.",20
garciamarquez_cronicadeunamuerteanunciada_0503,Gabriel Garcia Marquez,Colombia,Cronica de una muerte anunciada,Varias personas a quienes les preguntó por él le dieron la misma respuesta: -Acabo de verlo contigo.,17
garciamarquez_cronicadeunamuerteanunciada_0504,Gabriel Garcia Marquez,Colombia,Cronica de una muerte anunciada,"Le pareció imposible que hubiera llegado a su casa en tan poco tiempo, pero de todos modos entró a preguntar por él, pues encontró sin tranca y entreabierta la puerta del frente.",32
garciamarquez_cronicadeunamuerteanunciada_0505,Gabriel Garcia Marquez,Colombia,Cronica de una muerte anunciada,"Los calmó con las llaves, como lo había aprendido del dueño, y siguió acosado por ellos hasta la cocina.",19
garciamarquez_cronicadeunamuerteanunciada_0506,Gabriel Garcia Marquez,Colombia,Cronica de una muerte anunciada,En el corredor se cruzó con Divina Flor que llevaba un cubo de agua y un trapero para pulir los pisos de la sala.,24
garciamarquez_cronicadeunamuerteanunciada_0507,Gabriel Garcia Marquez,Colombia,Cronica de una muerte anunciada,Ella le aseguró que Santiago Nasar no había vuelto.,9
garciamarquez_cronicadeunamuerteanunciada_0508,Gabriel Garcia Marquez,Colombia,Cronica de una muerte anunciada,Victoria Guzmán acababa de poner en el fogón el guiso de conejos cuando él entró en la cocina.,18
garciamarquez_cronicadeunamuerteanunciada_0509,Gabriel Garcia Marquez,Colombia,Cronica de una muerte anunciada,Ella no estuvo entonces tan segura como la primera vez.,10
garciamarquez_cronicadeunamuerteanunciada_0510,Gabriel Garcia Marquez,Colombia,Cronica de una muerte anunciada,"Así era siempre: despertaría a las siete, se tomaría el café, y bajaría a dar las instrucciones para el almuerzo.",20
garciamarquez_cronicadeunamuerteanunciada_0511,Gabriel Garcia Marquez,Colombia,Cronica de una muerte anunciada,"La puerta del dormitorio estaba cerrada por dentro, porque Santiago Nasar había salido a través del dormitorio de su madre.",20
garciamarquez_cronicadeunamuerteanunciada_0512,Gabriel Garcia Marquez,Colombia,Cronica de una muerte anunciada,"Un haz de sol polvoriento entraba por la claraboya, y la hermosa mujer dormida en la hamaca, de costado, con la mano de novia en la mejilla, tenía un aspecto irreal.",31
garciamarquez_cronicadeunamuerteanunciada_0513,Gabriel Garcia Marquez,Colombia,Cronica de una muerte anunciada,"La contempló un instante, fascinado por su belleza, y luego atravesó el dormitorio en silencio, pasó de largo frente al baño, y entró en el dormitorio de Santiago Nasar.",29
garciamarquez_cronicadeunamuerteanunciada_0514,Gabriel Garcia Marquez,Colombia,Cronica de una muerte anunciada,"La cama seguía intacta, y en el sillón estaba el sombrero de jinete, y en el suelo estaban las botas junto a las espuelas.",24
garciamarquez_cronicadeunamuerteanunciada_0515,Gabriel Garcia Marquez,Colombia,Cronica de una muerte anunciada,Pero encontró la magnum en la gaveta de la mesa de noche.,12
garciamarquez_cronicadeunamuerteanunciada_0516,Gabriel Garcia Marquez,Colombia,Cronica de una muerte anunciada,Plácida Linero apareció en la puerta con el pocillo de café en el momento en que él cerraba la gaveta.,20
garciamarquez_cronicadeunamuerteanunciada_0517,Gabriel Garcia Marquez,Colombia,Cronica de una muerte anunciada,"La vio a plena luz, con una bata de alondras doradas y el cabello revuelto, y el encanto se había desvanecido.",21
garciamarquez_cronicadeunamuerteanunciada_0518,Gabriel Garcia Marquez,Colombia,Cronica de una muerte anunciada,Explicó un poco confuso que había entrado a buscar a Santiago Nasar.,12
garciamarquez_cronicadeunamuerteanunciada_0519,Gabriel Garcia Marquez,Colombia,Cronica de una muerte anunciada,"No siguió, porque en ese momento se dio cuenta de que Cristo Bedoya no sabía dónde poner el cuerpo.",19
garciamarquez_cronicadeunamuerteanunciada_0520,Gabriel Garcia Marquez,Colombia,Cronica de una muerte anunciada,"Cristo Bedoya era consciente de estar en una situación sospechosa, pero no tuvo valor para revelarle la verdad.",18
garciamarquez_cronicadeunamuerteanunciada_0521,Gabriel Garcia Marquez,Colombia,Cronica de una muerte anunciada,"Pedro Vicario estaba en la puerta, lívido y desgreñado, con la camisa abierta y las mangas enrolladas hasta los codos, y con el cuchillo basto que él mismo había fabricado con una hoja de segueta.",35
garciamarquez_cronicadeunamuerteanunciada_0522,Gabriel Garcia Marquez,Colombia,Cronica de una muerte anunciada,"Su actitud era demasiado insolente para ser casual, y sin embargo no fue la única ni la más visible que intentó en los últimos minutos para que le impidieran cometer el crimen.",32
garciamarquez_cronicadeunamuerteanunciada_0523,Gabriel Garcia Marquez,Colombia,Cronica de una muerte anunciada,Cristo Bedoya le habría hecho el favor de impedírselo.,9
garciamarquez_cronicadeunamuerteanunciada_0524,Gabriel Garcia Marquez,Colombia,Cronica de una muerte anunciada,Pero de todos modos había previsto que lo estuviera cuando tomó la decisión de lavar la honra de la hermana.,20
garciamarquez_cronicadeunamuerteanunciada_0525,Gabriel Garcia Marquez,Colombia,Cronica de una muerte anunciada,Todo lo que ocurrió a partir de entonces fue del dominio público.,12
garciamarquez_cronicadeunamuerteanunciada_0526,Gabriel Garcia Marquez,Colombia,Cronica de una muerte anunciada,En la puerta del Club Social se encontró con el coronel Lázaro Aponte y le contó lo que acababa de ocurrir frente a la tienda de Clotilde Armenta.,28
garciamarquez_cronicadeunamuerteanunciada_0527,Gabriel Garcia Marquez,Colombia,Cronica de una muerte anunciada,Acabo de verlos con un cuchillo de matar puercos -dijo Cristo Bedoya.,12
garciamarquez_cronicadeunamuerteanunciada_0528,Gabriel Garcia Marquez,Colombia,Cronica de una muerte anunciada,Debe ser que los viste antes de eso.,8
garciamarquez_cronicadeunamuerteanunciada_0529,Gabriel Garcia Marquez,Colombia,Cronica de una muerte anunciada,"Prometió ocuparse de eso al instante, pero entró en el Club Social a confirmar una cita de dominó para esa noche, y cuando volvió a salir ya estaba consumado el crimen.",31
garciamarquez_cronicadeunamuerteanunciada_0530,Gabriel Garcia Marquez,Colombia,Cronica de una muerte anunciada,"Cristo Bedoya cometió entonces su único error mortal: pensó que Santiago Nasar había resuelto a última hora desayunar en nuestra casa antes de cambiarse de ropa, y allá se fue a buscarlo.",32
garciamarquez_cronicadeunamuerteanunciada_0531,Gabriel Garcia Marquez,Colombia,Cronica de una muerte anunciada,"Se apresuró por la orilla del río, preguntándole a todo el que encontraba si lo habían visto pasar, pero nadie le dio razón.",23
garciamarquez_cronicadeunamuerteanunciada_0532,Gabriel Garcia Marquez,Colombia,Cronica de una muerte anunciada,"No se alarmó, porque había otros caminos para nuestra casa.",10
garciamarquez_cronicadeunamuerteanunciada_0533,Gabriel Garcia Marquez,Colombia,Cronica de una muerte anunciada,"Trató de correr, pero se lo impidió el revólver mal ajustado en la cintura.",14
garciamarquez_cronicadeunamuerteanunciada_0534,Gabriel Garcia Marquez,Colombia,Cronica de una muerte anunciada,Al doblar la última esquina reconoció de espaldas a mi madre que llevaba casi a rastras al hijo menor.,19
garciamarquez_cronicadeunamuerteanunciada_0535,Gabriel Garcia Marquez,Colombia,Cronica de una muerte anunciada,Mi madre se volvió apenas con la cara bañada en lágrimas.,11
garciamarquez_cronicadeunamuerteanunciada_0536,Gabriel Garcia Marquez,Colombia,Cronica de una muerte anunciada,Los padres de Santiago Nasar y Flora Miguel se habían puesto de acuerdo para casarlos.,15
garciamarquez_cronicadeunamuerteanunciada_0537,Gabriel Garcia Marquez,Colombia,Cronica de una muerte anunciada,"Santiago Nasar aceptó el compromiso en plena adolescencia, y estaba resuelto a cumplirlo, tal vez porque tenía del matrimonio la misma concepción utilitaria que su padre.",26
garciamarquez_cronicadeunamuerteanunciada_0538,Gabriel Garcia Marquez,Colombia,Cronica de una muerte anunciada,"Flora Miguel, por su parte, gozaba de una cierta condición floral, pero carecía de gracia y de juicio y había servido de madrina de bodas a toda su generación, de modo que el convenio fue para ella una solución providencial.",40
garciamarquez_cronicadeunamuerteanunciada_0539,Gabriel Garcia Marquez,Colombia,Cronica de una muerte anunciada,"Tenían un noviazgo fácil, sin visitas formales ni inquietudes del corazón.",11
garciamarquez_cronicadeunamuerteanunciada_0540,Gabriel Garcia Marquez,Colombia,Cronica de una muerte anunciada,La boda varias veces diferida estaba fijada por fin para la próxima Navidad.,13
garciamarquez_cronicadeunamuerteanunciada_0541,Gabriel Garcia Marquez,Colombia,Cronica de una muerte anunciada,"Flora Miguel despertó aquel lunes con los primeros bramidos del buque del obispo, y muy poco después se enteró de que los gemelos Vicario estaban esperando a Santiago Nasar para matarlo.",31
garciamarquez_cronicadeunamuerteanunciada_0542,Gabriel Garcia Marquez,Colombia,Cronica de una muerte anunciada,"A mi hermana la monja, la única que habló con ella después de la desgracia, le dijo que no recordaba siquiera quién se lo había dicho.",26
garciamarquez_cronicadeunamuerteanunciada_0543,Gabriel Garcia Marquez,Colombia,Cronica de una muerte anunciada,"Sin embargo, le pareció inconcebible que a Santiago Nasar lo fueran a matar, y en cambio se le ocurrió que lo iban a casar a la fuerza con Ángela Vicario para que le devolviera la honra.",36
garciamarquez_cronicadeunamuerteanunciada_0544,Gabriel Garcia Marquez,Colombia,Cronica de una muerte anunciada,"Mientras medio pueblo esperaba al obispo, ella estaba en su dormitorio llorando de rabia, y poniendo en orden el cofre de las cartas que Santiago Nasar le había mandado desde el colegio.",32
garciamarquez_cronicadeunamuerteanunciada_0545,Gabriel Garcia Marquez,Colombia,Cronica de una muerte anunciada,"Siempre que pasaba por la casa de Flora Miguel, aunque no hubiera nadie, Santiago Nasar raspaba con las llaves la tela metálica de las ventanas.",25
garciamarquez_cronicadeunamuerteanunciada_0546,Gabriel Garcia Marquez,Colombia,Cronica de una muerte anunciada,"Aquel lunes, ella lo estaba esperando con el cofre de cartas en el regazo.",14
garciamarquez_cronicadeunamuerteanunciada_0547,Gabriel Garcia Marquez,Colombia,Cronica de una muerte anunciada,"Santiago Nasar no podía verla desde la calle, pero en cambio ella lo vio acercarse a través de la red metálica desde antes de que la raspara con las llaves.",30
garciamarquez_cronicadeunamuerteanunciada_0548,Gabriel Garcia Marquez,Colombia,Cronica de una muerte anunciada,"Santiago Nasar acababa de dejar a Cristo Bedoya en la tienda de Yamil Shaium, y había tanta gente pendiente de él en la plaza, que no era comprensible que nadie lo viera entrar en casa de su novia.",38
garciamarquez_cronicadeunamuerteanunciada_0549,Gabriel Garcia Marquez,Colombia,Cronica de una muerte anunciada,"El juez instructor buscó siquiera una persona que lo hubiera visto, y lo hizo con tanta persistencia como yo, pero no fue posible encontrarla.",24
garciamarquez_cronicadeunamuerteanunciada_0550,Gabriel Garcia Marquez,Colombia,Cronica de una muerte anunciada,"El hecho es que Santiago Nasar entró por la puerta principal, a la vista de todos, y sin hacer nada por no ser visto.",24
garciamarquez_cronicadeunamuerteanunciada_0551,Gabriel Garcia Marquez,Colombia,Cronica de una muerte anunciada,"Flora Miguel lo esperaba en la sala, verde de cólera, con uno de los vestidos de arandelas infortunadas que solía llevar en las ocasiones memorables, y le puso el cofre en las manos.",33
garciamarquez_cronicadeunamuerteanunciada_0552,Gabriel Garcia Marquez,Colombia,Cronica de una muerte anunciada,"Trató de alcanzar a Flora Miguel en el dormitorio, pero ella cerró la puerta y puso la aldaba.",18
garciamarquez_cronicadeunamuerteanunciada_0553,Gabriel Garcia Marquez,Colombia,Cronica de una muerte anunciada,"Tocó varias veces, y la llamó con una voz demasiado apremiante para la hora, así que toda la familia acudió alaranada.",21
garciamarquez_cronicadeunamuerteanunciada_0554,Gabriel Garcia Marquez,Colombia,Cronica de una muerte anunciada,"Entre consanguíneos y políticos, mayores y menores de edad, eran más de catorce.",13
garciamarquez_cronicadeunamuerteanunciada_0555,Gabriel Garcia Marquez,Colombia,Cronica de una muerte anunciada,"El último que salió fue Nahir Miguel, el padre, con la barba colorada y la chilaba de beduino que trajo de su tierra, y que siempre usó dentro de la casa.",31
garciamarquez_cronicadeunamuerteanunciada_0556,Gabriel Garcia Marquez,Colombia,Cronica de una muerte anunciada,"Yo lo vi muchas veces, y era inmenso y parsimonioso, pero lo que más me impresionaba era el fulgor de su autoridad.",22
garciamarquez_cronicadeunamuerteanunciada_0557,Gabriel Garcia Marquez,Colombia,Cronica de una muerte anunciada,"Entró en el dormitorio de la hija, mientras la familia contemplaba absorta a Santiago Nasar.",15
garciamarquez_cronicadeunamuerteanunciada_0558,Gabriel Garcia Marquez,Colombia,Cronica de una muerte anunciada,"Nahir Miguel salió del dormitorio al cabo de unos minutos, hizo una señal con la mano y la familia entera desapareció.",21
garciamarquez_cronicadeunamuerteanunciada_0559,Gabriel Garcia Marquez,Colombia,Cronica de una muerte anunciada,Entonces le preguntó en concreto si sabía que los hermanos Vicario lo buscaban para matarlo.,15
garciamarquez_cronicadeunamuerteanunciada_0560,Gabriel Garcia Marquez,Colombia,Cronica de una muerte anunciada,Coincidió en que su actitud no era tanto de miedo como de turbación.,13
garciamarquez_cronicadeunamuerteanunciada_0561,Gabriel Garcia Marquez,Colombia,Cronica de una muerte anunciada,"Pero en todo caso, ahora no te quedan sino dos caminos: o te escondes aquí, que es tu casa, o sales con mi rifle.",24
garciamarquez_cronicadeunamuerteanunciada_0562,Gabriel Garcia Marquez,Colombia,Cronica de una muerte anunciada,Tuvo que quitarle el cofre de las manos porque él no sabía dónde dejarlo para abrir la puerta.,18
garciamarquez_cronicadeunamuerteanunciada_0563,Gabriel Garcia Marquez,Colombia,Cronica de una muerte anunciada,La gente se había situado en la plaza como en los días de desfiles.,14
garciamarquez_cronicadeunamuerteanunciada_0564,Gabriel Garcia Marquez,Colombia,Cronica de una muerte anunciada,"Todos lo vieron salir, y todos comprendieron que ya sabía que lo iban a matar, y estaba tan azorado que no encontraba el camino de su casa.",27
garciamarquez_cronicadeunamuerteanunciada_0565,Gabriel Garcia Marquez,Colombia,Cronica de una muerte anunciada,"Dicen que alguien gritó desde un balcón: «Por ahí no, turco, por el puerto viejo».",15
garciamarquez_cronicadeunamuerteanunciada_0566,Gabriel Garcia Marquez,Colombia,Cronica de una muerte anunciada,"Yamil Shaium le gritó que se metiera en su tienda, y entró a buscar su escopeta de caza, pero no recordó dónde había escondido los cartuchos.",26
garciamarquez_cronicadeunamuerteanunciada_0567,Gabriel Garcia Marquez,Colombia,Cronica de una muerte anunciada,"De todos lados empezaron a gritarle, y Santiago Nasar dio varias vueltas al revés y al derecho, deslumbrado por tantas voces a la vez.",24
garciamarquez_cronicadeunamuerteanunciada_0568,Gabriel Garcia Marquez,Colombia,Cronica de una muerte anunciada,"Pablo Vicario se quitó el saco, lo puso en el taburete, y desenvolvió el cuchillo en forma de alfanje.",19
garciamarquez_cronicadeunamuerteanunciada_0569,Gabriel Garcia Marquez,Colombia,Cronica de una muerte anunciada,"Antes de abandonar la tienda, sin ponerse de acuerdo, ambos se santiguaron.",12
garciamarquez_cronicadeunamuerteanunciada_0570,Gabriel Garcia Marquez,Colombia,Cronica de una muerte anunciada,Entonces Clotilde Armenta agarró a Pedro Vicario por la camisa y le gritó a Santiago Nasar que corriera porque lo iban a matar.,23
garciamarquez_cronicadeunamuerteanunciada_0571,Gabriel Garcia Marquez,Colombia,Cronica de una muerte anunciada,Fue un grito tan apremiante que apagó a los otros.,10
garciamarquez_cronicadeunamuerteanunciada_0572,Gabriel Garcia Marquez,Colombia,Cronica de una muerte anunciada,"Cinco minutos antes, en la cocina, Victoria Guzmán le había contado a Plácida Linero lo que ya todo el mundo sabía.",21
garciamarquez_cronicadeunamuerteanunciada_0573,Gabriel Garcia Marquez,Colombia,Cronica de una muerte anunciada,"Plácida Linero era una mujer de nervios firmes, así que no dejó traslucir ningún signo de alarma.",17
garciamarquez_cronicadeunamuerteanunciada_0574,Gabriel Garcia Marquez,Colombia,Cronica de una muerte anunciada,"Le preguntó a Victoria Guzmán si le había dicho algo a su hijo, y ella le mintió a conciencia, pues contestó que todavía no sabía nada cuando él bajó a tomar el café.",33
garciamarquez_cronicadeunamuerteanunciada_0575,Gabriel Garcia Marquez,Colombia,Cronica de una muerte anunciada,"En la sala, donde seguía trapeando los pisos, Divina Flor vio al mismo tiempo que Santiago Nasar entró por la puerta de la plaza y subió por las escaleras de buque de los dormitorios.",34
garciamarquez_cronicadeunamuerteanunciada_0576,Gabriel Garcia Marquez,Colombia,Cronica de una muerte anunciada,"Plácida Linero vio entonces el papel en el suelo, pero no pensó en recogerlo, y sólo se enteró de lo que decía cuando alguien se lo mostró más tarde en la confusión de la tragedia.",35
garciamarquez_cronicadeunamuerteanunciada_0577,Gabriel Garcia Marquez,Colombia,Cronica de una muerte anunciada,A través de la puerta vio a los hermanos Vicario que venían corriendo hacia la casa con los cuchillos desnudos.,20
garciamarquez_cronicadeunamuerteanunciada_0578,Gabriel Garcia Marquez,Colombia,Cronica de una muerte anunciada,"Desde el lugar en que ella se encontraba podía verlos a ellos, pero no alcanzaba a ver a su hijo que corría desde otro ángulo hacia la puerta.",28
garciamarquez_cronicadeunamuerteanunciada_0579,Gabriel Garcia Marquez,Colombia,Cronica de una muerte anunciada,Entonces corrió hacia la puerta y la cerró de un golpe.,11
garciamarquez_cronicadeunamuerteanunciada_0580,Gabriel Garcia Marquez,Colombia,Cronica de una muerte anunciada,"Estaba pasando la tranca cuando oyó los gritos de Santiago Nasar, y oyó los puñetazos de terror en la puerta, pero creyó que él estaba arriba, insultando a los hermanos Vicario desde el balcón de su dormitorio.",37
garciamarquez_cronicadeunamuerteanunciada_0581,Gabriel Garcia Marquez,Colombia,Cronica de una muerte anunciada,Santiago Nasar necesitaba apenas unos segundos para entrar cuando se cerró la puerta.,13
garciamarquez_cronicadeunamuerteanunciada_0582,Gabriel Garcia Marquez,Colombia,Cronica de una muerte anunciada,"Alcanzó a golpear varias veces con los puños, y en seguida se volvió para enfrentarse a manos limpias con sus enemigos.",21
garciamarquez_cronicadeunamuerteanunciada_0583,Gabriel Garcia Marquez,Colombia,Cronica de una muerte anunciada,"El cuchillo le atravesó la palma de la mano derecha, y luego se le hundió hasta el fondo en el costado.",21
garciamarquez_cronicadeunamuerteanunciada_0584,Gabriel Garcia Marquez,Colombia,Cronica de una muerte anunciada,"Pedro Vicario volvió a retirar el cuchillo con su pulso fiero de matarife, y le asestó un segundo golpe casi en el mismo lugar.",24
garciamarquez_cronicadeunamuerteanunciada_0585,Gabriel Garcia Marquez,Colombia,Cronica de una muerte anunciada,"Pablo Vicario, que estaba a su izquierda con el cuchillo curvo, le asestó entonces la única cuchillada en el lomo, y un chorro de sangre a alta presión le empapó la camisa.",32
garciamarquez_cronicadeunamuerteanunciada_0586,Gabriel Garcia Marquez,Colombia,Cronica de una muerte anunciada,Al contrario: me pareció que se estaba riendo.,8
garciamarquez_cronicadeunamuerteanunciada_0587,Gabriel Garcia Marquez,Colombia,Cronica de una muerte anunciada,"Pero ambos despertaron de pronto a la realidad, porque estaban exhaustos, y sin embargo les parecía que Santiago Nasar no se iba a derrumbar nunca.",25
garciamarquez_cronicadeunamuerteanunciada_0588,Gabriel Garcia Marquez,Colombia,Cronica de una muerte anunciada,En realidad Santiago Nasar no caía porque ellos mismos lo estaban sosteniendo a cuchilladas contra la puerta.,17
garciamarquez_cronicadeunamuerteanunciada_0589,Gabriel Garcia Marquez,Colombia,Cronica de una muerte anunciada,"Desesperado, Pablo Vicario le dio un tajo horizontal en el vientre, y los intestinos completos afloraron con una explosión.",19
garciamarquez_cronicadeunamuerteanunciada_0590,Gabriel Garcia Marquez,Colombia,Cronica de una muerte anunciada,"Pedro Vicario iba a hacer lo mismo, pero el pulso se le torció de horror, y le dio un tajo extraviado en el muslo.",24
garciamarquez_cronicadeunamuerteanunciada_0591,Gabriel Garcia Marquez,Colombia,Cronica de una muerte anunciada,"Santiago Nasar permaneció todavía un instante apoyado contra la puerta, hasta que vio sus propias vísceras al sol, limpias y azules, y cayó de rodillas.",25
garciamarquez_cronicadeunamuerteanunciada_0592,Gabriel Garcia Marquez,Colombia,Cronica de una muerte anunciada,"Iban perseguidos de cerca por Yamil Shaium, con su escopeta de matar tigres, y por otros árabes desarmados y Plácida Linero pensó que había pasado el peligro.",27
garciamarquez_cronicadeunamuerteanunciada_0593,Gabriel Garcia Marquez,Colombia,Cronica de una muerte anunciada,"Luego salió al balcón del dormitorio, y vio a Santiago Nasar frente a la puerta, bocabajo en el polvo, tratando de levantarse de su propia sangre.",26
garciamarquez_cronicadeunamuerteanunciada_0594,Gabriel Garcia Marquez,Colombia,Cronica de una muerte anunciada,"Se incorporó de medio lado, y se echó a andar en un estado de alucinación, sosteniendo con las manos las vísceras colgantes.",22
garciamarquez_cronicadeunamuerteanunciada_0595,Gabriel Garcia Marquez,Colombia,Cronica de una muerte anunciada,Caminó más de cien metros para darle la vuelta completa a la casa y entrar por la puerta de la cocina.,21
garciamarquez_cronicadeunamuerteanunciada_0596,Gabriel Garcia Marquez,Colombia,Cronica de una muerte anunciada,"Pero Argénida Lanao, la hija mayor, contó que Santiago Nasar caminaba con la prestancia de siempre, midiendo bien los pasos, y que su rostro de sarraceno con los rizos alborotados estaba más bello que nunca.",35
garciamarquez_cronicadeunamuerteanunciada_0597,Gabriel Garcia Marquez,Colombia,Cronica de una muerte anunciada,"Al pasar frente a la mesa les sonrió, y siguió a través de los dormitorios hasta la salida posterior de la casa.",22
garciamarquez_cronicadeunamuerteanunciada_0598,Gabriel Garcia Marquez,Colombia,Cronica de una muerte anunciada,"Tropezó en el último escalón, pero se incorporó de inmediato.",10
garciamarquez_cronicadeunamuerteanunciada_0599,Gabriel Garcia Marquez,Colombia,Cronica de una muerte anunciada,"Después entró en su casa por la puerta trasera, que estaba abierta desde las seis, y se derrumbó de bruces en la cocina.",23
garciamarquez_cienanosdesoledad_0000,Gabriel Garcia Marquez,Colombia,Cien anos de soledad,"Muchos años después, frente al pelotón de fusilamiento, el coronel Aureliano Buendía había de recordar aquella tarde remota en que su padre lo llevó a conocer el hielo.",28
garciamarquez_cienanosdesoledad_0001,Gabriel Garcia Marquez,Colombia,Cien anos de soledad,"José Arcadio Buendía, que aún no acababa de consolarse por el fracaso de sus imanes, concibió la idea de utilizar aquel invento como un arma de guerra.",27
garciamarquez_cienanosdesoledad_0002,Gabriel Garcia Marquez,Colombia,Cien anos de soledad,"José Arcadio Buendía no trató siquiera de consolarla, entregado por entero a sus experimentos tácticos con la abnegación de un científico y aun a riesgo de su propia vida.",29
garciamarquez_cienanosdesoledad_0003,Gabriel Garcia Marquez,Colombia,Cien anos de soledad,"De pronto, sin ningún anuncio, su actividad febril se interrumpió y fue sustituida por una especie de fascinación.",18
garciamarquez_cienanosdesoledad_0004,Gabriel Garcia Marquez,Colombia,Cien anos de soledad,"Estuvo varios días como hechizado, repitiéndose a sí mismo en voz baja un sartal de asombrosas conjeturas, sin dar crédito a su propio entendimiento.",24
garciamarquez_cienanosdesoledad_0005,Gabriel Garcia Marquez,Colombia,Cien anos de soledad,"Toda la aldea estaba convencida de que José Arcadio Buendía había perdido el juicio, cuando llegó Melquíades a poner las cosas en su punto.",24
garciamarquez_cienanosdesoledad_0006,Gabriel Garcia Marquez,Colombia,Cien anos de soledad,"Para esa época, Melquíades había envejecido con una rapidez asombrosa.",10
garciamarquez_cienanosdesoledad_0007,Gabriel Garcia Marquez,Colombia,Cien anos de soledad,En sus primeros viajes parecía tener la misma edad de José Arcadio Buendia.,13
garciamarquez_cienanosdesoledad_0008,Gabriel Garcia Marquez,Colombia,Cien anos de soledad,"Pero mientras éste conservaba su fuerza descomunal, que le permitía derribar un caballo agarrándolo por las orejas, el gitano parecía estragado por una dolencia tenaz.",25
garciamarquez_cienanosdesoledad_0009,Gabriel Garcia Marquez,Colombia,Cien anos de soledad,"Úrsula, en cambio, conservó un mal recuerdo de aquella visita, porque entró al cuarto en el momento en que Melquíades rompió por distracción un frasco de bicloruro de mercurio.",29
garciamarquez_cienanosdesoledad_0010,Gabriel Garcia Marquez,Colombia,Cien anos de soledad,"Está comprobado que el demonio tiene propiedades sulfúricas, y esto no es más que un poco de solimán.",18
garciamarquez_cienanosdesoledad_0011,Gabriel Garcia Marquez,Colombia,Cien anos de soledad,"Seducido por la simplicidad de las fórmulas para doblar el oro, José Arcadio Buendía cortejó a Úrsula durante varias semanas, para que le permitiera desenterrar sus monedas coloniales y aumentarlas tantas veces como era posible subdividir el azogile.",38
garciamarquez_cienanosdesoledad_0012,Gabriel Garcia Marquez,Colombia,Cien anos de soledad,Puso a hervir todo a fuego vivo en un caldero de aceite de ricino hasta obtener un jarabe espeso y pestilente más parecido al caramelo vulgar que al oro magnífico.,30
garciamarquez_cienanosdesoledad_0013,Gabriel Garcia Marquez,Colombia,Cien anos de soledad,"Cuando volvieron los gitanos, Úrsula había predispuesto contra ellos a toda la población.",13
garciamarquez_cienanosdesoledad_0014,Gabriel Garcia Marquez,Colombia,Cien anos de soledad,"Puesto que su casa fue desde el primer momento la mejor de la aldea, las otras fueron arregladas a su imagen y semejanza.",23
garciamarquez_cienanosdesoledad_0015,Gabriel Garcia Marquez,Colombia,Cien anos de soledad,"En poco tiempo llenó de turpiales, canarios, azulejos y petirrojos no sólo la propia casa, sino todas las de la aldea.",21
garciamarquez_cienanosdesoledad_0016,Gabriel Garcia Marquez,Colombia,Cien anos de soledad,No faltó quien lo considerara víctima de algún extraño sortilegio.,10
garciamarquez_cienanosdesoledad_0017,Gabriel Garcia Marquez,Colombia,Cien anos de soledad,"Al sur estaban los pantanos, cubiertos de una eterna nata vegetal, y el vasto universo de la ciénaga grande, que según testimonio de los gitanos carecía de límites.",28
garciamarquez_cienanosdesoledad_0018,Gabriel Garcia Marquez,Colombia,Cien anos de soledad,"De acuerdo con los cálculos de José Arcadio Buendía, la única posibilidad de contacto con la civilización era la ruta del Norte.",22
garciamarquez_cienanosdesoledad_0019,Gabriel Garcia Marquez,Colombia,Cien anos de soledad,"Descendieron por la pedregosa ribera del río hasta el lugar en que años antes habían encontrado la armadura del guerrero, y allí penetraron al bosque por un sendero de naranjos silvestres.",31
garciamarquez_cienanosdesoledad_0020,Gabriel Garcia Marquez,Colombia,Cien anos de soledad,"Durante una semana, casi sin hablar, avanzaron como sonámbulos por un universo de pesadumbre, alumbrados apenas por una tenue reverberación de insectos luminosos y con los pulmones agobiados por un sofocante olor de sangre.",34
garciamarquez_cienanosdesoledad_0021,Gabriel Garcia Marquez,Colombia,Cien anos de soledad,"Toda la estructura parecía ocupar un ámbito propio, un espacio de soledad y de olvido, vedado a los vicios del tiempo y a las costumbres de los pájaros.",28
garciamarquez_cienanosdesoledad_0022,Gabriel Garcia Marquez,Colombia,Cien anos de soledad,"Sólo entonces convencido de que aquella historia no había sido un engendro de la imaginación de su padre, se preguntó cómo había podido el galeón adentrarse hasta ese punto en tierra firme.",32
garciamarquez_cienanosdesoledad_0023,Gabriel Garcia Marquez,Colombia,Cien anos de soledad,"José Arcadio Buendía no supo en qué momento, ni en virtud de qué fuerzas adversas, sus planes se fueron enredando en una maraña de pretextos, contratiempos y evasivas, hasta convertirse en pura y simple ilusión.",35
garciamarquez_cienanosdesoledad_0024,Gabriel Garcia Marquez,Colombia,Cien anos de soledad,"Miró a través de la ventana y vio a los dos niños descalzos en la huerta soleada, y tuvo la impresión de que sólo en aquel instante habían empezado a existir, concebidos por el conjuro de Úrsula.",37
garciamarquez_cienanosdesoledad_0025,Gabriel Garcia Marquez,Colombia,Cien anos de soledad,"El niño, perplejo en la puerta, dijo: «Se va a caer.",11
garciamarquez_cienanosdesoledad_0026,Gabriel Garcia Marquez,Colombia,Cien anos de soledad,"Los habitantes de Macondo se encontraron de pronto perdidos en sus propias calles, aturdidos por la feria multitudinaria.",18
garciamarquez_cienanosdesoledad_0027,Gabriel Garcia Marquez,Colombia,Cien anos de soledad,"José Arcadio Buendía, sin entender, extendió la mano hacia el témpano, pero el gigante se la apartó.",17
garciamarquez_cienanosdesoledad_0028,Gabriel Garcia Marquez,Colombia,Cien anos de soledad,"Embriagado por la evidencia del prodigio, en aquel momento se olvidó de la frustración de sus empresas delirantes y del cuerpo de Melquíades abandonado al apetito de los calamares.",29
garciamarquez_cienanosdesoledad_0029,Gabriel Garcia Marquez,Colombia,Cien anos de soledad,"No podía sentarse sino de medio lado, acomodada en cojines, y algo extraño debió quedarle en el modo de andar, porque nunca volvió a caminar en público.",27
garciamarquez_cienanosdesoledad_0030,Gabriel Garcia Marquez,Colombia,Cien anos de soledad,"Su marido, un comerciante aragonés con quien tenía dos hijos, se gastó media tienda en medicinas y entretenimientos buscando la manera de aliviar sus terrores.",25
garciamarquez_cienanosdesoledad_0031,Gabriel Garcia Marquez,Colombia,Cien anos de soledad,Tenían el temor de que aquellos saludables cabos de dos razas secularmente entrecruzadas pasaran por la vergüenza de engendrar iguanas.,20
garciamarquez_cienanosdesoledad_0032,Gabriel Garcia Marquez,Colombia,Cien anos de soledad,"Hubieran sido felices desde entonces si la madre de Úrsula no la hubiera aterrorizado con toda clase de pronósticos siniestros sobre su descendencia, hasta el extremo de conseguir que rehusara consumar el matrimonio.",33
garciamarquez_cienanosdesoledad_0033,Gabriel Garcia Marquez,Colombia,Cien anos de soledad,A ver si por fin ese gallo le hace el favor a tu mujer.,14
garciamarquez_cienanosdesoledad_0034,Gabriel Garcia Marquez,Colombia,Cien anos de soledad,"Blandiendo la lanza frente a ella, le ordenó: «Quítate eso.",10
garciamarquez_cienanosdesoledad_0035,Gabriel Garcia Marquez,Colombia,Cien anos de soledad,"El asunto fue clasificado como un duelo de honor, pero a ambos les quedó un malestar en la conciencia.",19
garciamarquez_cienanosdesoledad_0036,Gabriel Garcia Marquez,Colombia,Cien anos de soledad,Lo que pasa es que no podemos con el peso de la conciencia.,13
garciamarquez_cienanosdesoledad_0037,Gabriel Garcia Marquez,Colombia,Cien anos de soledad,Allí estaba el muerto con su expresión triste.,8
garciamarquez_cienanosdesoledad_0038,Gabriel Garcia Marquez,Colombia,Cien anos de soledad,"Prudencio Aguilar no se fue, ni José Arcadio Buendía se atrevió arrojar la lanza.",14
garciamarquez_cienanosdesoledad_0039,Gabriel Garcia Marquez,Colombia,Cien anos de soledad,"Lo atormentaba la inmensa desolación con que el muerto lo había mirado desde la lluvia, la honda nostalgia con que añoraba a los vivos, la ansiedad con que registraba la casa buscando agua para mojar su tapón de esparto.",39
garciamarquez_cienanosdesoledad_0040,Gabriel Garcia Marquez,Colombia,Cien anos de soledad,"Una noche en que lo encontró lavándose las heridas en su propio cuarto, José Arcadio Buendía no pudo resistir más.",20
garciamarquez_cienanosdesoledad_0041,Gabriel Garcia Marquez,Colombia,Cien anos de soledad,"Nos iremos de este pueblo, lo más lejos que podamos, y no regresaremos jamás.",14
garciamarquez_cienanosdesoledad_0042,Gabriel Garcia Marquez,Colombia,Cien anos de soledad,Fue así como emprendieron la travesía de la sierra.,9
garciamarquez_cienanosdesoledad_0043,Gabriel Garcia Marquez,Colombia,Cien anos de soledad,"Varios amigos de José Arcadio Buendía, jóvenes como él, embullados con la aventura, desmantelaron sus casas y cargaron con sus mujeres y sus hijos hacia la tierra que nadie les había prometido.",32
garciamarquez_cienanosdesoledad_0044,Gabriel Garcia Marquez,Colombia,Cien anos de soledad,"A los catorce meses, con el estómago estragado por la carne de mico y el caldo de culebras, Úrsula dio a luz un hijo con todas sus partes humanas.",29
garciamarquez_cienanosdesoledad_0045,Gabriel Garcia Marquez,Colombia,Cien anos de soledad,"Había hecho la mitad del camino en una hamaca colgada de un palo que dos hombres llevaban en hombros, porque la hinchazón le desfiguró las piernas, y las varices se le reventaban como burbujas.",34
garciamarquez_cienanosdesoledad_0046,Gabriel Garcia Marquez,Colombia,Cien anos de soledad,"Una noche, después de varios meses de andar perdidos por entre los pantanos, lejos ya de los últimos indígenas que encontraron en el camino, acamparon a la orilla de un río pedregoso cuyas aguas parecían un torrente de vidrio helado.",40
garciamarquez_cienanosdesoledad_0047,Gabriel Garcia Marquez,Colombia,Cien anos de soledad,Al día siguiente convenció a sus hombres de que nunca encontrarían el mar.,13
garciamarquez_cienanosdesoledad_0048,Gabriel Garcia Marquez,Colombia,Cien anos de soledad,José Arcadio Buendia no logró descifrar el sueño de las casas con paredes de espejos hasta el día en que conoció el hielo.,23
garciamarquez_cienanosdesoledad_0049,Gabriel Garcia Marquez,Colombia,Cien anos de soledad,"Pensó que en un futuro próximo podrían fabricarse bloques de hielo en gran escala, a partir de un material tan cotidiano como el agua, y construir con ellos las nuevas casas de la aldea.",34
garciamarquez_cienanosdesoledad_0050,Gabriel Garcia Marquez,Colombia,Cien anos de soledad,"Macondo dejaría de ser un lugar ardiente, cuyas bisagras y aldabas se torcían de calor, para convertirse en una ciudad invernal.",21
garciamarquez_cienanosdesoledad_0051,Gabriel Garcia Marquez,Colombia,Cien anos de soledad,"Por aquel tiempo iba a la casa una mujer alegre, deslenguada, provocativa, que ayudaba en los oficios domésticos y sabía leer el porvenir en la baraja.",26
garciamarquez_cienanosdesoledad_0052,Gabriel Garcia Marquez,Colombia,Cien anos de soledad,"Quería estar con ella en todo momento, quería que ella fuera su madre, que nunca salieran del granero y que le dijera qué bárbaro, y que lo volviera a tocar y a decirle qué bárbaro.",35
garciamarquez_cienanosdesoledad_0053,Gabriel Garcia Marquez,Colombia,Cien anos de soledad,"La encontraba distinta, enteramente ajena a la imagen que inspiraba su olor, como si fuera otra.",16
garciamarquez_cienanosdesoledad_0054,Gabriel Garcia Marquez,Colombia,Cien anos de soledad,"Entonces lo tocó con tanta libertad que él sufrió una desilusión después del estremecimiento inicial, y experimentó más miedo que placer.",21
garciamarquez_cienanosdesoledad_0055,Gabriel Garcia Marquez,Colombia,Cien anos de soledad,"Permaneció inmóvil un largo rato, preguntándose asombrado cómo había hecho para llegar a ese abismo de desamparo, cuando una mano con todos los dedos extendidos, que tanteaba en las tinieblas, le tropezó la cara.",34
garciamarquez_cienanosdesoledad_0056,Gabriel Garcia Marquez,Colombia,Cien anos de soledad,"Esta conversación, el rencor mordiente que sentía contra su padre, y la inminente posibilidad del amor desaforado, le inspiraron una serena valentía.",22
garciamarquez_cienanosdesoledad_0057,Gabriel Garcia Marquez,Colombia,Cien anos de soledad,"De un modo espontáneo, sin ninguna preparación, le contó todo a su hermano.",13
garciamarquez_cienanosdesoledad_0058,Gabriel Garcia Marquez,Colombia,Cien anos de soledad,"Al principio el pequeño Aureliano sólo comprendía el riesgo, la inmensa posibilidad de peligro que implicaban las aventuras de su hermano, pero no lograba concebir la fascinación del objetivo.",29
garciamarquez_cienanosdesoledad_0059,Gabriel Garcia Marquez,Colombia,Cien anos de soledad,"Era liviana y acuosa como una lagartija, pero todas sus partes eran humanas, Aureliano no se dio cuenta de la novedad sino cuando sintió la casa llena de gente.",29
garciamarquez_cienanosdesoledad_0060,Gabriel Garcia Marquez,Colombia,Cien anos de soledad,"Estuvo rondando la casa varias horas, silbando claves privadas, hasta que la proximidad del alba lo obligó a regresar.",19
garciamarquez_cienanosdesoledad_0061,Gabriel Garcia Marquez,Colombia,Cien anos de soledad,"A diferencia de la tribu de Melquíades, habían demostrado en poco tiempo que no eran heraldos del progreso, sino mercachifles de diversiones.",22
garciamarquez_cienanosdesoledad_0062,Gabriel Garcia Marquez,Colombia,Cien anos de soledad,"Pero no la ofrecieron como un aporte fundamental al desarrollo del transporte, como un objeto de recreo.",17
garciamarquez_cienanosdesoledad_0063,Gabriel Garcia Marquez,Colombia,Cien anos de soledad,"Amparados por la deliciosa impunidad del desorden colectivo, José Arcadio y Pilar vivieron horas de desahogo.",16
garciamarquez_cienanosdesoledad_0064,Gabriel Garcia Marquez,Colombia,Cien anos de soledad,"Fueron dos novios dichosos entre la muchedumbre, y hasta llegaron a sospechar que el amor podía ser un sentimiento más reposado y profundo que la felicidad de-saforada pero momentánea de sus noches secretas.",33
garciamarquez_cienanosdesoledad_0065,Gabriel Garcia Marquez,Colombia,Cien anos de soledad,"Aureliano, por supuesto, comprendió que la aflicción del hermano no tenía origen en la búsqueda de la piedra filosofal, pero no consiguió arrancarle una confidencia.",25
garciamarquez_cienanosdesoledad_0066,Gabriel Garcia Marquez,Colombia,Cien anos de soledad,Estaba entre la multitud que presenciaba el triste espectáculo del hombre que se convirtió en víbora por desobedecer a sus padres.,21
garciamarquez_cienanosdesoledad_0067,Gabriel Garcia Marquez,Colombia,Cien anos de soledad,En ese instante dos gitanos metieron al hombre-víbora en su jaula y la llevaron al interior de la tienda.,19
garciamarquez_cienanosdesoledad_0068,Gabriel Garcia Marquez,Colombia,Cien anos de soledad,"Sin proponérselo, la mujer miró a José Arcadio y examinó con una especie de fervor patético su magnifico animal en reposo.",21
garciamarquez_cienanosdesoledad_0069,Gabriel Garcia Marquez,Colombia,Cien anos de soledad,"La compañera de José Arcadio les pidió que los dejaran tranquilos, y la pareja se acostó en el suelo, muy cerca de la cama.",24
garciamarquez_cienanosdesoledad_0070,Gabriel Garcia Marquez,Colombia,Cien anos de soledad,"En pocas horas reunió un grupo de hombres bien equipados, puso a Amaranta en manos de una mujer que se ofreció para amamantaría, y se perdió por senderos invisibles en pos de Úrsula.",33
garciamarquez_cienanosdesoledad_0071,Gabriel Garcia Marquez,Colombia,Cien anos de soledad,"Unos pescadores indígenas, cuya lengua desconocían, les indicaron por señas al amanecer que no habían visto pasar a nadie.",19
garciamarquez_cienanosdesoledad_0072,Gabriel Garcia Marquez,Colombia,Cien anos de soledad,"Durante varias semanas, José Arcadio Buendía se dejó vencer por la consternación.",12
garciamarquez_cienanosdesoledad_0073,Gabriel Garcia Marquez,Colombia,Cien anos de soledad,"Aureliano, cuya misteriosa intuición se había sensibilizado en la desdicha, experimentó un fulgor de clarividencia al verla entrar.",18
garciamarquez_cienanosdesoledad_0074,Gabriel Garcia Marquez,Colombia,Cien anos de soledad,El tiempo puso las cosas en su puesto.,8
garciamarquez_cienanosdesoledad_0075,Gabriel Garcia Marquez,Colombia,Cien anos de soledad,"En cierta ocasión, meses después de la partida de Úrsula, em-pezaron a suceder cosas extrañas.",15
garciamarquez_cienanosdesoledad_0076,Gabriel Garcia Marquez,Colombia,Cien anos de soledad,Un frasco vacío que durante mucho tiempo estuvo olvidado en un armario se hizo tan pesado que fue imposible moverlo.,20
garciamarquez_cienanosdesoledad_0077,Gabriel Garcia Marquez,Colombia,Cien anos de soledad,"Traían mulas cargadas de cosas de comer, carretas de bueyes con muebles y utensilios domésticos, puros y simples accesorios terrestres puestos en venta sin aspavientos por los mercachifles de la realidad cotidiana.",32
garciamarquez_cienanosdesoledad_0078,Gabriel Garcia Marquez,Colombia,Cien anos de soledad,"Había por aquella época tanta actividad en el pueblo y tantos trajines en la casa, que el cuidado de los niños quedó relegado a un nivel secundario.",27
garciamarquez_cienanosdesoledad_0079,Gabriel Garcia Marquez,Colombia,Cien anos de soledad,"Se los encomendaron a Visitación, una india guajira que llegó al pueblo con un hermano, huyendo de una peste de insomnio que flagelaba a su tribu desde hacía varios años.",30
garciamarquez_cienanosdesoledad_0080,Gabriel Garcia Marquez,Colombia,Cien anos de soledad,"Pero la tribu de Melquíades, según contaron los trotamundos, había sido borrada de la faz de la tierra por haber sobrepasado los limites del conocimiento humano.",26
garciamarquez_cienanosdesoledad_0081,Gabriel Garcia Marquez,Colombia,Cien anos de soledad,"Fue también José Arcadio Buendía quien decidió por esos años que en las calles del pueblo se sembraran almendros en vez de acacias, y quien descubrió sin revelarlos nunca las métodos para hacerlos eternos.",34
garciamarquez_cienanosdesoledad_0082,Gabriel Garcia Marquez,Colombia,Cien anos de soledad,"La adolescencia le había quitada la dulzura de la voz y la había vuelta silencioso y definitivamente solitario, pero en cambio le había restituido la expresión intensa que tuvo en los ajos al nacer.",34
garciamarquez_cienanosdesoledad_0083,Gabriel Garcia Marquez,Colombia,Cien anos de soledad,Estaba tan concentrado en sus experimentos de platería que apenas si abandonaba el laboratorio para comer.,16
garciamarquez_cienanosdesoledad_0084,Gabriel Garcia Marquez,Colombia,Cien anos de soledad,"Sin embargo, por encima de toda lógica, Aureliano estaba seguro de su presagio.",13
garciamarquez_cienanosdesoledad_0085,Gabriel Garcia Marquez,Colombia,Cien anos de soledad,A través de la niña fue imposible obtener ninguna información complementaria.,11
garciamarquez_cienanosdesoledad_0086,Gabriel Garcia Marquez,Colombia,Cien anos de soledad,"Nada le llamaba la atención, salvo la música de los relojes, que cada media hora buscaba con ajos asustados, como si esperara encontrarla en algún lugar del aire.",28
garciamarquez_cienanosdesoledad_0087,Gabriel Garcia Marquez,Colombia,Cien anos de soledad,"Ponía jugo de naranja con ruibarbo en una cazuela que dejaba al serena toda la noche, y le daba la pócima al día siguiente en ayunas.",26
garciamarquez_cienanosdesoledad_0088,Gabriel Garcia Marquez,Colombia,Cien anos de soledad,"Se incorporó alarmada, creyendo que había entrada un animal en el cuarto, y entonces vio a Rebeca en el mecedor, chupándose el dedo y con los ojos alumbrados como los de un gato en la oscuridad.",36
garciamarquez_cienanosdesoledad_0089,Gabriel Garcia Marquez,Colombia,Cien anos de soledad,Lo acompañaba una mujer de manas delicadas que separó una rosa y se la puso a la niña en el pelo.,21
garciamarquez_cienanosdesoledad_0090,Gabriel Garcia Marquez,Colombia,Cien anos de soledad,"Mientras tanto, por un descuido que José Arcadio Buendía no se perdonó jamás, los animalitos de caramelo fabricados en la casa seguían siendo vendidos en el pueblo.",27
garciamarquez_cienanosdesoledad_0091,Gabriel Garcia Marquez,Colombia,Cien anos de soledad,"Fue al corral y marcó los animales y las plantas: vaca, chivo, puerca, gallina, yuca, malanga, guineo.",17
garciamarquez_cienanosdesoledad_0092,Gabriel Garcia Marquez,Colombia,Cien anos de soledad,"Pilar Ternera fue quien más contribuyó a popularizar esa mistificación, cuando concibió el artificio de leer el pasado en las barajas como antes había leído el futuro.",27
garciamarquez_cienanosdesoledad_0093,Gabriel Garcia Marquez,Colombia,Cien anos de soledad,"Lo saludó con amplias muestras de afecto, temiendo haberla conocido en otro tiempo y ahora no recordarlo.",17
garciamarquez_cienanosdesoledad_0094,Gabriel Garcia Marquez,Colombia,Cien anos de soledad,"Había estado en la muerte, en efecto, pero había regresada porque no pudo soportar la soledad.",16
garciamarquez_cienanosdesoledad_0095,Gabriel Garcia Marquez,Colombia,Cien anos de soledad,José Arcadio Buendía no había oído hablar nunca de ese invento.,11
garciamarquez_cienanosdesoledad_0096,Gabriel Garcia Marquez,Colombia,Cien anos de soledad,"Pero cuando se vio a sí mismo y a toda su familia plasmadas en una edad eterna sobre una lámina de metal tornasol, se quedó mudo de estupor.",28
garciamarquez_cienanosdesoledad_0097,Gabriel Garcia Marquez,Colombia,Cien anos de soledad,Tenía la misma languidez y la misma mirada clarividente que había de tener años más tarde frente al pelotón de fusilamiento.,21
garciamarquez_cienanosdesoledad_0098,Gabriel Garcia Marquez,Colombia,Cien anos de soledad,"Era un orfebre experto, estimado en toda la ciénaga por el preciosismo de su trabajo.",15
garciamarquez_cienanosdesoledad_0099,Gabriel Garcia Marquez,Colombia,Cien anos de soledad,"Encontró a Francisco el Hombre, como un camaleón monolítico, sentado en medio de un círculo de curiosas.",17
garciamarquez_cienanosdesoledad_0100,Gabriel Garcia Marquez,Colombia,Cien anos de soledad,Aureliano echó una moneda en la alcancía que la matrona tenía en las piernas y entró en el cuarto sin saber para qué.,23
garciamarquez_cienanosdesoledad_0101,Gabriel Garcia Marquez,Colombia,Cien anos de soledad,"Antes de Aureliano, esa noche, sesenta y tres hombres habían pasado por el cuarto.",14
garciamarquez_cienanosdesoledad_0102,Gabriel Garcia Marquez,Colombia,Cien anos de soledad,"De tanto ser usado, y amasado en sudores y suspiros, el aire de la habitación empezaba a convertirse en lodo.",20
garciamarquez_cienanosdesoledad_0103,Gabriel Garcia Marquez,Colombia,Cien anos de soledad,"Conocía la mecánica teórica del amar, pero no podía tenerse en pie a causa del desaliento de sus rodillas, y aunque tenía la piel erizada y ardiente no podía resistir a la urgencia de expulsar el peso de las tripas.",40
garciamarquez_cienanosdesoledad_0104,Gabriel Garcia Marquez,Colombia,Cien anos de soledad,"Cuando la muchacha acabó de arreglar la cama y le ordenó que se desvistiera, él le hizo una explicación atolondrada: «Me hicieron entrar.",23
garciamarquez_cienanosdesoledad_0105,Gabriel Garcia Marquez,Colombia,Cien anos de soledad,"A pesar de los esfuerzas de la muchacha, él se sintió cada vez más indiferente, y terriblemente sola.",18
garciamarquez_cienanosdesoledad_0106,Gabriel Garcia Marquez,Colombia,Cien anos de soledad,Tenía el pellejo pegado a las costillas y la respiración alterada por un agotamiento insondable.,15
garciamarquez_cienanosdesoledad_0107,Gabriel Garcia Marquez,Colombia,Cien anos de soledad,"Esa noche no pudo dormir pensando en la muchacha, con una mezcla de deseo y conmiseración.",16
garciamarquez_cienanosdesoledad_0108,Gabriel Garcia Marquez,Colombia,Cien anos de soledad,Sentía una necesidad irresistible de amarla y protegerla.,8
garciamarquez_cienanosdesoledad_0109,Gabriel Garcia Marquez,Colombia,Cien anos de soledad,"Sería una ciudad luminosa, con grandes casas de vidrio, donde no quedaba ningún rastro de la estirpe de las Buendía.",20
garciamarquez_cienanosdesoledad_0110,Gabriel Garcia Marquez,Colombia,Cien anos de soledad,"Apenas se habían quitado el luto de la abuela, que guardaron con inflexible rigor durante tres años, y la ropa de color parecía haberles dado un nuevo lugar en el mundo.",31
garciamarquez_cienanosdesoledad_0111,Gabriel Garcia Marquez,Colombia,Cien anos de soledad,"Tenía un cutis diáfano, unos ojos grandes y reposados, y unas manos mágicas que parecían elaborar con hilos invisibles la trama del bordado.",23
garciamarquez_cienanosdesoledad_0112,Gabriel Garcia Marquez,Colombia,Cien anos de soledad,"José Arcadio Buendía, tratando de sorprender a la Divina Providencia en medio del cataclismo, fue quien menos lo entendió.",19
garciamarquez_cienanosdesoledad_0113,Gabriel Garcia Marquez,Colombia,Cien anos de soledad,Su primera disposición fue ordenar que todas las casas se pintaran de azul para celebrar el aniversario de la independencia nacional.,21
garciamarquez_cienanosdesoledad_0114,Gabriel Garcia Marquez,Colombia,Cien anos de soledad,"José Arcadio Buendía, con la copia de la orden en la mano, lo encontró durmiendo la siesta en una hamaca que había colgada en el escueto despacho.",27
garciamarquez_cienanosdesoledad_0115,Gabriel Garcia Marquez,Colombia,Cien anos de soledad,Porque mi casa ha de ser blanca como una paloma.,10
garciamarquez_cienanosdesoledad_0116,Gabriel Garcia Marquez,Colombia,Cien anos de soledad,José Arcadio Buendía no supo en qué momento se le subió a las manos la fuerza juvenil con que derribaba un caballo.,22
garciamarquez_cienanosdesoledad_0117,Gabriel Garcia Marquez,Colombia,Cien anos de soledad,"Ya para entonces había empezado a cultivar el bigote negro de puntas engomadas, y tenía la voz un poco estentórea que había de caracterizarlo en la guerra.",27
garciamarquez_cienanosdesoledad_0118,Gabriel Garcia Marquez,Colombia,Cien anos de soledad,La segunda: que los soldados se van en seguida.,9
garciamarquez_cienanosdesoledad_0119,Gabriel Garcia Marquez,Colombia,Cien anos de soledad,"La casa nueva, blanca como una paloma, fue estrenada con un baile.",12
garciamarquez_cienanosdesoledad_0120,Gabriel Garcia Marquez,Colombia,Cien anos de soledad,"Empapado en sudar, guardando una distancia reverente con los dueños de la casa, estuvo varias semanas encerrado en la sala, con una consagración similar a la de Aureliano en su taller de orfebre.",33
garciamarquez_cienanosdesoledad_0121,Gabriel Garcia Marquez,Colombia,Cien anos de soledad,"Les indicaba los pasos sin tocarlas, marcando el compás con un metrónomo, baja la amable vigilancia de Úrsula, que no abandonó la sala un solo instante mientras sus hijas recibían las lecciones.",32
garciamarquez_cienanosdesoledad_0122,Gabriel Garcia Marquez,Colombia,Cien anos de soledad,"Pero la exhibición fue interrumpida porque Pilar Ternera, que estaba en la puerta con los curiosos, se peleó a mordiscos y tirones de pelo con una mujer que se atrevió a comentar que el joven Arcadio tenía nalgas de mujer.",40
garciamarquez_cienanosdesoledad_0123,Gabriel Garcia Marquez,Colombia,Cien anos de soledad,"Hacia la medianoche, Pietro Grespi se despidió con un discursito sentimental y prometió volver muy pronto.",16
garciamarquez_cienanosdesoledad_0124,Gabriel Garcia Marquez,Colombia,Cien anos de soledad,"Era una adolescente espléndida, de huesos largos y firmes, pero se empecinaba en seguir usando el mecedorcito de madera con que llegó a la casa, muchas veces reforzado y ya desprovisto de brazos.",33
garciamarquez_cienanosdesoledad_0125,Gabriel Garcia Marquez,Colombia,Cien anos de soledad,"Pero insistió, vencida por el ansia creciente, y poco a poco fue rescatando el apetito ancestral, el gusto de los minerales primarios, la satisfacción sin resquicios del alimento original.",29
garciamarquez_cienanosdesoledad_0126,Gabriel Garcia Marquez,Colombia,Cien anos de soledad,La repentina amistad de Amparo Moscote y Rebeca Buendía despertó las esperanzas de Aureliano.,14
garciamarquez_cienanosdesoledad_0127,Gabriel Garcia Marquez,Colombia,Cien anos de soledad,"Poco después, en efecto, oyó la vocecita infantil, y al levantar la vista con el corazón helado de pavor, vio a la niña en la puerta con vestido de organdí rosado y botitas blancas.",34
garciamarquez_cienanosdesoledad_0128,Gabriel Garcia Marquez,Colombia,Cien anos de soledad,"La llamó muchas veces, en desesperados esfuerzos de concentración, pero Remedios no respondió.",13
garciamarquez_cienanosdesoledad_0129,Gabriel Garcia Marquez,Colombia,Cien anos de soledad,"La buscó en el taller de sus hermanas, en los visillos de su casa, en la oficina de su padre, pero solamente la encontró en la imagen que saturaba su propia y terrible soledad.",34
garciamarquez_cienanosdesoledad_0130,Gabriel Garcia Marquez,Colombia,Cien anos de soledad,Ella los escuchaba porque era la música con que Pietro Crespi la había enseñado a bailar.,16
garciamarquez_cienanosdesoledad_0131,Gabriel Garcia Marquez,Colombia,Cien anos de soledad,"Se hundió en un estado de postración febril, perdió la conciencia, y su corazón se abrió en un delirio sin pudor.",21
garciamarquez_cienanosdesoledad_0132,Gabriel Garcia Marquez,Colombia,Cien anos de soledad,El establecimiento había sido ensanchado con una galería de cuartos de madera donde vivían mujeres solas olorosas a flores muertas.,20
garciamarquez_cienanosdesoledad_0133,Gabriel Garcia Marquez,Colombia,Cien anos de soledad,"Un conjunto de acordeón y tambores ejecutaba las canciones de Francisco el Hombre, que desde hacía varios años había desaparecido de Macondo.",22
garciamarquez_cienanosdesoledad_0134,Gabriel Garcia Marquez,Colombia,Cien anos de soledad,No supo en qué momento empezó a flotar.,8
garciamarquez_cienanosdesoledad_0135,Gabriel Garcia Marquez,Colombia,Cien anos de soledad,"Le limpió la cara con un estropajo húmedo, le quitó la ropa, y luego se desnudó por completo y bajó el mosquitero para que no la vieran sus hijos si despertaban.",31
garciamarquez_cienanosdesoledad_0136,Gabriel Garcia Marquez,Colombia,Cien anos de soledad,"Buscó a Aureliano en la oscuridad, le puso la mano en el vientre y lo besó en el cuello con una ternura maternal.",23
garciamarquez_cienanosdesoledad_0137,Gabriel Garcia Marquez,Colombia,Cien anos de soledad,"Por último, en otro instante de inspiración, forzó la cerradura del baúl y encontró las cartas atadas con cintas de color de rosa, hinchadas de azucenas frescas y todavía húmedas de lágrimas, dirigidas y nunca enviadas a Pietro Crespi.",39
garciamarquez_cienanosdesoledad_0138,Gabriel Garcia Marquez,Colombia,Cien anos de soledad,"Fue inútil la intervención de José Arcadio Buendía, que había rectificado su primera impresión sobre Pietro Crespi, y admiraba su habilidad para el manejo de las máquinas musicales.",28
garciamarquez_cienanosdesoledad_0139,Gabriel Garcia Marquez,Colombia,Cien anos de soledad,"Convocados a la sala de visita para una entrevista formal, José Arcadio Buendía y Úrsula escucharon impávidos la declaración de su hijo.",22
garciamarquez_cienanosdesoledad_0140,Gabriel Garcia Marquez,Colombia,Cien anos de soledad,"Al conocer el nombre de la novia, sin embargo, José Arcadio Buendía enrojeció de indignación.",15
garciamarquez_cienanosdesoledad_0141,Gabriel Garcia Marquez,Colombia,Cien anos de soledad,"Vencido por el entusiasmo de su mujer, José Arcadio Buendía puso entonces una condición: Rebeca, que era la correspondida, se casaría con Pietro Crespi.",24
garciamarquez_cienanosdesoledad_0142,Gabriel Garcia Marquez,Colombia,Cien anos de soledad,"Amaranta fingió aceptar la decisión y poco a poco se restableció de las calenturas, pero se prometió a sí misma que Rebeca se casaría solamente pasando por encima de su cadáver.",31
garciamarquez_cienanosdesoledad_0143,Gabriel Garcia Marquez,Colombia,Cien anos de soledad,"José Arcadio Buendía, comprendiendo el desconcierto de los Moscote, fue a aclarar las cosas con Aureliano.",16
garciamarquez_cienanosdesoledad_0144,Gabriel Garcia Marquez,Colombia,Cien anos de soledad,"Cuando regresó, los esposos Moscote se habían vestido con ropa formal, habían cambiado la posición de los muebles y puesto flores nuevas en los floreros, y lo esperaban en compañía de sus hijas mayores.",34
garciamarquez_cienanosdesoledad_0145,Gabriel Garcia Marquez,Colombia,Cien anos de soledad,"Al principio, José Arcadio Buendía lo secundaba en sus tareas, entusiasmado con la novedad de la daguerrotipia y las predicciones de Nostradamus.",22
garciamarquez_cienanosdesoledad_0146,Gabriel Garcia Marquez,Colombia,Cien anos de soledad,"Aureliano terminó por olvidarse de él, absorto en la redacción de sus versos, pero en cierta ocasión creyó entender algo de lo que decía en sus bordoneantes monólogos, y le prestó atención.",32
garciamarquez_cienanosdesoledad_0147,Gabriel Garcia Marquez,Colombia,Cien anos de soledad,"Fue el primer entierro y el más concurrido que se vio en el pueblo, superado apenas un siglo después por el carnaval funerario de la Mamá Grande.",27
garciamarquez_cienanosdesoledad_0148,Gabriel Garcia Marquez,Colombia,Cien anos de soledad,"Aureliano, por su parte, había descuidado el taller para enseñar a leer y escribir a la pequeña Remedios.",18
garciamarquez_cienanosdesoledad_0149,Gabriel Garcia Marquez,Colombia,Cien anos de soledad,Perforaron el muro y allí estaban los huesos en el talego intacto.,12
garciamarquez_cienanosdesoledad_0150,Gabriel Garcia Marquez,Colombia,Cien anos de soledad,"La resolana de su piel, su alar a humo, el desorden de su risa en el cuarto oscuro, perturbaban su atención y la hacían tropezar con las cosas.",28
garciamarquez_cienanosdesoledad_0151,Gabriel Garcia Marquez,Colombia,Cien anos de soledad,Aquel hallazgo lo excitó mucho más que cualquiera de sus empresas descabelladas.,12
garciamarquez_cienanosdesoledad_0152,Gabriel Garcia Marquez,Colombia,Cien anos de soledad,"Pasaba las noches dando vueltas en el cuarto, pensando en voz alta, buscando la manera de aplicar los principios del péndulo a las carretas de bueyes, a las rejas del arado, a toda la que fuera útil puesto en movimiento.",40
garciamarquez_cienanosdesoledad_0153,Gabriel Garcia Marquez,Colombia,Cien anos de soledad,"Lo fatigó tanto la fiebre del insomnio, que una madrugada no pudo reconocer al anciano de cabeza blanca y ademanes inciertos que entró en su dormitorio.",26
garciamarquez_cienanosdesoledad_0154,Gabriel Garcia Marquez,Colombia,Cien anos de soledad,"El viernes, antes de que se levantara nadie, volvió a vigilar la apariencia de la naturaleza, hasta que no tuvo la menor duda de que seguía siendo lunes.",28
garciamarquez_cienanosdesoledad_0155,Gabriel Garcia Marquez,Colombia,Cien anos de soledad,"Se necesitaron diez hombres para tumbaría, catorce para amarraría, veinte para arrastrarlo hasta el castaño del patio, donde la dejaron atado, ladrando en lengua extraña y echando espumarajos verdes por la baca.",32
garciamarquez_cienanosdesoledad_0156,Gabriel Garcia Marquez,Colombia,Cien anos de soledad,"Tenía la piel triste, casi en los puros huesos, y el vientre pronunciado y redondo y una expresión de ángel viejo que era más de inocencia que de bondad.",29
garciamarquez_cienanosdesoledad_0157,Gabriel Garcia Marquez,Colombia,Cien anos de soledad,"Improvisó un altar en la plaza y el domingo recorrió el pueblo con una campanita, como en los tiempos del insomnio, convocando a la misa campal.",26
garciamarquez_cienanosdesoledad_0158,Gabriel Garcia Marquez,Colombia,Cien anos de soledad,"Nadie puso en duda el origen divino de la demostración, salvo José Arcadio Buendía, que observó sin inmutarse el tropel de gente que una mañana se reunió en torno al castaño para asistir una vez más a la revelación.",39
garciamarquez_cienanosdesoledad_0159,Gabriel Garcia Marquez,Colombia,Cien anos de soledad,El padre Nicanor levantó la mano y las cuatro patas de la silla se posaron en tierra al mismo tiempo.,20
garciamarquez_cienanosdesoledad_0160,Gabriel Garcia Marquez,Colombia,Cien anos de soledad,"Era tan terco, que el padre Nicanor renunció a sus propósitos de evangelización y siguió visitándolo por sentimientos humanitarios.",19
garciamarquez_cienanosdesoledad_0161,Gabriel Garcia Marquez,Colombia,Cien anos de soledad,"El padre Nicanor, que jamás había visto de ese modo el juego de damas, no pudo volverlo a jugar.",19
garciamarquez_cienanosdesoledad_0162,Gabriel Garcia Marquez,Colombia,Cien anos de soledad,"Pietro Crespi, sin embargo, no era hombre de aventuras.",9
garciamarquez_cienanosdesoledad_0163,Gabriel Garcia Marquez,Colombia,Cien anos de soledad,Lo hizo cuando faltaban menos de dos meses para la terminación del templo.,13
garciamarquez_cienanosdesoledad_0164,Gabriel Garcia Marquez,Colombia,Cien anos de soledad,"Pero Rebeca estaba tan impaciente ante la proximidad de la boda, que quiso preparar el vestido con más anticipación de lo que había previsto Amaranta.",25
garciamarquez_cienanosdesoledad_0165,Gabriel Garcia Marquez,Colombia,Cien anos de soledad,"Faltaba menos de un mes para la boda, pero Amparo Moscote se comprometió a coser un nuevo vestido en una semana.",21
garciamarquez_cienanosdesoledad_0166,Gabriel Garcia Marquez,Colombia,Cien anos de soledad,Perdió la voz y un hilo de sudor helado descendió por el cauce de su espina dorsal.,17
garciamarquez_cienanosdesoledad_0167,Gabriel Garcia Marquez,Colombia,Cien anos de soledad,Remedios había llevado a la casa un soplo de alegría.,10
garciamarquez_cienanosdesoledad_0168,Gabriel Garcia Marquez,Colombia,Cien anos de soledad,Logró por medio de la persuasión que la mayoría de las casas fueran pintadas de azul para la fiesta de la independencia nacional.,23
garciamarquez_cienanosdesoledad_0169,Gabriel Garcia Marquez,Colombia,Cien anos de soledad,"Tenía el cuero curtido por la sal de la intemperie, el pelo corto y parado como las crines de un mulo, las mandíbulas férreas y la mirada triste.",28
garciamarquez_cienanosdesoledad_0170,Gabriel Garcia Marquez,Colombia,Cien anos de soledad,"Fue directamente a la cocina, y allí se paró por primera vez en el término de un viaje que había empezado al otro lado del mundo.",26
garciamarquez_cienanosdesoledad_0171,Gabriel Garcia Marquez,Colombia,Cien anos de soledad,"Úrsula se quedó una fracción de segundo con la boca abierta, lo miró a los ojos, lanzó un grito y saltó a su cuello gritando y llorando de alegría.",29
garciamarquez_cienanosdesoledad_0172,Gabriel Garcia Marquez,Colombia,Cien anos de soledad,"Cuando despertó, y después de tomarse dieciséis huevos crudos, salió directamente hacia la tienda de Catarino, donde su corpulencia monumental provocó un pánico de curiosidad entre las mujeres.",28
garciamarquez_cienanosdesoledad_0173,Gabriel Garcia Marquez,Colombia,Cien anos de soledad,"En el calor de la fiesta exhibió sobre el mostrador su masculinidad inverosímil, enteramente tatuada con una maraña azul y roja de letreros en varios idiomas.",26
garciamarquez_cienanosdesoledad_0174,Gabriel Garcia Marquez,Colombia,Cien anos de soledad,"Cuando sólo faltaban por sacar dos papeletas, se estableció a quiénes correspondían.",12
garciamarquez_cienanosdesoledad_0175,Gabriel Garcia Marquez,Colombia,Cien anos de soledad,Dormía todo el día y pasaba la noche en el barrio de tolerancia haciendo suertes de fuerza.,17
garciamarquez_cienanosdesoledad_0176,Gabriel Garcia Marquez,Colombia,Cien anos de soledad,"En un mediodía radiante del Golfo de Bengala su barco había vencido un dragón de mar en cuyo vientre encontraron el casco, las hebillas y las armas de un cruzado.",30
garciamarquez_cienanosdesoledad_0177,Gabriel Garcia Marquez,Colombia,Cien anos de soledad,"Úrsula lloraba en la mesa como si estuviera leyendo las cartas que nunca llegaron, en las cuales relataba José Arcadio sus hazañas y desventuras.",24
garciamarquez_cienanosdesoledad_0178,Gabriel Garcia Marquez,Colombia,Cien anos de soledad,Algo similar le ocurría al resto de la familia.,9
garciamarquez_cienanosdesoledad_0179,Gabriel Garcia Marquez,Colombia,Cien anos de soledad,"Pasó noches en vela tiritando de fiebre, luchando contra el delirio, esperando, hasta que la casa trepidaba con el regreso de José Arcadio al amanecer.",25
garciamarquez_cienanosdesoledad_0180,Gabriel Garcia Marquez,Colombia,Cien anos de soledad,"Adivinaba sus gustos, le arrancaba los hilos descosidos en los puños de la camisa, y bordó una docena de pañuelos con sus iniciales para el día de su cumpleaños.",29
garciamarquez_cienanosdesoledad_0181,Gabriel Garcia Marquez,Colombia,Cien anos de soledad,"Un martes, cuando nadie dudaba de que tarde o temprano tenía que ocurrir, Pietro Crespi le pidió que se casara con él.",22
garciamarquez_cienanosdesoledad_0182,Gabriel Garcia Marquez,Colombia,Cien anos de soledad,"A pesar del aprecio que le tenía a Pietro Crespi, no lograba establecer si su decisión era buena o mala desde el punto de vista moral, después del prolongado y ruidoso noviazgo con Rebeca.",34
garciamarquez_cienanosdesoledad_0183,Gabriel Garcia Marquez,Colombia,Cien anos de soledad,"A las cuatro de la tarde, un repique de redoblante en la plaza anunció el término de la jornada, y don Apolinar Moscote selló la urna con una etiqueta cruzada con su firma.",33
garciamarquez_cienanosdesoledad_0184,Gabriel Garcia Marquez,Colombia,Cien anos de soledad,"Había casi tantas papeletas rojas como azules, pero el sargento sólo dejó diez rojas y completó la diferencia con azules.",20
garciamarquez_cienanosdesoledad_0185,Gabriel Garcia Marquez,Colombia,Cien anos de soledad,Se dejan algunas rojas para que no haya reclamos.,9
garciamarquez_cienanosdesoledad_0186,Gabriel Garcia Marquez,Colombia,Cien anos de soledad,"No hizo ningún comentario, pero cierta noche en que Gerineldo Márquez y Magnífico Visbal hablaban con otros amigos del incidente de los cuchillos, le preguntaron si era liberal o conservador.",30
garciamarquez_cienanosdesoledad_0187,Gabriel Garcia Marquez,Colombia,Cien anos de soledad,Ni siquiera sabía cuál era el sentido de la patraña.,10
garciamarquez_cienanosdesoledad_0188,Gabriel Garcia Marquez,Colombia,Cien anos de soledad,Detrás de su inocente fachada de médico sin prestigio se escondía un terrorista que tapaba con unas cáligas de media pierna las cicatrices que dejaron en sus tobillos cinco años de cepo.,32
garciamarquez_cienanosdesoledad_0189,Gabriel Garcia Marquez,Colombia,Cien anos de soledad,En el estrecho cuartito atiborrado de frascos vacíos que alquiló a un lado de la plaza vivió varios años de los enfermos sin esperanzas que después de haber probado todo se consolaban con glóbulos de azúcar.,36
garciamarquez_cienanosdesoledad_0190,Gabriel Garcia Marquez,Colombia,Cien anos de soledad,"Se sabía, además, que había votado azul por indicación del suegro.",11
garciamarquez_cienanosdesoledad_0191,Gabriel Garcia Marquez,Colombia,Cien anos de soledad,En el cuchitril oloroso a telaraña alcanforada se encontró con una especie de iguana polvorienta cuyos pulmones silbaban al respirar.,20
garciamarquez_cienanosdesoledad_0192,Gabriel Garcia Marquez,Colombia,Cien anos de soledad,La ley marcial imperaba en todo el país.,8
garciamarquez_cienanosdesoledad_0193,Gabriel Garcia Marquez,Colombia,Cien anos de soledad,La exaltación liberal se apagó en un terror silencioso.,9
garciamarquez_cienanosdesoledad_0194,Gabriel Garcia Marquez,Colombia,Cien anos de soledad,"Se fueron al amanecer, aclamados por la población liberada del terror, para unirse a las fuerzas del general revolucionario Victorio Medina, que según las últimas noticias andaba por el rumbo de Manaure.",32
garciamarquez_cienanosdesoledad_0195,Gabriel Garcia Marquez,Colombia,Cien anos de soledad,Declinó la pensión vitalicia que le ofrecieron después de la guerra y vivió hasta la vejez de los pescaditos de oro que fabricaba en su taller de Macondo.,28
garciamarquez_cienanosdesoledad_0196,Gabriel Garcia Marquez,Colombia,Cien anos de soledad,"Emplazó las dos piezas de artillería a la entrada del pueblo, uniformó a sus antiguos alumnos, exacerbados por sus proclamas incendiarias, y los dejó vagar armados por las calles para dar a los forasteros una impresión de invulnerabilidad.",38
garciamarquez_cienanosdesoledad_0197,Gabriel Garcia Marquez,Colombia,Cien anos de soledad,"Para que nadie pusiera en duda la severidad de sus propósitos, mandó que un pelotón de fusilamiento se entrenara en la plaza pública disparando contra un espantapájaros.",27
garciamarquez_cienanosdesoledad_0198,Gabriel Garcia Marquez,Colombia,Cien anos de soledad,Cuando Aureliano lo sepa te va a fusilar a ti y yo seré la primera en alegrarme.,17
garciamarquez_cienanosdesoledad_0199,Gabriel Garcia Marquez,Colombia,Cien anos de soledad,"Cuando Úrsula irrumpió en el patio del cuartel, después de haber atravesado el pueblo clamando de vergüenza y blandiendo de rabia un rebenque alquitranado, el propio Arcadio se disponía a dar la orden de fuego al pelotón de fusilamiento.",39
garciamarquez_cienanosdesoledad_0200,Gabriel Garcia Marquez,Colombia,Cien anos de soledad,Al comienzo de su locura anunciaba con latinajos apremiantes sus urgencias cotidianas.,12
garciamarquez_cienanosdesoledad_0201,Gabriel Garcia Marquez,Colombia,Cien anos de soledad,"Ante la inminencia de la boda, el propio Pietro Crespi había insinuado que Aureliano José, en quien fomentó un cariño casi paternal, fuera considerado como su hijo mayor.",28
garciamarquez_cienanosdesoledad_0202,Gabriel Garcia Marquez,Colombia,Cien anos de soledad,"Si en verdad me quieres tanto, no vuelvas a pisar esta casa.",12
garciamarquez_cienanosdesoledad_0203,Gabriel Garcia Marquez,Colombia,Cien anos de soledad,"Lloró toda una tarde en el regazo de Úrsula, que hubiera vendido el alma por consolarlo.",16
garciamarquez_cienanosdesoledad_0204,Gabriel Garcia Marquez,Colombia,Cien anos de soledad,"Pasaba el día en la trastienda, escribiendo esquelas desatinadas, que hacía llegar a Amaranta con membranas de pétalos y mariposas disecadas, y que ella devolvía sin abrir.",27
garciamarquez_cienanosdesoledad_0205,Gabriel Garcia Marquez,Colombia,Cien anos de soledad,Úrsula dispuso que se le velara en la casa.,9
garciamarquez_cienanosdesoledad_0206,Gabriel Garcia Marquez,Colombia,Cien anos de soledad,"Arcadio dio una rara muestra de generosidad, al proclamar mediante un bando el duelo oficial por la muerte de Pietro Crespi.",21
garciamarquez_cienanosdesoledad_0207,Gabriel Garcia Marquez,Colombia,Cien anos de soledad,"La escuela, donde se le ponía atención y se le respetaba, y luego el poder, con sus bandos terminantes y su uniforme de gloria, lo liberaron del peso de una antigua amargura.",32
garciamarquez_cienanosdesoledad_0208,Gabriel Garcia Marquez,Colombia,Cien anos de soledad,"Quienes conocían el secreto de su filiación, pensaron por aquella réplica que también él estaba al corriente, pero en realidad no lo estuvo nunca.",24
garciamarquez_cienanosdesoledad_0209,Gabriel Garcia Marquez,Colombia,Cien anos de soledad,"No te imaginas cómo quisiera complacerte, pero Dios es testigo que no puedo.",13
garciamarquez_cienanosdesoledad_0210,Gabriel Garcia Marquez,Colombia,Cien anos de soledad,"Sintió la nervadura de sus venas, el pulso de su infortunio, y sintió la palma húmeda con la línea de la vida tronchada en la base del pulgar por el zarpazo de la muerte.",34
garciamarquez_cienanosdesoledad_0211,Gabriel Garcia Marquez,Colombia,Cien anos de soledad,"Arcadio la había visto muchas veces, atendiendo la tiendecita de víveres de sus padres, y nunca se había fijado en ella, porque tenía la rara virtud de no existir por completo sino en el momento oportuno.",36
garciamarquez_cienanosdesoledad_0212,Gabriel Garcia Marquez,Colombia,Cien anos de soledad,"Más tarde, cuando las tropas del gobierno los desalojaron del local, se amaban entre las latas de manteca y los sacos de maíz de la trastienda.",26
garciamarquez_cienanosdesoledad_0213,Gabriel Garcia Marquez,Colombia,Cien anos de soledad,"El hambre de tierra, el doc doc de los huesos de sus padres, la impaciencia de su sangre frente a la pasividad de Pietro Crespi, estaban relegados al desván de la memoria.",32
garciamarquez_cienanosdesoledad_0214,Gabriel Garcia Marquez,Colombia,Cien anos de soledad,"Una tarde, al principio de su gobierno, Arcadio fue a visitarlos de un modo intempestivo.",15
garciamarquez_cienanosdesoledad_0215,Gabriel Garcia Marquez,Colombia,Cien anos de soledad,Sólo cuando tomaban el café reveló Arcadio el motivo de su visita: había recibido una denuncia contra José Arcadio.,19
garciamarquez_cienanosdesoledad_0216,Gabriel Garcia Marquez,Colombia,Cien anos de soledad,"A los campesinos que no había despojado, porque no le interesaban sus tierras, les impuso una contribución que cobraba cada sábado con los perros de presa y la escopeta de dos cañones.",32
garciamarquez_cienanosdesoledad_0217,Gabriel Garcia Marquez,Colombia,Cien anos de soledad,"Pero los acontecimientos que se precipitaron por aquellos días no sólo impidieron sus propósitos, sino que la hicieron arrepentirse de haberlos concebido.",22
garciamarquez_cienanosdesoledad_0218,Gabriel Garcia Marquez,Colombia,Cien anos de soledad,"Los últimos focos de resistencia liberal, según dijo, estaban siendo exterminados.",11
garciamarquez_cienanosdesoledad_0219,Gabriel Garcia Marquez,Colombia,Cien anos de soledad,Arcadio examinó con una mirada de conmiseración a aquel extraño mensajero que habría podido confundirse con una abuela fugitiva.,19
garciamarquez_cienanosdesoledad_0220,Gabriel Garcia Marquez,Colombia,Cien anos de soledad,"Mientras hablaba, se sacó del corpiño y puso en la mesa un pescadito de oro.",15
garciamarquez_cienanosdesoledad_0221,Gabriel Garcia Marquez,Colombia,Cien anos de soledad,"Confiando en ese plan, el coronel Aureliano Buendía no era partidario de que en aquel momento se hicieran sacrificios inútiles.",20
garciamarquez_cienanosdesoledad_0222,Gabriel Garcia Marquez,Colombia,Cien anos de soledad,Arcadio empujó a Úrsula hacia la casa y se entregó.,10
garciamarquez_cienanosdesoledad_0223,Gabriel Garcia Marquez,Colombia,Cien anos de soledad,"Pensaba en Úrsula, que a esa hora debía estar bajo el castaño tomando el café con José Arcadio Buendía.",19
garciamarquez_cienanosdesoledad_0224,Gabriel Garcia Marquez,Colombia,Cien anos de soledad,"El presidente del consejo de guerra inició su discurso final, antes de que Arcadio cayera en la cuenta de que habrían transcurrido dos horas.",24
garciamarquez_cienanosdesoledad_0225,Gabriel Garcia Marquez,Colombia,Cien anos de soledad,"El jefe del pelotón, especialista en ejecuciones sumarias, tenía un nombre que era mucho más que una casualidad: capitán Roque Carnicero.",21
garciamarquez_cienanosdesoledad_0226,Gabriel Garcia Marquez,Colombia,Cien anos de soledad,"Al atardecer, Úrsula visitó en la cárcel al coronel Aureliano Buendía.",11
garciamarquez_cienanosdesoledad_0227,Gabriel Garcia Marquez,Colombia,Cien anos de soledad,Entonces volvió a acostarse con los brazos abiertos.,8
garciamarquez_cienanosdesoledad_0228,Gabriel Garcia Marquez,Colombia,Cien anos de soledad,En cierta ocasión una mujer muy bella entró a su campamento de Tucurinca y pidió a los centinelas que le permitieran verlo.,22
garciamarquez_cienanosdesoledad_0229,Gabriel Garcia Marquez,Colombia,Cien anos de soledad,"Se presentaban d pronto, en una ráfaga de lucidez sobrenatural, como una convicción absoluta y momentánea, pero inasible.",18
garciamarquez_cienanosdesoledad_0230,Gabriel Garcia Marquez,Colombia,Cien anos de soledad,"El jueves compartió el dulce de leche con los centinelas y se puso la ropa limpia, que le quedaba estrecha, y los botines de charol.",25
garciamarquez_cienanosdesoledad_0231,Gabriel Garcia Marquez,Colombia,Cien anos de soledad,Nací hijo de puta y muero hijo de puta.,9
garciamarquez_cienanosdesoledad_0232,Gabriel Garcia Marquez,Colombia,Cien anos de soledad,Estaba soñando que se me habían reventado los golondrinos.,9
garciamarquez_cienanosdesoledad_0233,Gabriel Garcia Marquez,Colombia,Cien anos de soledad,"Lo fusilarán a media noche en cuartel para que nadie sepa quién formó el pelotón, y lo enterrarán allá mismo.",20
garciamarquez_cienanosdesoledad_0234,Gabriel Garcia Marquez,Colombia,Cien anos de soledad,"Tanto joderse para que lo maten a uno seis maricas si poder hacer nada,» Lo repetía con tanta rabia, que casi parece fervor, y el capitán Roque Carnicero se conmovió porque creyó que estaba rezando.",35
garciamarquez_cienanosdesoledad_0235,Gabriel Garcia Marquez,Colombia,Cien anos de soledad,"De modo que tuvieron que hacer la peligrosa ruta de las estribaciones, sin más municiones que las del pelotón de fusilamiento.",21
garciamarquez_cienanosdesoledad_0236,Gabriel Garcia Marquez,Colombia,Cien anos de soledad,"Al cabo de tres meses habían logrado armar a más de mil hombres, pero fueron exterminados.",16
garciamarquez_cienanosdesoledad_0237,Gabriel Garcia Marquez,Colombia,Cien anos de soledad,Así empezó la leyenda de la ubicuidad del coronel Aureliano Buendía.,11
garciamarquez_cienanosdesoledad_0238,Gabriel Garcia Marquez,Colombia,Cien anos de soledad,"Al cabo de dieciséis derrotas, el coronel Aureliano Buendía salió de la Guajira con dos mil indígenas bien armados, y la guarnición sorprendida durante el sueño abandonó Riohacha.",28
garciamarquez_cienanosdesoledad_0239,Gabriel Garcia Marquez,Colombia,Cien anos de soledad,"El coronel Roque Carnicero, que entonces era jefe de su estado mayor, le entregó el telegrama con un gesto de consternación, pero él lo leyó con imprevisible alegría.",28
garciamarquez_cienanosdesoledad_0240,Gabriel Garcia Marquez,Colombia,Cien anos de soledad,"Un año después de la fuga del coronel Aureliano Buendía, José Arcadio y Rebeca se fueron a vivir en la casa construida por Arcadio.",24
garciamarquez_cienanosdesoledad_0241,Gabriel Garcia Marquez,Colombia,Cien anos de soledad,José Arcadio siguió disfrutando de las tierras usurpadas cuyos títulos fueron reconocidos por el gobierno conservador.,16
garciamarquez_cienanosdesoledad_0242,Gabriel Garcia Marquez,Colombia,Cien anos de soledad,"Todas las tardes se le veía regresar a caballo, con sus perros montunos y su escopeta de dos cañones, y un sartal de conejos colgados en la montura.",28
garciamarquez_cienanosdesoledad_0243,Gabriel Garcia Marquez,Colombia,Cien anos de soledad,No encontraron ninguna herida en su cuerpo ni pudieron localizar el arma.,12
garciamarquez_cienanosdesoledad_0244,Gabriel Garcia Marquez,Colombia,Cien anos de soledad,"Primero lo lavaron tres veces con jabón y estropajo, después lo frotaron con sal y vinagre, luego con ceniza y limón, y por último lo metieron en un tonel de lejía y lo dejaron reposar seis horas.",37
garciamarquez_cienanosdesoledad_0245,Gabriel Garcia Marquez,Colombia,Cien anos de soledad,"En un tiempo se supo que escribía cartas al Obispo, a quien consideraba como su primo hermano, pero nunca se dijo que hubiera recibido respuesta.",25
garciamarquez_cienanosdesoledad_0246,Gabriel Garcia Marquez,Colombia,Cien anos de soledad,"Las tropas del gobierno abandonaban las plazas sin resistencia, y eso suscitaba en la población liberal una ilusión de victoria que no convenía defraudar, pero los revolucionarios conocían la verdad, y más que nadie el coronel Aureliano Buendía.",38
garciamarquez_cienanosdesoledad_0247,Gabriel Garcia Marquez,Colombia,Cien anos de soledad,"Durante muchas horas, al margen de los sobresaltos de una guerra sin futuro, resolvió en versos rimados sus experiencias a la orilla de la muerte.",25
garciamarquez_cienanosdesoledad_0248,Gabriel Garcia Marquez,Colombia,Cien anos de soledad,"Al cabo de una semana, Amaranta le llevó a la cárcel la docena de pañuelos bordados, junto con el dinero, y se quedaron varias horas hablando del pasado.",28
garciamarquez_cienanosdesoledad_0249,Gabriel Garcia Marquez,Colombia,Cien anos de soledad,"Amaranta se encerró a llorar, agobiada por un sentimiento de culpa semejante al que la atormenté cuando murió Remedios, como si otra vez hubieran sido sus palabras irreflexivas las responsables de una muerte.",33
garciamarquez_cienanosdesoledad_0250,Gabriel Garcia Marquez,Colombia,Cien anos de soledad,El coronel Aureliano Buendía disponía entonces de tiempo para enviar cada dos semanas un informe pormenorizado a Macondo.,18
garciamarquez_cienanosdesoledad_0251,Gabriel Garcia Marquez,Colombia,Cien anos de soledad,"Úrsula se alarmó: «Si Aureliano lo dice, Aureliano lo sabe», dijo.",11
garciamarquez_cienanosdesoledad_0252,Gabriel Garcia Marquez,Colombia,Cien anos de soledad,"La primera vez que él la vio, lo único que le llamó la atención fue la profunda depresión entre los senos.",21
garciamarquez_cienanosdesoledad_0253,Gabriel Garcia Marquez,Colombia,Cien anos de soledad,"Siguió examinándola, descubriendo palmo a palmo el milagro de su intimidad, y sintió que su piel se erizaba en la contemplación, como se erizaba la piel de ella al contacto del agua.",32
garciamarquez_cienanosdesoledad_0254,Gabriel Garcia Marquez,Colombia,Cien anos de soledad,"Estuvieron a punto de ser sorprendidos por Úrsula, una tarde en que entró al granero cuando ellos empezaban a besarse.",20
garciamarquez_cienanosdesoledad_0255,Gabriel Garcia Marquez,Colombia,Cien anos de soledad,"Diez días después de que un comunicado conjunto del gobierno y la oposición anunció el término de la guerra, se tuvieron noticias del primer levantamiento armado del coronel Aureliano Buendía en la frontera occidental.",34
garciamarquez_cienanosdesoledad_0256,Gabriel Garcia Marquez,Colombia,Cien anos de soledad,"Ocupó por más de quince días una aduana fronteriza, y desde allí dirigió a la nación un llamado a la guerra general.",22
garciamarquez_cienanosdesoledad_0257,Gabriel Garcia Marquez,Colombia,Cien anos de soledad,"Como muchos civiles conservadores, José Raquel Moncada había hecho la guerra en de-fensa de su partido y había alcanzado el título de general en el campo de batalla, aunque carecía de vocación militar.",33
garciamarquez_cienanosdesoledad_0258,Gabriel Garcia Marquez,Colombia,Cien anos de soledad,"Consideraba a la gente de armas como holgazanes sin principios, intrigantes y ambiciosos, expertos en enfrentar a los civiles para medrar en el desorden.",24
garciamarquez_cienanosdesoledad_0259,Gabriel Garcia Marquez,Colombia,Cien anos de soledad,"El padre Nicanor, consumido por las fiebres hepáticas, fue reemplazado por el padre Coronel, a quien llamaban El Cachorro, veterano de la primera guerra federalista.",25
garciamarquez_cienanosdesoledad_0260,Gabriel Garcia Marquez,Colombia,Cien anos de soledad,"Era un vasto salón al aire libre, con escaños de madera, un telón de terciopelo con máscaras griegas, y tres taquillas en forma de cabezas de león por cuyas bocas abiertas se vendían los boletos.",35
garciamarquez_cienanosdesoledad_0261,Gabriel Garcia Marquez,Colombia,Cien anos de soledad,"Cuando Amaranta lo vio entrar, sin que él hubiera dicho nada, supo de inmediato por qué había vuelto.",18
garciamarquez_cienanosdesoledad_0262,Gabriel Garcia Marquez,Colombia,Cien anos de soledad,"Le indignó el rubor que doró sus mejillas el día en que el sobrino le preguntó hasta cuándo pensaba llevar la venda negra en la mano, porque interpretó la pregunta como una alusión a su virginidad.",36
garciamarquez_cienanosdesoledad_0263,Gabriel Garcia Marquez,Colombia,Cien anos de soledad,"Cuando él llegó, ella pasó la aldaba en su dormitorio, pero durante tantas noches percibió sus ronquidos pacíficos en el cuarto contiguo, que descuidó esa precaución.",26
garciamarquez_cienanosdesoledad_0264,Gabriel Garcia Marquez,Colombia,Cien anos de soledad,Es que nacen los hijos con cola de puerco.,9
garciamarquez_cienanosdesoledad_0265,Gabriel Garcia Marquez,Colombia,Cien anos de soledad,"La veía en el corredor, cosiendo en una máquina de manivela que había aprendido a manejar con habilidad admirable, y ni siquiera le dirigía la palabra.",26
garciamarquez_cienanosdesoledad_0266,Gabriel Garcia Marquez,Colombia,Cien anos de soledad,"El otro era un rubio con los mismos ojos garzos de su madre, a quien habían dejado el cabello largo y con bucles, como a una mujer.",27
garciamarquez_cienanosdesoledad_0267,Gabriel Garcia Marquez,Colombia,Cien anos de soledad,"Entró a la casa con mucha familiaridad, como si hubiera sido criado en ella, y fue directamente a un arcón del dormitorio de Úrsula, y exigió: «Quiero la bailarina de cuerda.",31
garciamarquez_cienanosdesoledad_0268,Gabriel Garcia Marquez,Colombia,Cien anos de soledad,No salgas a la calle después de las seis de la tarde.,12
garciamarquez_cienanosdesoledad_0269,Gabriel Garcia Marquez,Colombia,Cien anos de soledad,"Aureliano José, al igual que Arcadio en otra época, había dejado de pertenecerle.",13
garciamarquez_cienanosdesoledad_0270,Gabriel Garcia Marquez,Colombia,Cien anos de soledad,Aureliano José no captó el profundo sentido de súplica que tenía aquella oferta.,13
garciamarquez_cienanosdesoledad_0271,Gabriel Garcia Marquez,Colombia,Cien anos de soledad,"Se fue al teatro, donde una compañía española anunciaba El puñal del Zorro, que en realidad era la obra de Zorrilla con el nombre cambiado por orden del capitán Aquiles Ricardo, porque los liberales les llamaban godos a los conservadores.",40
garciamarquez_cienanosdesoledad_0272,Gabriel Garcia Marquez,Colombia,Cien anos de soledad,"Sólo en el momento de entregar el boleto en la puerta, Aureliano José se dio cuenta de que el capitán Aquiles Ricardo, con dos soldados armados de fusiles, estaba cateando a la concurrencia.",33
garciamarquez_cienanosdesoledad_0273,Gabriel Garcia Marquez,Colombia,Cien anos de soledad,To-davía no ha nacido el hombre que me ponga las manos encima.,12
garciamarquez_cienanosdesoledad_0274,Gabriel Garcia Marquez,Colombia,Cien anos de soledad,"Ciego de furia, el capitán le arrebató entonces el fusil, se abrió en el centro de la calle, y apuntó.",20
garciamarquez_cienanosdesoledad_0275,Gabriel Garcia Marquez,Colombia,Cien anos de soledad,"El capitán Aquiles Ricardo, que era en realidad quien estaba destinado a morir esa noche, murió en efecto cuatro horas antes que Aureliano José.",24
garciamarquez_cienanosdesoledad_0276,Gabriel Garcia Marquez,Colombia,Cien anos de soledad,"Se necesitó una patrulla para poner en una carretilla el cuerpo apelmazado de plomo, que se desbarataba como un pan ensopado.",21
garciamarquez_cienanosdesoledad_0277,Gabriel Garcia Marquez,Colombia,Cien anos de soledad,El general Moncada se había hecho esa pregunta muchas veces.,10
garciamarquez_cienanosdesoledad_0278,Gabriel Garcia Marquez,Colombia,Cien anos de soledad,"Pero mientras los adversarios olvidaban la guerra para evocar recuerdos del pasado, Úrsula tuvo la sombría impresión de que su hijo era un intruso.",24
garciamarquez_cienanosdesoledad_0279,Gabriel Garcia Marquez,Colombia,Cien anos de soledad,La había tenido desde que lo vio entrar protegido por un ruidoso aparato militar que volteó los dormitorios al derecho y al revés hasta convencerse de que no había ningún riesgo.,31
garciamarquez_cienanosdesoledad_0280,Gabriel Garcia Marquez,Colombia,Cien anos de soledad,Su rostro cuarteado por la sal del Caribe había adquirido una dureza metálica.,13
garciamarquez_cienanosdesoledad_0281,Gabriel Garcia Marquez,Colombia,Cien anos de soledad,Estaba preservado contra la vejez inminente por una vitalidad que tenía algo que ver con la frialdad de las entrañas.,20
garciamarquez_cienanosdesoledad_0282,Gabriel Garcia Marquez,Colombia,Cien anos de soledad,Cuando abran los ojos a la realidad se encontrarán con los hechos consumados.,13
garciamarquez_cienanosdesoledad_0283,Gabriel Garcia Marquez,Colombia,Cien anos de soledad,"Cerrada de negro hasta los puños, con el corazón convertido en cenizas, apenas si tenía noticias de la guerra.",19
garciamarquez_cienanosdesoledad_0284,Gabriel Garcia Marquez,Colombia,Cien anos de soledad,"Ni siquiera tengo nada que decirte de su buen corazón, del afecto que nos tiene, porque tú lo conoces mejor que nadie.",22
garciamarquez_cienanosdesoledad_0285,Gabriel Garcia Marquez,Colombia,Cien anos de soledad,"Su dignidad luctuosa, el peso de su nombre, la convincente vehemencia de su declaración hicieron vacilar por un momento el equilibrio de la justicia.",24
garciamarquez_cienanosdesoledad_0286,Gabriel Garcia Marquez,Colombia,Cien anos de soledad,"El coronel Aureliano Buendía, a pesar de las violentas recriminaciones de Úrsula, se negó a conmutarle la pena.",18
garciamarquez_cienanosdesoledad_0287,Gabriel Garcia Marquez,Colombia,Cien anos de soledad,"Hasta ese momento, desde su regreso, el coronel Aureliano Buendía no se había concedido la oportunidad de verlo con el corazón.",21
garciamarquez_cienanosdesoledad_0288,Gabriel Garcia Marquez,Colombia,Cien anos de soledad,"Al principio, aquellas entrevistas determinaban el curso de una guerra de carne y hueso cuyos contornos perfectamente definidos permitían establecer en cualquier momento el punto exacto en que se encontraba, y prever sus rumbos futuros.",35
garciamarquez_cienanosdesoledad_0289,Gabriel Garcia Marquez,Colombia,Cien anos de soledad,Su único refugio era el costurero de Amaranta.,8
garciamarquez_cienanosdesoledad_0290,Gabriel Garcia Marquez,Colombia,Cien anos de soledad,"Muchas veces, cuando no estaba presente Remedios, la bella, era él quien le daba vueltas a la rueda de la máquina de coser.",23
garciamarquez_cienanosdesoledad_0291,Gabriel Garcia Marquez,Colombia,Cien anos de soledad,"Sin embargo, dos meses después, cuando el coronel Aureliano Buendía volvió a Macondo, el desconcierto se transformó en estupor.",19
garciamarquez_cienanosdesoledad_0292,Gabriel Garcia Marquez,Colombia,Cien anos de soledad,"Llegó sin ruido, sin escolta, envuelto en una manta a pesar del calor, y con tres amantes que instaló en una misma casa, donde pasaba la mayor parte del tiempo tendido en una hamaca.",34
garciamarquez_cienanosdesoledad_0293,Gabriel Garcia Marquez,Colombia,Cien anos de soledad,Apenas si leía los despachos telegráficos que informaban de operaciones rutinarias.,11
garciamarquez_cienanosdesoledad_0294,Gabriel Garcia Marquez,Colombia,Cien anos de soledad,En cierta ocasión el coronel Gerineldo Márquez le pidió instrucciones para la evacuación de una localidad fronteriza que amenazaba con convertirse en un conflicto in-ternacional.,25
garciamarquez_cienanosdesoledad_0295,Gabriel Garcia Marquez,Colombia,Cien anos de soledad,Pero quince días después el general Teófilo Vargas fue despedazado a machetazos en una emboscada y el coronel Aureliano Buendía asumió el mando central.,24
garciamarquez_cienanosdesoledad_0296,Gabriel Garcia Marquez,Colombia,Cien anos de soledad,La embriaguez del poder empezó a descomponerse en ráfagas de desazón.,11
garciamarquez_cienanosdesoledad_0297,Gabriel Garcia Marquez,Colombia,Cien anos de soledad,"Extraviado en la soledad de su inmenso poder, empezó a perder el rumbo.",13
garciamarquez_cienanosdesoledad_0298,Gabriel Garcia Marquez,Colombia,Cien anos de soledad,"Pedían, en segundo término, renunciar a la lucha contra la influencia clerical para obtener el respaldo del pueblo católico.",19
garciamarquez_cienanosdesoledad_0299,Gabriel Garcia Marquez,Colombia,Cien anos de soledad,"Pedían, por último, renunciar a las aspiraciones de igualdad de derechos entre los hijos naturales y los legítimos para preservar la integridad de los hogares.",25
garciamarquez_cienanosdesoledad_0300,Gabriel Garcia Marquez,Colombia,Cien anos de soledad,"Derrumbado en su hamaca, el coronel Aureliano Buendía fue insensible a las súplicas de clemencia.",15
garciamarquez_cienanosdesoledad_0301,Gabriel Garcia Marquez,Colombia,Cien anos de soledad,"La certidumbre de que por fin peleaba por su propia liberación, y no por ideales abstractos, por consignas que los políticos podían voltear al derecho y al revés según las circunstancias, le infundió un entusiasmo enardecido.",36
garciamarquez_cienanosdesoledad_0302,Gabriel Garcia Marquez,Colombia,Cien anos de soledad,"El coronel Gerineldo Márquez, que luchó por el fracaso con tanta convicción y tanta lealtad como antes había luchado por el triunfo, le reprochaba su temeridad inútil.",27
garciamarquez_cienanosdesoledad_0303,Gabriel Garcia Marquez,Colombia,Cien anos de soledad,"La última vez que estuvo en Macondo, y tomó una casa para sus tres concubinas, no se le vio en la suya sino dos o tres veces, cuando tuvo tiempo de aceptar invitaciones a comer.",35
garciamarquez_cienanosdesoledad_0304,Gabriel Garcia Marquez,Colombia,Cien anos de soledad,"Amaranta no lograba conciliar la imagen del hermano que pasó la adolescencia fabricando pescaditos de oro, con la del guerrero mítico que había interpuesto entre él y el resto de la humanidad una distancia de tres metros.",37
garciamarquez_cienanosdesoledad_0305,Gabriel Garcia Marquez,Colombia,Cien anos de soledad,"Llegó vejado, escupido, acusado de haber recrudecido la guerra sólo para venderla más cara.",14
garciamarquez_cienanosdesoledad_0306,Gabriel Garcia Marquez,Colombia,Cien anos de soledad,Temblaba de fiebre y de frío y tenía otra vez las axilas empedradas de golondrinos.,15
garciamarquez_cienanosdesoledad_0307,Gabriel Garcia Marquez,Colombia,Cien anos de soledad,"Pero en realidad, en los dos últimos años él le había pagado sus cuotas finales a la vida, inclusive la del envejecimiento.",22
garciamarquez_cienanosdesoledad_0308,Gabriel Garcia Marquez,Colombia,Cien anos de soledad,Úrsula fue la única que se atrevió a perturbar su abstracción.,11
garciamarquez_cienanosdesoledad_0309,Gabriel Garcia Marquez,Colombia,Cien anos de soledad,"Entonces el coronel Aureliano Buendía se dio cuenta, sin asombro, que Úrsula era el único ser humano que había logrado desentrañar su miseria, y por primera vez en muchos anos se atrevió a mirarla a la cara.",37
garciamarquez_cienanosdesoledad_0310,Gabriel Garcia Marquez,Colombia,Cien anos de soledad,"Las incontables mujeres que conoció en el desierto del amor, y que dispersaron su simiente en todo el litoral, no habían dejado rastro alguno en sus sentimientos.",27
garciamarquez_cienanosdesoledad_0311,Gabriel Garcia Marquez,Colombia,Cien anos de soledad,"La mayoría de ellas entraba en el cuarto en la oscuridad y se iban antes del alba, y al día siguiente eran apenas un poco de tedio en la memoria corporal.",31
garciamarquez_cienanosdesoledad_0312,Gabriel Garcia Marquez,Colombia,Cien anos de soledad,"El único afecto que prevalecía contra el tiempo y la guerra, fue el que sintió por su hermano José Arcadio, cuando ambos eran niños, y no estaba fundado en el amor, sino en la complicidad.",35
garciamarquez_cienanosdesoledad_0313,Gabriel Garcia Marquez,Colombia,Cien anos de soledad,"Sólo conservó una pistola, y con una sola bala.",9
garciamarquez_cienanosdesoledad_0314,Gabriel Garcia Marquez,Colombia,Cien anos de soledad,"Santa Sofía de la Piedad, la silenciosa, la condescendiente, la que nunca contrarió ni a sus propios hijos, tuvo la impresión de que aquel era un acto prohibido.",28
garciamarquez_cienanosdesoledad_0315,Gabriel Garcia Marquez,Colombia,Cien anos de soledad,"Aunque después de tantos años de guerra debían parecerle familiares, esta vez experimentó el mismo desaliento en las rodillas, y el mismo cabrilleo de la piel que había experimentado en su juventud en presencia de una mujer desnuda.",38
garciamarquez_cienanosdesoledad_0316,Gabriel Garcia Marquez,Colombia,Cien anos de soledad,Úrsula pasó la tranca en la puerta decidida a no quitarla en el resto de su vida.,17
garciamarquez_cienanosdesoledad_0317,Gabriel Garcia Marquez,Colombia,Cien anos de soledad,"En el desorden del último año, cuando el mando central saltó en pedazos y la revolución degeneró en una sangrienta rivalidad de caudillos, era imposible determinar ninguna res-ponsabilidad.",28
garciamarquez_cienanosdesoledad_0318,Gabriel Garcia Marquez,Colombia,Cien anos de soledad,El proyectil siguió una trayectoria tan limpia que el médico le metió por el pecho y le sacó por la espalda un cordón empapado de yodo.,26
garciamarquez_cienanosdesoledad_0319,Gabriel Garcia Marquez,Colombia,Cien anos de soledad,"No por salvarme la vida, sino por hacerme quedar en ridículo.",11
garciamarquez_cienanosdesoledad_0320,Gabriel Garcia Marquez,Colombia,Cien anos de soledad,La casa se llenó de regalos de desagravio.,8
garciamarquez_cienanosdesoledad_0321,Gabriel Garcia Marquez,Colombia,Cien anos de soledad,"Tardíamente impresionado por el respaldo masivo de sus antiguos compañeros de armas, el coronel Aureliano Buendía no descartó la posibilidad de complacerlos.",22
garciamarquez_cienanosdesoledad_0322,Gabriel Garcia Marquez,Colombia,Cien anos de soledad,"Pero la única respuesta del gobierno fue el refuerzo de la guardia militar que se había puesto en la puerta de la casa, con el pretexto de protegerla, y la prohibición de toda clase de visitas.",36
garciamarquez_cienanosdesoledad_0323,Gabriel Garcia Marquez,Colombia,Cien anos de soledad,"No habrá una casa mejor, ni más abierta a todo el mundo, que esta casa de locos.",17
garciamarquez_cienanosdesoledad_0324,Gabriel Garcia Marquez,Colombia,Cien anos de soledad,"Poco a poco, Úrsula les fue asignando nuevas tareas.",9
garciamarquez_cienanosdesoledad_0325,Gabriel Garcia Marquez,Colombia,Cien anos de soledad,"Aun cuando crecieron y la vida los hizo diferentes, Úrsula seguía preguntándose si ellos mismos no habrían cometido un error en algún momento de su intrincado juego de confusiones, y habían quedado cambiados para siempre.",35
garciamarquez_cienanosdesoledad_0326,Gabriel Garcia Marquez,Colombia,Cien anos de soledad,Son los libros de Melquíades y las cosas raras que escribía en sus últimos años.,15
garciamarquez_cienanosdesoledad_0327,Gabriel Garcia Marquez,Colombia,Cien anos de soledad,"Asombrado, le preguntó a Úrsula si todo aquello era verdad, y ella le contentó que sí, que muchos años antes los gitanos llevaban a Macondo las lámparas maravillosas y las esteras voladoras.",32
garciamarquez_cienanosdesoledad_0328,Gabriel Garcia Marquez,Colombia,Cien anos de soledad,"Melquíades le hablaba del mundo, trataba de infundirle su vieja sabiduría, pero se negó a traducir los manuscritos.",18
garciamarquez_cienanosdesoledad_0329,Gabriel Garcia Marquez,Colombia,Cien anos de soledad,"En una ocasión sintió que su mundo privado se derrumbaba, porque Úrsula entró en el momento en que Melquíades estaba en el cuarto.",23
garciamarquez_cienanosdesoledad_0330,Gabriel Garcia Marquez,Colombia,Cien anos de soledad,Muy pronto se supo que el padre Antonio Isabel lo estaba preparando para la primera comunión.,16
garciamarquez_cienanosdesoledad_0331,Gabriel Garcia Marquez,Colombia,Cien anos de soledad,Le enseñaba el catecismo mientras le afeitaba el pescuezo a los gallos.,12
garciamarquez_cienanosdesoledad_0332,Gabriel Garcia Marquez,Colombia,Cien anos de soledad,"Le explicaba con ejemplos simples, mientras ponían en sus nidos a las gallinas cluecas, cómo se le ocurrió a Dios en el segundo día de la creación que los pollos se formaran dentro del huevo.",35
garciamarquez_cienanosdesoledad_0333,Gabriel Garcia Marquez,Colombia,Cien anos de soledad,"Fue una lista tan larga, que el anciano párroco, acos-tumbrado a acostarse a las seis, se quedó dormido en el sillón antes de terminar.",24
garciamarquez_cienanosdesoledad_0334,Gabriel Garcia Marquez,Colombia,Cien anos de soledad,"El martes siguiente, en efecto, Petronio bajó de la torre con un banquito de madera que nadie supo hasta entonces para qué servía, y llevó a José Arcadio Segundo a una huerta cercana.",33
garciamarquez_cienanosdesoledad_0335,Gabriel Garcia Marquez,Colombia,Cien anos de soledad,Úrsula lo comparaba en aquel tiempo con su hermano y no podía entender cómo los dos gemelos que parecieron una sola persona en la infancia habían terminado por ser tan distintos.,31
garciamarquez_cienanosdesoledad_0336,Gabriel Garcia Marquez,Colombia,Cien anos de soledad,"Le tomó tanto cariño desde aquel primer encuentro, que hizo trampas en la rifa para que él se ganara el acordeón.",21
garciamarquez_cienanosdesoledad_0337,Gabriel Garcia Marquez,Colombia,Cien anos de soledad,"Era una mulata limpia y joven, con unos ojos amarillos y almendrados que le daban a su rostro la ferocidad de una pantera, pero tenía un corazón generoso y una magnífica vocación para el amor.",35
garciamarquez_cienanosdesoledad_0338,Gabriel Garcia Marquez,Colombia,Cien anos de soledad,Entonces decidió que nadie volviera a llamarse Aureliano y José Arcadio.,11
garciamarquez_cienanosdesoledad_0339,Gabriel Garcia Marquez,Colombia,Cien anos de soledad,"Desde que Aureliano Segundo se hizo cargo de la casa, aquellas festividades eran cosa corriente, aunque no existiera un motivo tan justo como el nacimiento de un Papa.",28
garciamarquez_cienanosdesoledad_0340,Gabriel Garcia Marquez,Colombia,Cien anos de soledad,"Sólido, monumental como sus abuelos, pero con un gozo vital y una simpatía irresistible que ellos no tuvieron, Aureliano Segundo apenas si tenía tiempo de vigilar sus ganados.",28
garciamarquez_cienanosdesoledad_0341,Gabriel Garcia Marquez,Colombia,Cien anos de soledad,"Pero una noche, cuando ya nadie en el pueblo quería oír hablar de las rifas de conejos, sintió un estruendo en la pared del patio.",25
garciamarquez_cienanosdesoledad_0342,Gabriel Garcia Marquez,Colombia,Cien anos de soledad,"Pocos días después, tratando de desahogar su patio, Petra Cotes cambió los conejos por una vaca, que dos meses más tarde parió trillizos.",23
garciamarquez_cienanosdesoledad_0343,Gabriel Garcia Marquez,Colombia,Cien anos de soledad,"Úrsula hizo quitar los billetes adheridos a las grandes tortas de cal, y volvió a pintar la casa de blanco.",20
garciamarquez_cienanosdesoledad_0344,Gabriel Garcia Marquez,Colombia,Cien anos de soledad,"Remató sus gallos al mejor postor, reclutó hombres y compró herramientas, y se empeñó en la descomunal empresa de romper piedras, excavar canales, despejar escollos y hasta emparejar cataratas.",29
garciamarquez_cienanosdesoledad_0345,Gabriel Garcia Marquez,Colombia,Cien anos de soledad,Es como si el tiempo diera vueltas en redondo y hubiéramos vuelto al principio.,14
garciamarquez_cienanosdesoledad_0346,Gabriel Garcia Marquez,Colombia,Cien anos de soledad,"Pasó mucho tiempo antes de que lo consiguieran, y más les hubiera valido que la ocasión no llegara nunca, porque la mayoría de ellos no pudo recuperar jamás la placidez del sueño.",32
garciamarquez_cienanosdesoledad_0347,Gabriel Garcia Marquez,Colombia,Cien anos de soledad,"El sexto domingo, el caballero apareció con una rosa amarilla en la mano.",13
garciamarquez_cienanosdesoledad_0348,Gabriel Garcia Marquez,Colombia,Cien anos de soledad,"Nada lo hizo desistir, salvo su propio y lamentable estado de desmoralización.",12
garciamarquez_cienanosdesoledad_0349,Gabriel Garcia Marquez,Colombia,Cien anos de soledad,"Dice que se está muriendo por mi, como si yo fuera un cólico miserere.",14
garciamarquez_cienanosdesoledad_0350,Gabriel Garcia Marquez,Colombia,Cien anos de soledad,Parecía como si una lucidez penetrante le permitiera ver la realidad de las cosas más allá de cualquier formalismo.,19
garciamarquez_cienanosdesoledad_0351,Gabriel Garcia Marquez,Colombia,Cien anos de soledad,"Fue por eso que decidió apartarla del mundo, preservarla de toda tentación terrenal, sin saber que Remedios, la bella, ya desde el vientre de su madre, estaba a salvo de cualquier contagio.",32
garciamarquez_cienanosdesoledad_0352,Gabriel Garcia Marquez,Colombia,Cien anos de soledad,"En verdad, lo que le interesaba a él no era el negocio sino el trabajo.",15
garciamarquez_cienanosdesoledad_0353,Gabriel Garcia Marquez,Colombia,Cien anos de soledad,"Las descargas de fusilería ahogaron el esplendor de los fuegos artificiales, y los gritos de terror anularon la música, y el júbilo fue aniquilado por el pánico.",27
garciamarquez_cienanosdesoledad_0354,Gabriel Garcia Marquez,Colombia,Cien anos de soledad,"El matrimonio estuvo a punto de acabarse a los dos meses porque Aureliano Segundo, tratando de desagraviar a Petra Cotes, le hizo tomar un retrato vestida de reina de Madagascar.",30
garciamarquez_cienanosdesoledad_0355,Gabriel Garcia Marquez,Colombia,Cien anos de soledad,Cuando Fernanda lo supo volvió a hacer sus baúles de recién casada y se marchó de Macondo sin despedirse.,19
garciamarquez_cienanosdesoledad_0356,Gabriel Garcia Marquez,Colombia,Cien anos de soledad,"Petra Cotes, consciente de su fuerza, no dio muestras de preocupación.",11
garciamarquez_cienanosdesoledad_0357,Gabriel Garcia Marquez,Colombia,Cien anos de soledad,"Se había casado, pues, como tarde o temprano se casan los hijos.",12
garciamarquez_cienanosdesoledad_0358,Gabriel Garcia Marquez,Colombia,Cien anos de soledad,Él no se atrevió a anticiparle la noticia.,8
garciamarquez_cienanosdesoledad_0359,Gabriel Garcia Marquez,Colombia,Cien anos de soledad,"Aureliano Segundo, avergonzado, fingió un colapso de cólera, se declaró incomprendido y ultrajado, y no volvió a visitarla.",18
garciamarquez_cienanosdesoledad_0360,Gabriel Garcia Marquez,Colombia,Cien anos de soledad,En la casa señorial embaldosada de losas sepulcrales jamás se conoció el sol.,13
garciamarquez_cienanosdesoledad_0361,Gabriel Garcia Marquez,Colombia,Cien anos de soledad,"Lo que más le inquietó de aquella visión fugaz fue que la sintió exactamente igual a ella, como si se hubiera visto a sí misma con veinte años de anticipación.",30
garciamarquez_cienanosdesoledad_0362,Gabriel Garcia Marquez,Colombia,Cien anos de soledad,Nunca dejó de oír los ejercicios de piano a las tres de la tarde.,14
garciamarquez_cienanosdesoledad_0363,Gabriel Garcia Marquez,Colombia,Cien anos de soledad,Se encerró con su padre en el despacho.,8
garciamarquez_cienanosdesoledad_0364,Gabriel Garcia Marquez,Colombia,Cien anos de soledad,"En un solo día, con un zarpazo brutal, la vida le echó encima todo el peso de una realidad que durante años le habían escamoteado sus padres.",27
garciamarquez_cienanosdesoledad_0365,Gabriel Garcia Marquez,Colombia,Cien anos de soledad,"Se había prometido no abandonar el dormitorio hasta la muerte, cuando Aureliano Segundo llegó a buscarla.",16
garciamarquez_cienanosdesoledad_0366,Gabriel Garcia Marquez,Colombia,Cien anos de soledad,"Fue un golpe de suerte inconcebible, porque en el aturdimiento de la indignación, en la furia de la vergüenza, ella le había mentido para que nunca conociera su verdadera identidad.",30
garciamarquez_cienanosdesoledad_0367,Gabriel Garcia Marquez,Colombia,Cien anos de soledad,Atravesó un páramo amarillo donde el eco repetía los pensamientos y la ansiedad provocaba espejismos premonitorios.,16
garciamarquez_cienanosdesoledad_0368,Gabriel Garcia Marquez,Colombia,Cien anos de soledad,Aureliano Segundo sólo encontró en ella un hondo sentimiento de desolación.,11
garciamarquez_cienanosdesoledad_0369,Gabriel Garcia Marquez,Colombia,Cien anos de soledad,"El negocio de repostería y animalitos de caramelo, que Santa Sofía de la Piedad mantenía por voluntad de Úrsula, era considerado por Fernanda como una actividad indigna, y no tardó en liquidarlo.",32
garciamarquez_cienanosdesoledad_0370,Gabriel Garcia Marquez,Colombia,Cien anos de soledad,"Al principio, Fernanda no hablaba de su familia, pero con el tiempo empezó a idealizar a su padre.",18
garciamarquez_cienanosdesoledad_0371,Gabriel Garcia Marquez,Colombia,Cien anos de soledad,"Eran, en realidad, los últimos desperdicios del patrimonio señorial.",9
garciamarquez_cienanosdesoledad_0372,Gabriel Garcia Marquez,Colombia,Cien anos de soledad,"Poco a poco, el esplendor funerario de la antigua y helada mansión se fue trasladando a la luminosa casa de los Buendía.",22
garciamarquez_cienanosdesoledad_0373,Gabriel Garcia Marquez,Colombia,Cien anos de soledad,Sólo faltan los sauces y las losas sepulcrales.,8
garciamarquez_cienanosdesoledad_0374,Gabriel Garcia Marquez,Colombia,Cien anos de soledad,"Poco después del nacimiento de la niña, se anunció el inesperado jubileo del coronel Aureliano Buendía, ordenado por el gobierno para celebrar un nuevo aniversario del tratado de Neerlandia.",29
garciamarquez_cienanosdesoledad_0375,Gabriel Garcia Marquez,Colombia,Cien anos de soledad,"Fue una determinación tan inconsecuente con la política oficial, que el coronel se pronunció violentamente contra ella y rechazó el homenaje.",21
garciamarquez_cienanosdesoledad_0376,Gabriel Garcia Marquez,Colombia,Cien anos de soledad,"El coronel Gerineldo Márquez, asediado por pre-siones de toda índole, abandonó su lecho de paralítico para persuadir a su antiguo compañero de armas.",23
garciamarquez_cienanosdesoledad_0377,Gabriel Garcia Marquez,Colombia,Cien anos de soledad,"Desde el taller solitario oyó las músicas marciales, la artillería de aparato, las campanas del Te Deum, y algunas frases de los discursos pronunciados frente a la casa cuando bautizaron la calle con su nombre.",35
garciamarquez_cienanosdesoledad_0378,Gabriel Garcia Marquez,Colombia,Cien anos de soledad,"Amaranta buscó entre antiguos papeles la libreta de cuentas donde Úrsula había apuntado los nombres y las fechas de nacimiento y bautismo de todos, y agregó frente al espacio correspondiente a cada uno el domicilio actual.",36
garciamarquez_cienanosdesoledad_0379,Gabriel Garcia Marquez,Colombia,Cien anos de soledad,"Fue entonces cuando se supo hasta qué punto inconcebible había llegado su desvinculación con el mundo, y se comprendió que sería imposible rescatarla de su empecinado encierro mientras le quedara un aliento de vida.",34
garciamarquez_cienanosdesoledad_0380,Gabriel Garcia Marquez,Colombia,Cien anos de soledad,"Era uno de los primeros que habían llegado a la casa para el bautismo, y Úrsula y Amaranta lo recordaban muy bien porque había destrozado en pocas horas cuanto objeto quebradizo pasó por sus manos.",35
garciamarquez_cienanosdesoledad_0381,Gabriel Garcia Marquez,Colombia,Cien anos de soledad,"Aureliano Segundo lo había encontrado por casualidad, protestando en español trabajoso porque no había un cuarto libre en el Hotel de Jacob, y como lo hacía con frecuencia con muchos forasteros se lo llevó a la casa.",37
garciamarquez_cienanosdesoledad_0382,Gabriel Garcia Marquez,Colombia,Cien anos de soledad,"Pero siguió comiendo mientras hablaba, saboreando, masticando, más bien con dis-tracción de sabio que con deleite de buen comedor, y al terminar el primer racimo suplicó que le llevaran otro.",30
garciamarquez_cienanosdesoledad_0383,Gabriel Garcia Marquez,Colombia,Cien anos de soledad,"Con la incrédula atención de un comprador de diamantes examinó meticulosamente un banano seccionando sus partes con un estilete especial, pesándolas en un granatorio de farmacéutico y calculando su envergadura con un calibrador de armero.",35
garciamarquez_cienanosdesoledad_0384,Gabriel Garcia Marquez,Colombia,Cien anos de soledad,"Luego sacó de la caja una serie de instrumentos con los cuales midió la temperatura, el grado de humedad de la atmósfera y la intensidad de la luz.",28
garciamarquez_cienanosdesoledad_0385,Gabriel Garcia Marquez,Colombia,Cien anos de soledad,"El sector estaba cercado por una malta metálica, como un gigantesco gallinero electrificado que en los frescos meses del verano amanecía negro de golondrinas achicharradas.",25
garciamarquez_cienanosdesoledad_0386,Gabriel Garcia Marquez,Colombia,Cien anos de soledad,"Nadie sabía aún qué era lo que buscaban, o si en verdad no eran más que filántropos, y ya habían ocasionado un trastorno colosal, mucho más perturbador que el de los antiguos gitanos, pero menos transitorio y comprensible.",38
garciamarquez_cienanosdesoledad_0387,Gabriel Garcia Marquez,Colombia,Cien anos de soledad,"El único rincón de serenidad fue establecido por los pacíficos negros antillanos que construyeron una calle marginal, con casas de madera sobre pilotes, en cuyos pórticos se sentaban al atardecer cantando himnos melancólicos en su farragoso papiamento.",37
garciamarquez_cienanosdesoledad_0388,Gabriel Garcia Marquez,Colombia,Cien anos de soledad,"Tantos cambios ocurrieron en tan poco tiempo, que ocho meses después de la visita de míster Herbert los antiguos habitantes de Macondo se levantaban temprano a conocer su propio pueblo.",30
garciamarquez_cienanosdesoledad_0389,Gabriel Garcia Marquez,Colombia,Cien anos de soledad,"Otros dos hijos del coronel Aureliano Buendía, con su cruz de ceniza en la frente, llegaron arrastrados por aquel eructo volcánico, y justificaron su determinación con una frase que tal vez explicaba las razones de todos.",36
garciamarquez_cienanosdesoledad_0390,Gabriel Garcia Marquez,Colombia,Cien anos de soledad,"Se estancó en una adolescencia magnífica, cada vez más impermeable a los formalismos, más indiferente a la malicia y la suspicacia, feliz en un mundo propio de realidades simples.",29
garciamarquez_cienanosdesoledad_0391,Gabriel Garcia Marquez,Colombia,Cien anos de soledad,"Sin embargo, Remedios, la bella, se habría muerto de risa si hubiera conocido aquella precaución.",15
garciamarquez_cienanosdesoledad_0392,Gabriel Garcia Marquez,Colombia,Cien anos de soledad,"Para la gente de Macondo era una distracción reciente recorrer las húmedas e interminables avenidas bordeadas de bananos, donde el silencio parecía llevado de otra parte, todavía sin usar, y era por eso tan torpe para transmitir la voz.",39
garciamarquez_cienanosdesoledad_0393,Gabriel Garcia Marquez,Colombia,Cien anos de soledad,"El nacimiento del último José Arcadio, y su inque-brantable voluntad de educarlo para Papa, terminaron por hacerla desistir de sus preocupaciones por la bisnieta.",24
garciamarquez_cienanosdesoledad_0394,Gabriel Garcia Marquez,Colombia,Cien anos de soledad,"Cuando vio a Remedios, la bella, vestida de reina en el carnaval sangriento, pensó que era una criatura extraordinaria.",19
garciamarquez_cienanosdesoledad_0395,Gabriel Garcia Marquez,Colombia,Cien anos de soledad,"Remedios, la bella, que tenía agarrada la sábana por el otro extremo, hizo una sonrisa de lástima.",17
garciamarquez_cienanosdesoledad_0396,Gabriel Garcia Marquez,Colombia,Cien anos de soledad,"Los forasteros, por supuesto, pensaron que Remedios, la bella, había sucumbido por fin a su irrevocable destino de abeja reina, y que su familia trataba de salvar la honra con la patraña de la levitación.",35
garciamarquez_cienanosdesoledad_0397,Gabriel Garcia Marquez,Colombia,Cien anos de soledad,"La mayoría creyó en el milagro, y hasta se encendieron velas y se rezaron novenarios.",15
garciamarquez_cienanosdesoledad_0398,Gabriel Garcia Marquez,Colombia,Cien anos de soledad,"Tal vez no se hubiera vuelto a hablar de otra cosa en mucho tiempo, si el bárbaro exterminio de los Aurelianos no hubiera sustituido el asombro por el espanto.",29
garciamarquez_cienanosdesoledad_0399,Gabriel Garcia Marquez,Colombia,Cien anos de soledad,"Cuando Aureliano Serrador y Aureliano Arcaya, los dos que llegaron en el tumulto, manifestaron la voluntad de quedarse en Macondo, su padre trató de disuadirlos.",25
garciamarquez_cienanosdesoledad_0400,Gabriel Garcia Marquez,Colombia,Cien anos de soledad,El coronel Aureliano Buendía tenía motivos todavía muy confusos para no patrocinar aquella determinación.,14
garciamarquez_cienanosdesoledad_0401,Gabriel Garcia Marquez,Colombia,Cien anos de soledad,"Todo el pueblo vio pasar al decapitado cuando un grupo de hombres lo llevaban a su casa, y la cabeza arrastrada que una mujer llevaba cogida por el pelo, y el talego ensangrentado donde habían metido los pedazos de niño.",40
garciamarquez_cienanosdesoledad_0402,Gabriel Garcia Marquez,Colombia,Cien anos de soledad,Para el coronel Aureliano Buendía fue el límite de la expiación.,11
garciamarquez_cienanosdesoledad_0403,Gabriel Garcia Marquez,Colombia,Cien anos de soledad,El emisario regresó con la noticia de que Aureliano Amador estaba a salvo.,13
garciamarquez_cienanosdesoledad_0404,Gabriel Garcia Marquez,Colombia,Cien anos de soledad,"La noche del exterminio habían ido a buscarlo dos hombres a su casa, y habían descargado sus revólveres contra él, pero no le habían acertado a la cruz de ceniza.",30
garciamarquez_cienanosdesoledad_0405,Gabriel Garcia Marquez,Colombia,Cien anos de soledad,"Pero el espanto de la desgracia había calado tan hondo, que ni la misma Fernanda se prestó al experimento, y nunca más se vio un Buendía arrodillado en el comulgatorio el miércoles de ceniza.",34
garciamarquez_cienanosdesoledad_0406,Gabriel Garcia Marquez,Colombia,Cien anos de soledad,En la furia de su tormento trataba inútilmente de provocar los presagios que guiaron su juventud por senderos de peligro hasta el desolado yermo de la gloria.,27
garciamarquez_cienanosdesoledad_0407,Gabriel Garcia Marquez,Colombia,Cien anos de soledad,El coronel Aureliano Buendía era el único habitante de la casa que no seguía viendo al potente anciano agobiado por medio siglo de intemperie.,24
garciamarquez_cienanosdesoledad_0408,Gabriel Garcia Marquez,Colombia,Cien anos de soledad,"No se lo dijo a nadie, pues habría sido un reconocimiento público de su inutilidad.",15
garciamarquez_cienanosdesoledad_0409,Gabriel Garcia Marquez,Colombia,Cien anos de soledad,"De modo que cuando oyó a Fernanda consternada porque había perdido el anillo, Úrsula recordó que lo único distinto que había hecho aquel día era asolear las esteras de los niños porque Meme había descubierto una chinche la noche anterior.",40
garciamarquez_cienanosdesoledad_0410,Gabriel Garcia Marquez,Colombia,Cien anos de soledad,"Aunque el temblor de las manos era cada vez más perceptible y no podía con el peso de los pies, nunca se vio su menudita figura en tantos lugares al mismo tiempo.",32
garciamarquez_cienanosdesoledad_0411,Gabriel Garcia Marquez,Colombia,Cien anos de soledad,Aquella desvalorización de la imagen del hijo le suscitó de un golpe toda la compasión que le estaba debiendo.,19
garciamarquez_cienanosdesoledad_0412,Gabriel Garcia Marquez,Colombia,Cien anos de soledad,"Fernanda se dio cuenta, sin embargo, de que había un sol de clarividencia en las sombras de ese desvarío, pues Úrsula podía decir sin titubeos cuánto dinero se había gastado en la casa durante el último año.",37
garciamarquez_cienanosdesoledad_0413,Gabriel Garcia Marquez,Colombia,Cien anos de soledad,"Pensaba que antes, cuando Dios no hacía con los meses y los años las mismas trampas que hacían los turcos al medir una yarda de percal, las cosas eran diferentes.",30
garciamarquez_cienanosdesoledad_0414,Gabriel Garcia Marquez,Colombia,Cien anos de soledad,"Un jueves a las dos de la tarde, José Arcadio se fue al seminario.",14
garciamarquez_cienanosdesoledad_0415,Gabriel Garcia Marquez,Colombia,Cien anos de soledad,El único que se negó a participar en la despedida fue el coronel Aureliano Buendía.,15
garciamarquez_cienanosdesoledad_0416,Gabriel Garcia Marquez,Colombia,Cien anos de soledad,"Sin embargo, hubo cambios radicales en el tradicional sentido de hospitalidad, porque entonces era Fernanda quien imponía sus leyes.",19
garciamarquez_cienanosdesoledad_0417,Gabriel Garcia Marquez,Colombia,Cien anos de soledad,De todas partes llegaban tragaldabas fabulosos para tomar parte en los irracionales torneos de capacidad y resistencia que se organizaban en casa de Petra Cotes.,25
garciamarquez_cienanosdesoledad_0418,Gabriel Garcia Marquez,Colombia,Cien anos de soledad,"Más tarde, cuando la vio consumir el cuadril de la ternera sin violar una sola regla de la mejor urbanidad, comentó seriamente que aquel delicado, fascinante e insaciable proboscidio era en cierto modo la mujer ideal.",36
garciamarquez_cienanosdesoledad_0419,Gabriel Garcia Marquez,Colombia,Cien anos de soledad,"Sin embargo, cuando Petra Cotes llevó a la mesa dos pavos asados, Aureliano Segundo estaba a un paso de la congestión.",21
garciamarquez_cienanosdesoledad_0420,Gabriel Garcia Marquez,Colombia,Cien anos de soledad,"Pero Aureliano Segundo lo interpretó como un nuevo desafío, y se atragantó de pavo hasta más allá de su increíble capacidad.",21
garciamarquez_cienanosdesoledad_0421,Gabriel Garcia Marquez,Colombia,Cien anos de soledad,"Había hecho en el patio una hoguera con las muñecas de Remedios, que decoraban su dormitorio desde el día de su matrimonio.",22
garciamarquez_cienanosdesoledad_0422,Gabriel Garcia Marquez,Colombia,Cien anos de soledad,Era evidente desde entonces que había heredado muy poco del carácter de la madre.,14
garciamarquez_cienanosdesoledad_0423,Gabriel Garcia Marquez,Colombia,Cien anos de soledad,"Era evidente que le gustaba la casa, que pasaba todo el año soñando con el alboroto de adolescentes que provocaba su llegada, y que no andaba muy lejos de la vocación festiva y los desafueros hospitalarios de su padre.",39
garciamarquez_cienanosdesoledad_0424,Gabriel Garcia Marquez,Colombia,Cien anos de soledad,"Al anochecer, las monjas estaban agotadas, incapacitadas para moverse, para impartir una orden más, y todavía el tropel de adolescentes incansables estaba en el patio cantando desabridos himnos escolares.",29
garciamarquez_cienanosdesoledad_0425,Gabriel Garcia Marquez,Colombia,Cien anos de soledad,"Aunque algunas sufrieron calenturas y a varias se les infectaron las picaduras de los mosquitos, la mayoría demostró una resistencia inquebrantable frente a las dificultades más penosas, y aun a la hora de más calor correteaban en el jardín.",39
garciamarquez_cienanosdesoledad_0426,Gabriel Garcia Marquez,Colombia,Cien anos de soledad,La invasión escolar había rebasado los límites de su paciencia.,10
garciamarquez_cienanosdesoledad_0427,Gabriel Garcia Marquez,Colombia,Cien anos de soledad,"Estaba, como siempre, arropado con la manta de lana, y con los largos calzoncillos de algodón crudo que seguía usando por comodidad, aunque a causa de su polvoriento anacronismo él mismo los llamaba «calzoncillos de godo».",36
garciamarquez_cienanosdesoledad_0428,Gabriel Garcia Marquez,Colombia,Cien anos de soledad,"Se puso los pantalones estrechos, pero no se cerró las presillas ni se puso en el cuello de la camisa el botón de oro que usaba siempre, porque tenía el propósito de darse un baño.",35
garciamarquez_cienanosdesoledad_0429,Gabriel Garcia Marquez,Colombia,Cien anos de soledad,"Luego se puso la manta en la cabeza, como un capirote, se peinó con los dedos el bigote chorreado, y fue a orinar en el patio.",26
garciamarquez_cienanosdesoledad_0430,Gabriel Garcia Marquez,Colombia,Cien anos de soledad,"Desde que decidió no venderlos, seguía fabricando dos pescaditos al día, y cuando completaba veinticinco volvía a fundirlos en el crisol para empezar a hacerlos de nuevo.",27
garciamarquez_cienanosdesoledad_0431,Gabriel Garcia Marquez,Colombia,Cien anos de soledad,Al término del almuerzo experimentó la zozobra de la ociosidad.,10
garciamarquez_cienanosdesoledad_0432,Gabriel Garcia Marquez,Colombia,Cien anos de soledad,"De modo que se acostó en la hamaca, sacándose la cera de los oídos con un cortaplumas, y a los pocos minutos se quedó dormido.",25
garciamarquez_cienanosdesoledad_0433,Gabriel Garcia Marquez,Colombia,Cien anos de soledad,"El coronel Aureliano Buendía emitió un eructo sonoro que le devolvió al paladar la acidez de la sopa, y que fue como una orden del organismo para que se echara la manta en los hombros y fuera al excusado.",39
garciamarquez_cienanosdesoledad_0434,Gabriel Garcia Marquez,Colombia,Cien anos de soledad,"Recordó que el coronel Gerineldo Márquez le había prometido alguna vez conseguirle un cabal lo con una estrella blanca en la frente, y que nunca se había vuelto a hablar de eso.",32
garciamarquez_cienanosdesoledad_0435,Gabriel Garcia Marquez,Colombia,Cien anos de soledad,"A pesar de su secreta hostilidad contra el coronel, fue Fernanda quien impuso el rigor de aquel duelo, impresionada por la solemnidad con que el gobierno exaltó la memoria del enemigo muerto.",32
garciamarquez_cienanosdesoledad_0436,Gabriel Garcia Marquez,Colombia,Cien anos de soledad,"En los últimos tiempos, el estorbo de la obesidad absurda que ya no le permitía amarrarse los cordones de los zapatos, y la satisfacción abusiva de toda clase de apetitos, habían empezado a agriarle el carácter.",36
garciamarquez_cienanosdesoledad_0437,Gabriel Garcia Marquez,Colombia,Cien anos de soledad,"No era bella, como nunca lo fue Amaranta, pero en cambio era simpática, descomplicada, y tenía la virtud de caer bien desde el primer momento.",25
garciamarquez_cienanosdesoledad_0438,Gabriel Garcia Marquez,Colombia,Cien anos de soledad,"Tenía un espíritu moderno que lastimaba la anticuada sobriedad y el mal disimulado corazón cicatero de Fernanda, y que en cambio Aureliano Segundo se complacía en patrocinar.",27
garciamarquez_cienanosdesoledad_0439,Gabriel Garcia Marquez,Colombia,Cien anos de soledad,"Era una advertencia sin sentido, porque la concubina estaba tan molesta con la camaradería de su amante con la hija que no quería saber nada de ella.",27
garciamarquez_cienanosdesoledad_0440,Gabriel Garcia Marquez,Colombia,Cien anos de soledad,"De modo que los baúles se quedaron donde estaban, y Petra Cotes se empeñó en reconquistar al marido afilando las únicas armas con que no podía disputárselo la hija.",29
garciamarquez_cienanosdesoledad_0441,Gabriel Garcia Marquez,Colombia,Cien anos de soledad,"En la mañana se ocupaba de su ropa, bordando en el corredor o cosiendo en la vieja máquina de manivela de Amaranta.",22
garciamarquez_cienanosdesoledad_0442,Gabriel Garcia Marquez,Colombia,Cien anos de soledad,"Meme captó muy bien el pensamiento de la tatarabuela, y al día siguiente de los bailes se levantaba más temprano que de costumbre para ir a misa.",27
garciamarquez_cienanosdesoledad_0443,Gabriel Garcia Marquez,Colombia,Cien anos de soledad,"El instrumento fue sacado una vez más de la casa y llevado a la del señor Brown, donde, en efecto, la joven concertista recibió los aplausos más sinceros y las fe-licitaciones más entusiastas.",33
garciamarquez_cienanosdesoledad_0444,Gabriel Garcia Marquez,Colombia,Cien anos de soledad,"Él le había hecho prometer que con la misma confianza lo pondría al corriente de su primer noviazgo, y Meme le había contado que simpatizaba con un pelirrojo norteamericano que fue a pasar vacaciones con sus padres.",37
garciamarquez_cienanosdesoledad_0445,Gabriel Garcia Marquez,Colombia,Cien anos de soledad,Su madurez de criterio afianzó la paz doméstica.,8
garciamarquez_cienanosdesoledad_0446,Gabriel Garcia Marquez,Colombia,Cien anos de soledad,Se hubiera dicho que en la cansada mansión de los Buendía había paz y felicidad rutinaria para mucho tiempo si la intempestiva muerte de Amaranta no hubiera promovido un nuevo escándalo.,31
garciamarquez_cienanosdesoledad_0447,Gabriel Garcia Marquez,Colombia,Cien anos de soledad,"Aunque estaba vieja y apartada de todos, todavía se notaba firme y recta, v con la salud de piedra que tuvo siempre.",22
garciamarquez_cienanosdesoledad_0448,Gabriel Garcia Marquez,Colombia,Cien anos de soledad,Nadie conoció su pensamiento desde la tarde en que rechazó definitivamente al coronel Gerineldo Márquez y se encerró a llorar.,20
garciamarquez_cienanosdesoledad_0449,Gabriel Garcia Marquez,Colombia,Cien anos de soledad,"Nadie pensó que hubiera amor en aquel acto, porque estaban acostumbrados a la familiaridad de Amaranta con los ritos de la muerte.",22
garciamarquez_cienanosdesoledad_0450,Gabriel Garcia Marquez,Colombia,Cien anos de soledad,"Fabricaría un cadáver hermoso, con la mortaja de lino y un ataúd forrado de peluche con vueltas de púrpura, y lo pondría a disposición de los gusanos en unos funerales espléndidos.",31
garciamarquez_cienanosdesoledad_0451,Gabriel Garcia Marquez,Colombia,Cien anos de soledad,"La vio un mediodía ardiente, cosiendo con ella en el corredor, poco después de que Meme se fue al colegio.",20
garciamarquez_cienanosdesoledad_0452,Gabriel Garcia Marquez,Colombia,Cien anos de soledad,"Varias veces Fernanda estuvo presente y no la vio, a pesar de que era tan real, tan humana, que en alguna ocasión le pidió a Amaranta el favor de que le ensartara una aguja.",34
garciamarquez_cienanosdesoledad_0453,Gabriel Garcia Marquez,Colombia,Cien anos de soledad,Fue entonces cuando entendió el círculo vicioso de los pescaditos de oro del coronel Aureliano Buendía.,16
garciamarquez_cienanosdesoledad_0454,Gabriel Garcia Marquez,Colombia,Cien anos de soledad,"Amaranta buscó entonces la manera de retrasarse cuarenta y ocho horas, y hasta pensó que la muerte la estaba complaciendo, porque en la noche del cuatro de febrero una tempestad descompuso la planta eléctrica.",34
garciamarquez_cienanosdesoledad_0455,Gabriel Garcia Marquez,Colombia,Cien anos de soledad,"Le llevaba al dormitorio la comida, y el agua de bija para que se lavara, y la mantenía al corriente de cuanto pasaba en Macondo.",25
garciamarquez_cienanosdesoledad_0456,Gabriel Garcia Marquez,Colombia,Cien anos de soledad,"Disponía entonces de tanto tiempo y de tanto silencio interior para vigilar la vida de la casa, que fue ella la primera en darse cuenta de la callada tribulación de Memo.",31
garciamarquez_cienanosdesoledad_0457,Gabriel Garcia Marquez,Colombia,Cien anos de soledad,"A Fernanda, sin embargo, le basté el verlo una vez para intuir su condición de menestral.",16
garciamarquez_cienanosdesoledad_0458,Gabriel Garcia Marquez,Colombia,Cien anos de soledad,No le permitió siquiera pasar de la puerta que un momento después tuvo que cerrar porque la casa estaba llena de mariposas amarillas.,23
garciamarquez_cienanosdesoledad_0459,Gabriel Garcia Marquez,Colombia,Cien anos de soledad,Nada tiene que venir a buscar entre la gente decente.,10
garciamarquez_cienanosdesoledad_0460,Gabriel Garcia Marquez,Colombia,Cien anos de soledad,"Al contrario del chófer titular, Mauricio Babilonia le hizo una demostración práctica.",12
garciamarquez_cienanosdesoledad_0461,Gabriel Garcia Marquez,Colombia,Cien anos de soledad,"Más tarde había de recordar que durante el paseo le llamó la atención su belleza varonil, salvo la brutalidad de las manos, pero que después había comentado con Patricia Brown la molestia que le produjo su seguridad un poco altanera.",40
garciamarquez_cienanosdesoledad_0462,Gabriel Garcia Marquez,Colombia,Cien anos de soledad,"Era como haberle dado una oportunidad que él deseaba, siendo que Meme anhelaba lo contrario, no sólo con Mauricio Babilonia, sino con cualquier otro hombre que se interesara en ella.",30
garciamarquez_cienanosdesoledad_0463,Gabriel Garcia Marquez,Colombia,Cien anos de soledad,"Esa noche comprendió que no tendría un instante de sosiego mientras no le demostrara a Mauricio Babilonia la vanidad de su aspiración, y pasó la semana revoloteando en torno de esa ansiedad.",32
garciamarquez_cienanosdesoledad_0464,Gabriel Garcia Marquez,Colombia,Cien anos de soledad,Fue entonces cuando cayó en la cuenta de las mariposas amarillas que precedían las apariciones de Mauricio Babilonia.,18
garciamarquez_cienanosdesoledad_0465,Gabriel Garcia Marquez,Colombia,Cien anos de soledad,"Pero cuando Mauricio Babilonia empezó a perseguiría, como un espectro que sólo ella identificaba en la multitud, comprendió que las mariposas amarillas tenían algo que ver con él.",28
garciamarquez_cienanosdesoledad_0466,Gabriel Garcia Marquez,Colombia,Cien anos de soledad,"Meme se atraganté el rubor, asimilé la tribulación, y hasta consiguió una sonrisa natural para pedirle el favor de que lo pusiera en el pasamanos porque tenía los dedos sucios de tierra.",32
garciamarquez_cienanosdesoledad_0467,Gabriel Garcia Marquez,Colombia,Cien anos de soledad,Meme sabía desde entonces que Aureliano Segundo tenía un compromiso el sábado en la noche.,15
garciamarquez_cienanosdesoledad_0468,Gabriel Garcia Marquez,Colombia,Cien anos de soledad,"Entonces oyó hablar de una mujer que hacía pronósticos de barajas, y fue a visitarla en secreto.",17
garciamarquez_cienanosdesoledad_0469,Gabriel Garcia Marquez,Colombia,Cien anos de soledad,"Le enseñé además cómo prevenir la concepción indeseable mediante la vaporización de cataplasmas de mostaza, y le dio recetas de bebedizos que en casos de percances hacían expulsar «hasta los remordimientos de conciencia».",33
garciamarquez_cienanosdesoledad_0470,Gabriel Garcia Marquez,Colombia,Cien anos de soledad,"Agarró cualquier trapo para espantarlas, y el corazón se le helé de pavor al relacionar los baños nocturnos de su hija con las cataplasmas de mostaza que rodaron por el suelo.",31
garciamarquez_cienanosdesoledad_0471,Gabriel Garcia Marquez,Colombia,Cien anos de soledad,"La situación pública era entonces tan incierta, que nadie tenía el espíritu dispuesto para ocuparse de escándalos privados, de modo que Fernanda contó con un ambiente propicio para mantener al niño escondido como si no hubiera existido nunca.",38
garciamarquez_cienanosdesoledad_0472,Gabriel Garcia Marquez,Colombia,Cien anos de soledad,"Tuvo que recibirlo, porque las circunstancias en que se lo llevaron no hacían posible el rechazo.",16
garciamarquez_cienanosdesoledad_0473,Gabriel Garcia Marquez,Colombia,Cien anos de soledad,Úrsula había de morir sin conocer su origen.,8
garciamarquez_cienanosdesoledad_0474,Gabriel Garcia Marquez,Colombia,Cien anos de soledad,No vio las umbrosas e interminables plantaciones de banano a ambos lados de las líneas.,15
garciamarquez_cienanosdesoledad_0475,Gabriel Garcia Marquez,Colombia,Cien anos de soledad,"Se embarcaron en un buque fluvial, cuya rueda de madera hacía un ruido de conflagración, y cuyas láminas de hierro carcomidas por el óxido reverberaban como la boca de un horno.",31
garciamarquez_cienanosdesoledad_0476,Gabriel Garcia Marquez,Colombia,Cien anos de soledad,"La última vez que Fernanda la vio, tratando de igualar su paso con el de la novicia, acababa de cerrarse detrás de ella el rastrillo de hierro de la clausura.",30
garciamarquez_cienanosdesoledad_0477,Gabriel Garcia Marquez,Colombia,Cien anos de soledad,"Aureliano Segundo estaba dispuesto a rescatar a su hija, con la policía si era necesario, pero Fernanda le hizo ver papeles en los que se demostraba que había ingresado a la clausura por propia voluntad.",35
garciamarquez_cienanosdesoledad_0478,Gabriel Garcia Marquez,Colombia,Cien anos de soledad,El nuevo Aureliano había cumplido un año cuando la tensión pública estalló sin ningún anuncio.,15
garciamarquez_cienanosdesoledad_0479,Gabriel Garcia Marquez,Colombia,Cien anos de soledad,La policía se conformó con vigilar el orden.,8
garciamarquez_cienanosdesoledad_0480,Gabriel Garcia Marquez,Colombia,Cien anos de soledad,"Los decrépitos abogados vestidos de negro que en otro tiempo asediaron al coronel Aureliano Buendía, y que entonces eran apoderados de la compañía bananera, desvirtuaban estos cargos con arbitrios que parecían cosa de magia.",34
garciamarquez_cienanosdesoledad_0481,Gabriel Garcia Marquez,Colombia,Cien anos de soledad,Al día siguiente compareció ante los jueces con el pelo pintado de negro y hablando un castellano sin tropiezos.,19
garciamarquez_cienanosdesoledad_0482,Gabriel Garcia Marquez,Colombia,Cien anos de soledad,Hizo la jugada que tenía prevista y no erró la carambola.,11
garciamarquez_cienanosdesoledad_0483,Gabriel Garcia Marquez,Colombia,Cien anos de soledad,"Entonces se asomé a la calle, y los vio.",9
garciamarquez_cienanosdesoledad_0484,Gabriel Garcia Marquez,Colombia,Cien anos de soledad,"Estaba firmado por el general Carlos Cortés Vargas, y por su secretario, el mayor Enrique García Isaza, y en tres artículos de ochenta palabras declaraba a los huelguistas cuadrilla de malhechores y facultaba al ejército para matarlos a bala.",39
garciamarquez_cienanosdesoledad_0485,Gabriel Garcia Marquez,Colombia,Cien anos de soledad,"Al final de su grito ocurrió algo que no le produjo espanto, sino una especie de alucinación.",17
garciamarquez_cienanosdesoledad_0486,Gabriel Garcia Marquez,Colombia,Cien anos de soledad,"De pronto, a un lado de la estación, un grito de muerte desgarró el encantamiento: «Aaaay, mi madre.",18
garciamarquez_cienanosdesoledad_0487,Gabriel Garcia Marquez,Colombia,Cien anos de soledad,"Se dio cuenta de que iba en un tren interminable y silencioso, y de que tenía el cabello apelmazado por la sangre seca y le dolían todos los huesos.",29
garciamarquez_cienanosdesoledad_0488,Gabriel Garcia Marquez,Colombia,Cien anos de soledad,"No había un espacio libre en el vagón, salvo el corredor central.",12
garciamarquez_cienanosdesoledad_0489,Gabriel Garcia Marquez,Colombia,Cien anos de soledad,"No llevaba ninguna luz, ni siquiera las rojas y verdes lámparas de posición, y se deslizaba a una velocidad nocturna y sigilosa.",22
garciamarquez_cienanosdesoledad_0490,Gabriel Garcia Marquez,Colombia,Cien anos de soledad,"Luego le sirvió un pocillo de café, sin azúcar, como le habían dicho que lo tomaban los Buendía, y abrió la ropa cerca del fuego.",25
garciamarquez_cienanosdesoledad_0491,Gabriel Garcia Marquez,Colombia,Cien anos de soledad,La única noticia humana era el primer toque para misa.,10
garciamarquez_cienanosdesoledad_0492,Gabriel Garcia Marquez,Colombia,Cien anos de soledad,"Aureliano Segundo había dormido en casa porque allí lo sorprendió la lluvia, y a las tres de la tarde todavía seguía esperando que escampara.",24
garciamarquez_cienanosdesoledad_0493,Gabriel Garcia Marquez,Colombia,Cien anos de soledad,Una noche de febrero se oyeron en la puerta los golpes inconfundibles de las culatas.,15
garciamarquez_cienanosdesoledad_0494,Gabriel Garcia Marquez,Colombia,Cien anos de soledad,"Úrsula despertó cuando encendieron la luz del aposento, y no exhalé un suspiro mientras duró la requisa, pero mantuvo los dedos en cruz, moviéndolos hacia donde los soldados se movían.",30
garciamarquez_cienanosdesoledad_0495,Gabriel Garcia Marquez,Colombia,Cien anos de soledad,El coronel Aureliano Buendía fue uno de nuestros más grandes hombres.,11
garciamarquez_cienanosdesoledad_0496,Gabriel Garcia Marquez,Colombia,Cien anos de soledad,"Frente al cuarto de Melquíades, que estaba otra vez con candado, Santa Sofía de la Piedad acudió a una última esperanza.",21
garciamarquez_cienanosdesoledad_0497,Gabriel Garcia Marquez,Colombia,Cien anos de soledad,"Al cerrarse la puerta, José Arcadio Segundo tuvo la certidumbre de que su guerra había terminado.",16
garciamarquez_cienanosdesoledad_0498,Gabriel Garcia Marquez,Colombia,Cien anos de soledad,"Años antes, el coronel Aureliano Buendía le había hablado de la fascinación de la guerra y había tratado de demostrarla con ejemplos incontables sacados de su propia experiencia.",28
garciamarquez_cienanosdesoledad_0499,Gabriel Garcia Marquez,Colombia,Cien anos de soledad,"Se lo conté a Santa Sofía de la Piedad, que le llevaba las comidas diarias, y ella le prometió luchar por estar viva hasta más allá de sus fuerzas, para asegurarse de que lo enterraran muerto.",36
garciamarquez_cienanosdesoledad_0500,Gabriel Garcia Marquez,Colombia,Cien anos de soledad,"Por eso le suplicó que le dejara la comida en el alféizar de la ventana, y le echara candado a la puerta.",22
garciamarquez_cienanosdesoledad_0501,Gabriel Garcia Marquez,Colombia,Cien anos de soledad,Ahora estoy seguro que eran todos los que estaban en la estación.,12
garciamarquez_cienanosdesoledad_0502,Gabriel Garcia Marquez,Colombia,Cien anos de soledad,Aureliano Segundo fue uno de los que más hicieron para no dejarse vencer por la ociosidad.,16
garciamarquez_cienanosdesoledad_0503,Gabriel Garcia Marquez,Colombia,Cien anos de soledad,"Para no aburrirse, se entregó a la tarea de componer los numerosos desperfectos de la casa.",16
garciamarquez_cienanosdesoledad_0504,Gabriel Garcia Marquez,Colombia,Cien anos de soledad,"Los niños recibieron alborozados a Aureliano Segundo, quien volvió a tocar para ellos el acordeón asmático.",16
garciamarquez_cienanosdesoledad_0505,Gabriel Garcia Marquez,Colombia,Cien anos de soledad,"Se lo mostró a Fernanda, y también ella admitió el parecido del jinete no sólo con el coronel, sino con todos los miembros de la familia, aunque en verdad era un guerrero tártaro.",33
garciamarquez_cienanosdesoledad_0506,Gabriel Garcia Marquez,Colombia,Cien anos de soledad,No la interrumpió hasta muy avanzada la tarde cuando no pudo soportar más la resonancia de bombo que le atormentaba la cabeza.,22
garciamarquez_cienanosdesoledad_0507,Gabriel Garcia Marquez,Colombia,Cien anos de soledad,Amaranta Úrsula y el pequeño Aureliano habían de recordar el diluvio como una época feliz.,15
garciamarquez_cienanosdesoledad_0508,Gabriel Garcia Marquez,Colombia,Cien anos de soledad,"Comía a cualquier hora, embarrado de pies a cabeza, y lo hacía en un rincón de la cocina, contestando apenas a las preguntas ocasionales de Santa Bofia de la Piedad.",30
garciamarquez_cienanosdesoledad_0509,Gabriel Garcia Marquez,Colombia,Cien anos de soledad,"Allí estaba todavía la segunda semana del junio siguiente, cuando la lluvia empezó a apaciguarse y las nubes se fueron alzando, y se vio que de un momento a otro iba a escampar.",33
garciamarquez_cienanosdesoledad_0510,Gabriel Garcia Marquez,Colombia,Cien anos de soledad,"Todavía conservaban en la piel el verde de alga y el olor de rincón que les imprimió la lluvia, pero en el fondo de sus corazones parecían satisfechos de haber recuperado el pueblo en que nacieron.",36
garciamarquez_cienanosdesoledad_0511,Gabriel Garcia Marquez,Colombia,Cien anos de soledad,"Entonces ella le dijo que se asomara al dormitorio, y Aureliano Segundo vio la mula.",15
garciamarquez_cienanosdesoledad_0512,Gabriel Garcia Marquez,Colombia,Cien anos de soledad,"Estaba con el pellejo pegado a los huesos, como la dueña, pero tan viva y resuelta como ella.",18
garciamarquez_cienanosdesoledad_0513,Gabriel Garcia Marquez,Colombia,Cien anos de soledad,"Levantada desde antes del amanecer, recurría a quien estuviera disponible, inclusive a los niños.",14
garciamarquez_cienanosdesoledad_0514,Gabriel Garcia Marquez,Colombia,Cien anos de soledad,La casa continuó cerrada por orden de Fernanda.,8
garciamarquez_cienanosdesoledad_0515,Gabriel Garcia Marquez,Colombia,Cien anos de soledad,"Allí lo encontró Úrsula una tarde en que andaba asperjando la casa con agua serenada y un ramo de ortigas, y a pesar de que había estado con él muchas veces, le preguntó quién era.",35
garciamarquez_cienanosdesoledad_0516,Gabriel Garcia Marquez,Colombia,Cien anos de soledad,"El domingo de resurrección, el centenario padre Antonio Isabel afirmó en el púlpito que la muerte de los pájaros obedecía a la mala influencia del Judío Errante, que él mismo había visto la noche anterior.",35
garciamarquez_cienanosdesoledad_0517,Gabriel Garcia Marquez,Colombia,Cien anos de soledad,"Lo describió como un híbrido de macho cabrío cruzado con hembra hereje, una bestia infernal cuyo aliento calcinaba el aire y cuya visita determinaría la concepción de engendros por las recién casadas.",32
garciamarquez_cienanosdesoledad_0518,Gabriel Garcia Marquez,Colombia,Cien anos de soledad,"Le había prometido mandarla a terminar sus estudios en Bruselas, de acuerdo con una costumbre establecida en los tiempos de la compañía bananera, y esa ilusión lo había llevado a tratar de revivir las tierras devastadas por el diluvio.",39
garciamarquez_cienanosdesoledad_0519,Gabriel Garcia Marquez,Colombia,Cien anos de soledad,"Aureliano Segundo descubrió esa amistad mucho tiempo después de iniciada, cuando oyó al niño hablando de la matanza de la estación.",21
garciamarquez_cienanosdesoledad_0520,Gabriel Garcia Marquez,Colombia,Cien anos de soledad,"Atormentado por el temor de morirse sin mandar a Bruselas a Amaranta Úrsula, trabajó como nunca lo había hecho, y en vez de una hizo tres rifas semanales.",28
garciamarquez_cienanosdesoledad_0521,Gabriel Garcia Marquez,Colombia,Cien anos de soledad,"Desde muy temprano se le veía recorrer el pueblo, aun en los barrios más apartados y miserables, tratando de vender los billetitos con una ansiedad que sólo era concebible en un moribundo.",32
garciamarquez_cienanosdesoledad_0522,Gabriel Garcia Marquez,Colombia,Cien anos de soledad,"No lo dejes ir, que la vida es más corta de lo que uno cree.",15
garciamarquez_cienanosdesoledad_0523,Gabriel Garcia Marquez,Colombia,Cien anos de soledad,"Pocos meses después, a la hora de la muerte, Aureliano Segundo había de recordarla como la vio la última vez, tratando de bajar sin conseguirlo el cristal polvoriento del vagón de segunda clase, para escuchar las últimas recomendaciones de Fernanda.",40
garciamarquez_cienanosdesoledad_0524,Gabriel Garcia Marquez,Colombia,Cien anos de soledad,"Los esposos permanecieron inmóviles bajo el sol abrasante, mirando cómo el tren se iba confundiendo con el punto negro del horizonte, y tomados del brazo por primera vez desde el día de la boda.",34
garciamarquez_cienanosdesoledad_0525,Gabriel Garcia Marquez,Colombia,Cien anos de soledad,"Petra Cotes lo ayudó a recoger sus ropas y lo despidió sin derramar una lágrima, pero olvidó darle los zapatos de charol que él quería llevar en el ataúd.",29
garciamarquez_cienanosdesoledad_0526,Gabriel Garcia Marquez,Colombia,Cien anos de soledad,"De modo que cuando supo que había muerto, se vistió de negro, envolvió los botines en un periódico, y le pidió permiso a Fernanda para ver al cadáver.",28
garciamarquez_cienanosdesoledad_0527,Gabriel Garcia Marquez,Colombia,Cien anos de soledad,"En el tumulto de última hora, los borrachitos tristes que los sacaron de la casa confundieron los ataúdes y los enterraron en tumbas equivocadas.",24
garciamarquez_cienanosdesoledad_0528,Gabriel Garcia Marquez,Colombia,Cien anos de soledad,"Aureliano avanzaba en los estudios del sánscrito, mientras Melquíades iba haciéndose cada vez menos asiduo y más lejano, esfumándose en la claridad radiante del mediodía.",25
garciamarquez_cienanosdesoledad_0529,Gabriel Garcia Marquez,Colombia,Cien anos de soledad,"Al día siguiente de la muerte de Aureliano Segundo, uno de los amigos que habían llevado la corona con la inscripción irreverente le ofreció pagarle a Fernanda un dinero que le había quedado debiendo a su esposo.",37
garciamarquez_cienanosdesoledad_0530,Gabriel Garcia Marquez,Colombia,Cien anos de soledad,"Varias veces, cuando le faltaron ánimos para vender billetitos y la gente perdió el interés por las rifas, se quedó ella sin comer para que comiera Fernanda, y no dejó de cumplir el compromiso mientras no vio pasar su entierro.",40
garciamarquez_cienanosdesoledad_0531,Gabriel Garcia Marquez,Colombia,Cien anos de soledad,Santa Sofía de la Piedad no pareció molestarse nunca por aquella condición subalterna.,13
garciamarquez_cienanosdesoledad_0532,Gabriel Garcia Marquez,Colombia,Cien anos de soledad,"Pero cuando murió Úrsula, la diligencia inhumana de Santa Sofía de la Piedad, su tremenda capacidad de trabajo, empezaron a quebrantarse.",21
garciamarquez_cienanosdesoledad_0533,Gabriel Garcia Marquez,Colombia,Cien anos de soledad,"Aureliano le dio catorce pescaditos de oro, porque ella estaba dispuesta a irse con lo único que tenía: un peso y veinticinco centavos.",23
garciamarquez_cienanosdesoledad_0534,Gabriel Garcia Marquez,Colombia,Cien anos de soledad,"Cuando se enteró de la fuga, Fernanda despotricó un día entero, mientras revisaba baúles, cómodas y armarios, cosa por cosa, para convencerse de que Santa Sofía de la Piedad no se había alzado con nada.",35
garciamarquez_cienanosdesoledad_0535,Gabriel Garcia Marquez,Colombia,Cien anos de soledad,"Con el tiempo, fue él quien hizo los oficios de cocina.",11
garciamarquez_cienanosdesoledad_0536,Gabriel Garcia Marquez,Colombia,Cien anos de soledad,"Quince días después se la devolvió el cartero que la había encontrado en su bolsa, y andaba buscando al dueño de casa en casa.",24
garciamarquez_cienanosdesoledad_0537,Gabriel Garcia Marquez,Colombia,Cien anos de soledad,"Amarró el plumero y la almohadilla del papel secante en la pata de la mesa, y pegó con goma el tintero en la tabla, a la derecha del lugar en que solía escribir.",33
garciamarquez_cienanosdesoledad_0538,Gabriel Garcia Marquez,Colombia,Cien anos de soledad,"Se había acos-tumbrado a llevar la cuenta de los días, los meses y los años, tomando como puntos de referencia las fechas previstas para el retorno de los hijos.",29
garciamarquez_cienanosdesoledad_0539,Gabriel Garcia Marquez,Colombia,Cien anos de soledad,"Pero cuando éstos modificaron los plazos una y otra vez, las fechas se le confundieron, los términos se le traspapelaron, y las jornadas se parecieron tanto las unas a las otras, que no se sentían transcurrir.",36
garciamarquez_cienanosdesoledad_0540,Gabriel Garcia Marquez,Colombia,Cien anos de soledad,"No sólo le negó el permiso, sino que desde entonces cargó las llaves de la casa en la bolsa donde guardaba los pesarios sin usar.",25
garciamarquez_cienanosdesoledad_0541,Gabriel Garcia Marquez,Colombia,Cien anos de soledad,"El cabello negro, lustrado y liso, partido en el centro del cráneo por una línea recta y exangüe, tenía la misma apariencia postiza del pelo de los santos.",28
garciamarquez_cienanosdesoledad_0542,Gabriel Garcia Marquez,Colombia,Cien anos de soledad,"La casa se impregnó a su paso de la fragancia de agua florida que Úrsula le echaba en la cabeza cuando era niño, para poder encontrarlo en las tinieblas.",29
garciamarquez_cienanosdesoledad_0543,Gabriel Garcia Marquez,Colombia,Cien anos de soledad,"La leyó de pie, con avidez pero sin ansiedad, y en la tercera página se detuvo, y examinó a Aureliano con una mirada de segundo reconocimiento.",26
garciamarquez_cienanosdesoledad_0544,Gabriel Garcia Marquez,Colombia,Cien anos de soledad,"Estaba en calzoncillos, empapado en sudor y no desentendió la escritura para ver quién había llegado.",16
garciamarquez_cienanosdesoledad_0545,Gabriel Garcia Marquez,Colombia,Cien anos de soledad,"El último hombre que leyó esos libros debió ser Isaac el Ciego, así que piensa bien lo que haces.",19
garciamarquez_cienanosdesoledad_0546,Gabriel Garcia Marquez,Colombia,Cien anos de soledad,"No se hacía abluciones con la totuma, sino que se zambullía en las aguas fragantes, y permanecía hasta dos horas flotando boca arriba, adormecido por la frescura y por el recuerdo de Amaranta.",33
garciamarquez_cienanosdesoledad_0547,Gabriel Garcia Marquez,Colombia,Cien anos de soledad,"Dos veces por semana lavaba la muda completa en la alberca, y se quedaba con la túnica hasta que se secaba, pues no tenía nada más que ponerse.",28
garciamarquez_cienanosdesoledad_0548,Gabriel Garcia Marquez,Colombia,Cien anos de soledad,"Salía a la calle cuando aflojaba el calor de la siesta, y no regresaba hasta muy entrada la noche.",19
garciamarquez_cienanosdesoledad_0549,Gabriel Garcia Marquez,Colombia,Cien anos de soledad,"Para esa época había acabado con los pantalones estrechos y la camisa de seda, y usaba una muda ordinaria comprada en los almacenes de los árabes, pero seguía manteniendo su dignidad lánguida y sus ademanes papales.",36
garciamarquez_cienanosdesoledad_0550,Gabriel Garcia Marquez,Colombia,Cien anos de soledad,"En varias ocasiones se metieron en la alberca, para jabonarlo de pies a cabeza, mientras él flotaba boca arriba, pensando en Amaranta.",22
garciamarquez_cienanosdesoledad_0551,Gabriel Garcia Marquez,Colombia,Cien anos de soledad,"Cambió por terciopelo nuevo las cortinas y el baldaquín del dormitorio, y les hizo poner baldosas al piso del bañe y azulejos a las paredes.",25
garciamarquez_cienanosdesoledad_0552,Gabriel Garcia Marquez,Colombia,Cien anos de soledad,"A la tercera noche de tortura, vencido por la asfixia, fue al cuarto de Aureliano pedirle el favor de que le comprara en una botica cercana unos polvos para inhalar.",30
garciamarquez_cienanosdesoledad_0553,Gabriel Garcia Marquez,Colombia,Cien anos de soledad,"José Arcadio había alcanzado a pensar que había huido, cuando lo vio aparecer de nuevo, un poco anhelante a causa de la prisa, arrastrando las piernas que el encierro y la falta de movilidad habían vuelto débiles y torpes.",39
garciamarquez_cienanosdesoledad_0554,Gabriel Garcia Marquez,Colombia,Cien anos de soledad,"Siguió encerrado, absorto en los pergaminos que peco a poco iba desentrañando, y cuyo sentido, sin embargo, no lograba interpretar.",20
garciamarquez_cienanosdesoledad_0555,Gabriel Garcia Marquez,Colombia,Cien anos de soledad,"Bastaba con verlo una vez, aun en la penumbra de la sala, para darse cuenta de que la fuerza secreta que le permitía vivir no era el instinto de conservación, sino la costumbre del miedo.",35
garciamarquez_cienanosdesoledad_0556,Gabriel Garcia Marquez,Colombia,Cien anos de soledad,"En realidad, desde que expulsó a los niños de la casa, José Arcadio esperaba noticias de un trasatlántico que saliera para Nápoles antes de Navidad.",25
garciamarquez_cienanosdesoledad_0557,Gabriel Garcia Marquez,Colombia,Cien anos de soledad,Sólo entonces comprendió cuánto había empezado a quererlo.,8
garciamarquez_cienanosdesoledad_0558,Gabriel Garcia Marquez,Colombia,Cien anos de soledad,"Apareció sin ningún anuncio, con un vestido color de marfil, un hilo de perlas que le daba casi a las rodillas, sortijas de esmeraldas y topacios, y el cabello redondo y liso rematado en las orejas con puntas de golondrinas.",40
garciamarquez_cienanosdesoledad_0559,Gabriel Garcia Marquez,Colombia,Cien anos de soledad,No tuvo sino que empujar la puerta de la sala para comprender que su ausencia había sido más prolongada y demoledora de le que ella suponía.,26
garciamarquez_cienanosdesoledad_0560,Gabriel Garcia Marquez,Colombia,Cien anos de soledad,"Desbandó las hormigas coloradas que ya se habían apoderado del corredor, resucitó los rosales, arrancó la maleza de raíz, y volvió a sembrar helechos, oréganos y begonias en los tiestos del pasamanos.",32
garciamarquez_cienanosdesoledad_0561,Gabriel Garcia Marquez,Colombia,Cien anos de soledad,"Lo obligó a cambiarse les escuálidos pantalones que heredó del coronel Aureliano Buendía, le regaló camisas juveniles y zapatos de des colores, y lo empujaba a la calle cuando pasaba mucho tiempo en el cuarto de Melquíades.",37
garciamarquez_cienanosdesoledad_0562,Gabriel Garcia Marquez,Colombia,Cien anos de soledad,La jaula de canarios demostraba que esos propósitos no eran improvisados.,11
garciamarquez_cienanosdesoledad_0563,Gabriel Garcia Marquez,Colombia,Cien anos de soledad,En vano procuró encariñarles con la pajarera que construyó Úrsula en la primera restauración.,14
garciamarquez_cienanosdesoledad_0564,Gabriel Garcia Marquez,Colombia,Cien anos de soledad,"Ya para entonces había disecado cuanto insecto era disecable en la región, hablaba el castellano como un nativo, y había descifrado todos los crucigramas de las revistas que recibían por correo.",31
garciamarquez_cienanosdesoledad_0565,Gabriel Garcia Marquez,Colombia,Cien anos de soledad,"Le gustaba tanto la comida criolla, que una vez se comió un sartal de ochenta y des huevos de iguana.",20
garciamarquez_cienanosdesoledad_0566,Gabriel Garcia Marquez,Colombia,Cien anos de soledad,"En realidad lo tenía bastante avanzado cuando conoció a Amaranta Úrsula, sólo que no era para Macondo sine para el Congo Belga, donde su familia tenía in-versiones en aceite de palma.",31
garciamarquez_cienanosdesoledad_0567,Gabriel Garcia Marquez,Colombia,Cien anos de soledad,"Aunque ella no lo había notado, el regreso de Amaranta Úrsula determinó un cambio radical en la vida de Aureliano.",20
garciamarquez_cienanosdesoledad_0568,Gabriel Garcia Marquez,Colombia,Cien anos de soledad,"Al morir el bisabuelo, Aureliano dejó de frecuentar la casa, pero se encontraba a Nigromanta baje los oscuros almendros de la plaza, cautivando con sus silbos de animal montuno a los escasos trasnochadores.",33
garciamarquez_cienanosdesoledad_0569,Gabriel Garcia Marquez,Colombia,Cien anos de soledad,"Aunque algunas veces sintió la tentación, y aunque a la propia Nigromanta le hubiera parecido una culminación natural de la nostalgia compartida, no se acostaba con ella.",27
garciamarquez_cienanosdesoledad_0570,Gabriel Garcia Marquez,Colombia,Cien anos de soledad,"Aureliano no sólo no pudo dormir un minuto, sino que pasó el día siguiente con calentura, sollozando de rabia.",19
garciamarquez_cienanosdesoledad_0571,Gabriel Garcia Marquez,Colombia,Cien anos de soledad,"Casi siempre, entre amor y amor, comían desnudos en la cama, en el calor alucinante y baje las estrellas diurnas que el óxido iba haciendo despuntar en el techo de cinc.",31
garciamarquez_cienanosdesoledad_0572,Gabriel Garcia Marquez,Colombia,Cien anos de soledad,"Para un hombre como él, encastillado en la realidad escrita, aquellas sesiones tormentosas que empezaban en la librería a las seis de la tarde y terminaban en los burdeles al amanecer, fueron una revelación.",34
garciamarquez_cienanosdesoledad_0573,Gabriel Garcia Marquez,Colombia,Cien anos de soledad,"Aureliano, cuyo mundo de entonces empezaba en los pergaminos de Melquíades y terminaba en la cama de Nigromanta encontró en el burdelito imaginario una cura de burro para la timidez.",30
garciamarquez_cienanosdesoledad_0574,Gabriel Garcia Marquez,Colombia,Cien anos de soledad,"Aunque Aureliano se sentía vinculado a los cuatro amigos por un mismo cariñe y una misma solidaridad, hasta el punto de que pensaba en ellos como si fueran uno solo, estaba más cerca de Gabriel que de los otros.",39
garciamarquez_cienanosdesoledad_0575,Gabriel Garcia Marquez,Colombia,Cien anos de soledad,"Eso fue por los días en que Gastón empezaba a esperar el aeroplano, y Amaranta Úrsula se encontraba tan sola, que una mañana apareció en el cuarto.",27
garciamarquez_cienanosdesoledad_0576,Gabriel Garcia Marquez,Colombia,Cien anos de soledad,"Había desistido del sedal, convencida de la fidelidad del marido, y por primera vez desde el regreso parecía disponer de un rato de ocio.",24
garciamarquez_cienanosdesoledad_0577,Gabriel Garcia Marquez,Colombia,Cien anos de soledad,"Más tarde, cuando obtuvo en los burdeles una información más profunda sobre la naturaleza de los hombres, pensó que la mansedumbre de Gastón tenía origen en la pasión desmandada.",29
garciamarquez_cienanosdesoledad_0578,Gabriel Garcia Marquez,Colombia,Cien anos de soledad,La antigua piedad de Aureliano se transformó en una animadversión virulenta.,11
garciamarquez_cienanosdesoledad_0579,Gabriel Garcia Marquez,Colombia,Cien anos de soledad,"Le pareció tan perverso el sistema de Gastón, pero al mismo tiempo tan eficaz, que se atrevió a prevenir a Amaranta Úrsula.",22
garciamarquez_cienanosdesoledad_0580,Gabriel Garcia Marquez,Colombia,Cien anos de soledad,"Sin embargo, ella se burló de su suspicacia, sin vislumbrar siquiera la desgarradora carga de amor, de incertidumbre y de celos que llevaba dentro.",24
garciamarquez_cienanosdesoledad_0581,Gabriel Garcia Marquez,Colombia,Cien anos de soledad,"Dándole besitos huérfanos en el cuenco de la mano herida, abrió los pasadizos más recónditos de su corazón, y se sacó una tripa interminable y macerada, el terrible animal parasitario que había incubado en el martirio.",36
garciamarquez_cienanosdesoledad_0582,Gabriel Garcia Marquez,Colombia,Cien anos de soledad,"Álvaro había llegado una de esas tardes a la librería del sabio catalán, pregonando a voz en cuello su último hallazgo: un burdel zoológico.",24
garciamarquez_cienanosdesoledad_0583,Gabriel Garcia Marquez,Colombia,Cien anos de soledad,"Desde aquella noche, Aureliano se había refugiado en la ternura y la comprensión compasiva de la tatarabuela ignorada.",18
garciamarquez_cienanosdesoledad_0584,Gabriel Garcia Marquez,Colombia,Cien anos de soledad,"Fue dispuesto a desahogarse con palabras, a que alguien le zafara los nudos que le oprimían el pecho, pero sólo consiguió soltarse en un llanto fluido y cálido y reparador, en el regazo de Pilar Ternera.",36
garciamarquez_cienanosdesoledad_0585,Gabriel Garcia Marquez,Colombia,Cien anos de soledad,"Ella lo dejó terminar, rascándole la cabeza con la yema de los dedos, y sin que él le hubiera revelado que estaba llorando de amor ella reconoció de inmediato el llanto más antiguo de la historia del hombre.",38
garciamarquez_cienanosdesoledad_0586,Gabriel Garcia Marquez,Colombia,Cien anos de soledad,"Cuando Aureliano se lo dijo, Pilar Ternera emitió una risa profunda, la antigua risa expansiva que había terminado por parecer un cucurrucuteo de palomas.",24
garciamarquez_cienanosdesoledad_0587,Gabriel Garcia Marquez,Colombia,Cien anos de soledad,"Aureliano la vio pasar frente a su cuarto, con una bata de pliegues tenues y una toalla enrollada en la cabeza como un turbante.",24
garciamarquez_cienanosdesoledad_0588,Gabriel Garcia Marquez,Colombia,Cien anos de soledad,"La siguió casi en puntillas, tambaleándose de la borrachera y entró al dormitorio nupcial en el momento en que ella se abrió la bata y se la volvió a cerrar espantada.",31
garciamarquez_cienanosdesoledad_0589,Gabriel Garcia Marquez,Colombia,Cien anos de soledad,"Hizo una señal silenciosa hacia el cuarto contiguo, cuya puerta estaba entreabierta, y donde Aureliano sabia que Gastón empezaba a escribir una carta.",23
garciamarquez_cienanosdesoledad_0590,Gabriel Garcia Marquez,Colombia,Cien anos de soledad,"Pilar Ternera murió en el mecedor de bejuco, una noche de fiesta, vigilando la entrada de su paraíso.",18
garciamarquez_cienanosdesoledad_0591,Gabriel Garcia Marquez,Colombia,Cien anos de soledad,"De acuerdo con su última voluntad, la enterraron sin ataúd, sentada en el mecedor que ocho hombres bajaron con cabuyas en un hueco enorme, excavado en el centro de la pista de baile.",33
garciamarquez_cienanosdesoledad_0592,Gabriel Garcia Marquez,Colombia,Cien anos de soledad,"Luego se fueron Alfonso y Germán, un sábado, con la idea de regresar el lunes, y nunca se volvió a saber de ellos.",23
garciamarquez_cienanosdesoledad_0593,Gabriel Garcia Marquez,Colombia,Cien anos de soledad,"Profundizando en el pasado, Amaranta Úrsula recordó la tarde en que entró al taller de platería y su madre le contó que el pequeño Aureliano no era hijo de nadie porque había sido encontrado flotando en una canastilla.",38
garciamarquez_cienanosdesoledad_0594,Gabriel Garcia Marquez,Colombia,Cien anos de soledad,"De lo único que estaban seguros, después de examinar todas las posibilidades, era de que Fernanda no fue la madre de Aureliano.",22
garciamarquez_cienanosdesoledad_0595,Gabriel Garcia Marquez,Colombia,Cien anos de soledad,"De modo que Aureliano y Amaranta Úrsula aceptaron la versión de la canastilla, no porque la creyeran, sino porque los ponía a salvo de sus terrores.",26
garciamarquez_cienanosdesoledad_0596,Gabriel Garcia Marquez,Colombia,Cien anos de soledad,El resto de la casa se rindió al asedio tenaz de la destrucción.,13
garciamarquez_cienanosdesoledad_0597,Gabriel Garcia Marquez,Colombia,Cien anos de soledad,"Creyendo que eso lo consolaba, tachó con una raya de carbón los incontables amores que él seguía debiéndole, y evocó voluntariamente sus tristezas más solitarias para no dejarlo solo en el llanto.",32
garciamarquez_cienanosdesoledad_0598,Gabriel Garcia Marquez,Colombia,Cien anos de soledad,Abrió los ojos y se acordó del niño.,8
garciamarquez_cienanosdesoledad_0599,Gabriel Garcia Marquez,Colombia,Cien anos de soledad,"Herido por las lanzas mortales de las nostalgias propias y ajenas, admiró la impavidez de la telaraña en los rosales muertos, la perseverancia de la cizaña, la paciencia del aire en el radiante amanecer de febrero.",36
llosa_laciudadylosperros_0000,Mario Vargas Llosa,Peru,La ciudad y los perros,"Lo colmaba ahora una serenidad silenciosa, alterada instantáneamente por ronquidos o murmullos.",12
llosa_laciudadylosperros_0001,Mario Vargas Llosa,Peru,La ciudad y los perros,Se deslizó en puntas de pie hacia la puerta.,9
llosa_laciudadylosperros_0002,Mario Vargas Llosa,Peru,La ciudad y los perros,"Miró afuera: el patio estaba vacío, débilmente iluminado por los globos eléctricos de la pista de desfile, que separaba las cuadras de un campo de hierba.",26
llosa_laciudadylosperros_0003,Mario Vargas Llosa,Peru,La ciudad y los perros,"Envidió a los cadetes que dormían, a los suboficiales, los soldados entumecidos en el galpón levantado a la otra orilla del estadio.",22
llosa_laciudadylosperros_0004,Mario Vargas Llosa,Peru,La ciudad y los perros,"El estallido de las olas y la resaca del mar extendido al pie del colegio, al fondo de los acantilados, apagaba el ruido de los botines.",26
llosa_laciudadylosperros_0005,Mario Vargas Llosa,Peru,La ciudad y los perros,"Fue retirando con la lima la masilla del contorno, que recogía en la otra mano.",15
llosa_laciudadylosperros_0006,Mario Vargas Llosa,Peru,La ciudad y los perros,Apagó la linterna y volvió hacia la ventana.,8
llosa_laciudadylosperros_0007,Mario Vargas Llosa,Peru,La ciudad y los perros,Cava sintió en su cara una lluvia invisible- ¡Serrano! Cava dejó caer las manos.,14
llosa_laciudadylosperros_0008,Mario Vargas Llosa,Peru,La ciudad y los perros,"Unos labios familiares rozaron su boca y él tuvo la impresión de que, en el sueño, se había convertido en un gatito.",22
llosa_laciudadylosperros_0009,Mario Vargas Llosa,Peru,La ciudad y los perros,"El automóvil avanzaba ahora despacio: veía vagas casas, luces, árboles y una avenida más larga que la calle principal de Chiclayo.",21
llosa_laciudadylosperros_0010,Mario Vargas Llosa,Peru,La ciudad y los perros,"Luego, su madre se separó del hombre, se volvió hacia él y le dijo: ""es tu papá, Richi.",18
llosa_laciudadylosperros_0011,Mario Vargas Llosa,Peru,La ciudad y los perros,"Cuando la luz ingresó a la habitación y la calle se pobló de ruidos, sus ojos seguían abiertos y sus oídos en guardia.",23
llosa_laciudadylosperros_0012,Mario Vargas Llosa,Peru,La ciudad y los perros,"Quiero decir de la cabeza, no del cuerpo.",8
llosa_laciudadylosperros_0013,Mario Vargas Llosa,Peru,La ciudad y los perros,"Bruscamente, da un paso atrás y exclama: -¡Yo no soy un cura, qué carajo! ¡Váyase a hacer consultas morales a su padre o a su madre!",26
llosa_laciudadylosperros_0014,Mario Vargas Llosa,Peru,La ciudad y los perros,"En el Ejército, cadetes, hay que respetar los símbolos, qué caray"".",11
llosa_laciudadylosperros_0015,Mario Vargas Llosa,Peru,La ciudad y los perros,"Alberto adivina detrás del cemento, las atestadas tinieblas de las cuadras, los cuerpos encogidos en las literas.",17
llosa_laciudadylosperros_0016,Mario Vargas Llosa,Peru,La ciudad y los perros,"La puerta del baño está abierta y Alberto los distingue a lo lejos, desde el umbral de la cuadra.",19
llosa_laciudadylosperros_0017,Mario Vargas Llosa,Peru,La ciudad y los perros,"Alberto saca su linterna - los imaginarias, además del fusil, llevan una linterna y un brazalete morado- y la enciende.",20
llosa_laciudadylosperros_0018,Mario Vargas Llosa,Peru,La ciudad y los perros,El Esclavo levanta una mano para protegerse de la luz.,10
llosa_laciudadylosperros_0019,Mario Vargas Llosa,Peru,La ciudad y los perros,¿Por qué lo imitan todos? - Yo no lo imito - dice el Esclavo.,14
llosa_laciudadylosperros_0020,Mario Vargas Llosa,Peru,La ciudad y los perros,A mí no me gusta que me coman.,8
llosa_laciudadylosperros_0021,Mario Vargas Llosa,Peru,La ciudad y los perros,Mi padre me mandará a estudiar a Estados Unidos.,9
llosa_laciudadylosperros_0022,Mario Vargas Llosa,Peru,La ciudad y los perros,"¿Y tú, qué vas a ser? - Yo quería ser marino - dice el Esclavo -.",16
llosa_laciudadylosperros_0023,Mario Vargas Llosa,Peru,La ciudad y los perros,La niebla se ha condensado; los faroles de la pista parecen más pequeños y su luz es más débil.,19
llosa_laciudadylosperros_0024,Mario Vargas Llosa,Peru,La ciudad y los perros,"Hace dos días que está sin cigarrillos, pero sus manos repiten el gesto, mecánicamente, cada vez que desea fumar.",19
llosa_laciudadylosperros_0025,Mario Vargas Llosa,Peru,La ciudad y los perros,"Alberto vuelve a aspirar; la brasa resplandece y el humo se confunde con la neblina, que está muy baja, casi a ras de tierra.",24
llosa_laciudadylosperros_0026,Mario Vargas Llosa,Peru,La ciudad y los perros,Hay un ropero que está lejos de las cama.,9
llosa_laciudadylosperros_0027,Mario Vargas Llosa,Peru,La ciudad y los perros,"Al llegar a la puerta de la primera sección, se vuelve hacia su compañero: ¿Y los cordones?",17
llosa_laciudadylosperros_0028,Mario Vargas Llosa,Peru,La ciudad y los perros,Hace un rato salió Cava y fue hacia las aulas.,10
llosa_laciudadylosperros_0029,Mario Vargas Llosa,Peru,La ciudad y los perros,Alberto le da una palmada en el hombro.,8
llosa_laciudadylosperros_0030,Mario Vargas Llosa,Peru,La ciudad y los perros,"De diversos sectores del año llega hasta ellos ruido de pasos, de roperos, incluso algunas lisuras.",16
llosa_laciudadylosperros_0031,Mario Vargas Llosa,Peru,La ciudad y los perros,Pero te aviso que la ronda está en la segunda sección.,11
llosa_laciudadylosperros_0032,Mario Vargas Llosa,Peru,La ciudad y los perros,La calle Diego Ferré tiene menos de trescientos metros de largo y cualquier caminante desprevenido la tomaría por un callejón sin salida.,22
llosa_laciudadylosperros_0033,Mario Vargas Llosa,Peru,La ciudad y los perros,"En efecto, desde la esquina de la avenida Larco, donde comienza, se ve dos cuadras más allá, cerrando el otro extremo, la fachada de una casa de dos pisos, con un pequeño jardín protegido por una baranda verde.",38
llosa_laciudadylosperros_0034,Mario Vargas Llosa,Peru,La ciudad y los perros,"Cuando se formó un equipo de fulbito para intervenir en el campeonato anual del ""Club Terrazas"", los muchachos se presentaron con el nombre de - Barrio Alegre"".",27
llosa_laciudadylosperros_0035,Mario Vargas Llosa,Peru,La ciudad y los perros,"De San Isidro, el padre de un compañero los llevaba a ambos hasta el colegio ""La Salle"", todas las mañanas.",20
llosa_laciudadylosperros_0036,Mario Vargas Llosa,Peru,La ciudad y los perros,"Frente a su casa de San Isidro había una librería y el dueño le permitía leer los Penecas y Billiken detrás del mostrador y a veces se los prestaba por un día, advirtiéndole que no los ajara ni ensuciara.",39
llosa_laciudadylosperros_0037,Mario Vargas Llosa,Peru,La ciudad y los perros,Poco después oyó voces de muchachos que llegaban hasta él por la ventana.,13
llosa_laciudadylosperros_0038,Mario Vargas Llosa,Peru,La ciudad y los perros,"Poco a poco, aquél fue demostrando un interés estrictamente deportivo; cuando Tico metía un gol o Pluto atajaba la pelota, asentía sin sonreír, como un entendido.",26
llosa_laciudadylosperros_0039,Mario Vargas Llosa,Peru,La ciudad y los perros,¿Y qué pasa si el Rulos se tira al muchacho?,10
llosa_laciudadylosperros_0040,Mario Vargas Llosa,Peru,La ciudad y los perros,"Lo mejor, dijo el Jaguar, es amarrarle las patas y el pico.",12
llosa_laciudadylosperros_0041,Mario Vargas Llosa,Peru,La ciudad y los perros,"Quietos, que huele a suboficial, menos mal que pasó lejos, yo soy muy macho.",14
llosa_laciudadylosperros_0042,Mario Vargas Llosa,Peru,La ciudad y los perros,"Está consignado, ahora lo vi en el comedor, matoneaba a los ocho perros de su mesa.",16
llosa_laciudadylosperros_0043,Mario Vargas Llosa,Peru,La ciudad y los perros,"Teniente Gamboa, aquí hay alguien que se está comiendo una gallina.",11
llosa_laciudadylosperros_0044,Mario Vargas Llosa,Peru,La ciudad y los perros,Me estoy helando de frío y a lo mejor me constipo.,11
llosa_laciudadylosperros_0045,Mario Vargas Llosa,Peru,La ciudad y los perros,"Es la tercera, no ven cómo huele a gordito apetitoso.",10
llosa_laciudadylosperros_0046,Mario Vargas Llosa,Peru,La ciudad y los perros,"Alguien va a quedar encinta, no se olviden que el serrano le dejó adentro tamaña piedra.",16
llosa_laciudadylosperros_0047,Mario Vargas Llosa,Peru,La ciudad y los perros,La agarras del pescuezo y la tuerces en el aire.,10
llosa_laciudadylosperros_0048,Mario Vargas Llosa,Peru,La ciudad y los perros,"Trepa de una vez que ya está bien cogido, huevas.",10
llosa_laciudadylosperros_0049,Mario Vargas Llosa,Peru,La ciudad y los perros,"Cómo patea el enano, cómo pateaba, cómo, qué esperas para treparte, no ves que duerme más calato que una foca.",20
llosa_laciudadylosperros_0050,Mario Vargas Llosa,Peru,La ciudad y los perros,"Oye Boa, no le tapes así la jeta que a lo mejor se ahoga.",14
llosa_laciudadylosperros_0051,Mario Vargas Llosa,Peru,La ciudad y los perros,"¿Y ustedes, enanos, alguien los ha invitado, qué hacen levantados, por favor, alguien dijo que enciendan la luz?",18
llosa_laciudadylosperros_0052,Mario Vargas Llosa,Peru,La ciudad y los perros,"Y tú de qué gritas, no ves que es una broma.",11
llosa_laciudadylosperros_0053,Mario Vargas Llosa,Peru,La ciudad y los perros,Esperen que voy a aplastar unos cuantos enanos.,8
llosa_laciudadylosperros_0054,Mario Vargas Llosa,Peru,La ciudad y los perros,"Puaf, decía el Rulos, chupando un hueso, la carne ha quedado toda chamuscada y con pelos.",16
llosa_laciudadylosperros_0055,Mario Vargas Llosa,Peru,La ciudad y los perros,"La corneta que lleva en la mano se balancea con el movimiento de su cuerpo y, en la difusa claridad, brilla.",21
llosa_laciudadylosperros_0056,Mario Vargas Llosa,Peru,La ciudad y los perros,"Escucha el eco de su propia corneta y, segundos después, las injurias de los perros que desfogan contra él la cólera que les causa el final de la noche.",29
llosa_laciudadylosperros_0057,Mario Vargas Llosa,Peru,La ciudad y los perros,"Allí no hay reacción; los veteranos saben que desde el toque de diana hasta el silbato llamando a filas tienen quince minutos, la mitad de los cuales pueden aprovechar todavía en el lecho.",33
llosa_laciudadylosperros_0058,Mario Vargas Llosa,Peru,La ciudad y los perros,"Pasea la vista de un extremo a otro, como un pastor que contempla su rebaño- ¡Los perros forman en dos minutos y medio!",23
llosa_laciudadylosperros_0059,Mario Vargas Llosa,Peru,La ciudad y los perros,"Después de entregar las papeletas, murmuran: ""permiso para regresar a la formación, mi suboficial"".",14
llosa_laciudadylosperros_0060,Mario Vargas Llosa,Peru,La ciudad y los perros,"En las manos de Gamboa, las papeletas se mecen como un abanico.",12
llosa_laciudadylosperros_0061,Mario Vargas Llosa,Peru,La ciudad y los perros,Los tres cadetes se cuadran ante el teniente.,8
llosa_laciudadylosperros_0062,Mario Vargas Llosa,Peru,La ciudad y los perros,"Urioste es el cadete más fuerte de la primera y, tal vez, del colegio.",14
llosa_laciudadylosperros_0063,Mario Vargas Llosa,Peru,La ciudad y los perros,Los Ojos movedizos y saltones de Vallano echan en torno una mirada desconfiada.,13
llosa_laciudadylosperros_0064,Mario Vargas Llosa,Peru,La ciudad y los perros,"Riendo a carcajadas, Arróspide se inclina a recogerlo.",8
llosa_laciudadylosperros_0065,Mario Vargas Llosa,Peru,La ciudad y los perros,"Se levanta, estira un brazo, su mano se cierra sobre el cuello de Vallano.",14
llosa_laciudadylosperros_0066,Mario Vargas Llosa,Peru,La ciudad y los perros,"Digo para robar hay que ser vivo, aunque sea un cordón, aunque sea una pezuña, qué sería si Arróspide lo cosiera a cabezazos, el negro y el blanco, qué sería.",30
llosa_laciudadylosperros_0067,Mario Vargas Llosa,Peru,La ciudad y los perros,"Vallano asiente, pasándose la lengua por los labios en busca de las últimas migas de pan.",16
llosa_laciudadylosperros_0068,Mario Vargas Llosa,Peru,La ciudad y los perros,"La marcha se transforma en trote cuando la formación llega a la escalera; los botines resbalan, los suboficiales maldicen.",19
llosa_laciudadylosperros_0069,Mario Vargas Llosa,Peru,La ciudad y los perros,"Se oyó un grito y luego, un perro cruzó el patio como una exhalación, tapándose la oreja con las manos: entre sus dedos corría un hilo de sangre que el sacón absorbía en una mancha oscura.",36
llosa_laciudadylosperros_0070,Mario Vargas Llosa,Peru,La ciudad y los perros,El suboficial Pezoa aparece en la puerta con un alto de exámenes.,12
llosa_laciudadylosperros_0071,Mario Vargas Llosa,Peru,La ciudad y los perros,"Junto a Gamboa, que es alto y atlético, parece insignificante con sus ropas de civil, demasiado anchas para su cuerpo.",20
llosa_laciudadylosperros_0072,Mario Vargas Llosa,Peru,La ciudad y los perros,"Deja de caminar, queda en el centro del aula.",9
llosa_laciudadylosperros_0073,Mario Vargas Llosa,Peru,La ciudad y los perros,"Era el último día del verano y el cielo de Lima se encapotaba, después de arder tres meses como un ascua sobre las playas, para echar un largo sueño gris.",30
llosa_laciudadylosperros_0074,Mario Vargas Llosa,Peru,La ciudad y los perros,"La voz del capitán Garrido les anunciaba que la vida civil había terminado para ellos por tres años, que aquí se harían hombres, que el espíritu militar se compone de tres elementos simples': obediencia, trabajo y valor.",37
llosa_laciudadylosperros_0075,Mario Vargas Llosa,Peru,La ciudad y los perros,Pero la cuadra estaba llena de humo y de uniformes y se oían risas y gritos.,16
llosa_laciudadylosperros_0076,Mario Vargas Llosa,Peru,La ciudad y los perros,"Trató de levantarse, pero no pudo: un pie se había instalado sobre su estómago.",14
llosa_laciudadylosperros_0077,Mario Vargas Llosa,Peru,La ciudad y los perros,Pero a ellos no parecía importarles; lo escuchaban atentamente.,9
llosa_laciudadylosperros_0078,Mario Vargas Llosa,Peru,La ciudad y los perros,El de la izquierda lo hizo casi inmediatamente.,8
llosa_laciudadylosperros_0079,Mario Vargas Llosa,Peru,La ciudad y los perros,"El Esclavo recibió un puntapié en el trasero y al instante contestó: - No sé, mi cadete.",17
llosa_laciudadylosperros_0080,Mario Vargas Llosa,Peru,La ciudad y los perros,¿Saben qué pasa cuando un perro y una perra se encuentran en la calle?,14
llosa_laciudadylosperros_0081,Mario Vargas Llosa,Peru,La ciudad y los perros,"Casi todos saltaron de las camas y corrieron al baño, descalzos: alto y escuálido, Vallano estaba en el centro de la habitación amarillenta, frotándose el estómago.",26
llosa_laciudadylosperros_0082,Mario Vargas Llosa,Peru,La ciudad y los perros,Era la primera vez que lo oían nombrar.,8
llosa_laciudadylosperros_0083,Mario Vargas Llosa,Peru,La ciudad y los perros,"Cuando el Jaguar entró al baño, precedido por Cava, todos comprendieron que éste había mentido: esos pómulos, ese mentón habían sido golpeados y también esa ancha nariz de buldog.",29
llosa_laciudadylosperros_0084,Mario Vargas Llosa,Peru,La ciudad y los perros,"Nos reuniremos en las noches, después del toque de silencio.",10
llosa_laciudadylosperros_0085,Mario Vargas Llosa,Peru,La ciudad y los perros,"Ya formados, vieron que el herido era llevado en hombros a la enfermería por sus compañeros.",16
llosa_laciudadylosperros_0086,Mario Vargas Llosa,Peru,La ciudad y los perros,"Proyectaban una película al mediodía y en las tardes venían las familias: los perros se paseaban por la pista de desfile, el descampado, el estadio y los patios, rodeados de personas solícitas.",32
llosa_laciudadylosperros_0087,Mario Vargas Llosa,Peru,La ciudad y los perros,"Sí, por lo menos no tan rápido, se me ocurre que si no descubre el Círculo la sección no se hubiera vuelto un muladar, estaríamos vivitos y coleando, no tan rápido.",31
llosa_laciudadylosperros_0088,Mario Vargas Llosa,Peru,La ciudad y los perros,"Esta misma tarde, al salir del comedor ante la mirada lánguida de la vicuña, surgió la primera pelea en la sección.",21
llosa_laciudadylosperros_0089,Mario Vargas Llosa,Peru,La ciudad y los perros,"Me hacía pasar gruñendo ""estudien en la cocina, ahí hay más luz"".",12
llosa_laciudadylosperros_0090,Mario Vargas Llosa,Peru,La ciudad y los perros,"Estudiábamos todas las tardes, unas dos horas, a veces más, y yo mentía siempre ""tengo montones de deberes"", para que nos quedáramos en la cocina un rato más.",28
llosa_laciudadylosperros_0091,Mario Vargas Llosa,Peru,La ciudad y los perros,"Ese año saqué notas altísimas en el Colegio y los profesores me trataban bien, me ponían de ejemplo, me hacían salir a la pizarra, a veces me nombraban monitor y los muchachos del Sáenz Peña me decían chancón.",38
llosa_laciudadylosperros_0092,Mario Vargas Llosa,Peru,La ciudad y los perros,Lo encontraba en una esquina de la plaza Bellavista y apenas me veía venir se me acercaba.,17
llosa_laciudadylosperros_0093,Mario Vargas Llosa,Peru,La ciudad y los perros,En ese tiempo sólo pensaba en que llegaran las cinco y lo único que odiaba eran los domingos.,18
llosa_laciudadylosperros_0094,Mario Vargas Llosa,Peru,La ciudad y los perros,No hay nada más ingrato que el gobierno.,8
llosa_laciudadylosperros_0095,Mario Vargas Llosa,Peru,La ciudad y los perros,"Hasta hacía calor y era invierno, pero se comprende con ese techo de calamina y más de mil tipos apretados, nos ahogábamos.",22
llosa_laciudadylosperros_0096,Mario Vargas Llosa,Peru,La ciudad y los perros,"Y entonces yo me senté, sin buscar más el cigarrillo, quién se lo encontraría.",14
llosa_laciudadylosperros_0097,Mario Vargas Llosa,Peru,La ciudad y los perros,"Aquí se arma, mejor me aprieto un poco el cinturón.",10
llosa_laciudadylosperros_0098,Mario Vargas Llosa,Peru,La ciudad y los perros,"A Huarina ni se le veía, pero sí a los tenientes de quinto y de tercero y a los suboficiales.",20
llosa_laciudadylosperros_0099,Mario Vargas Llosa,Peru,La ciudad y los perros,"El punto de vista de Alberto solía prevalecer, porque en esas discusiones ponía un empeño, una convicción que fatigaban a los demás.",22
llosa_laciudadylosperros_0100,Mario Vargas Llosa,Peru,La ciudad y los perros,"Cada vez que uno vencía un obstáculo o acertaba un salto arriesgado, los demás aplaudían.",15
llosa_laciudadylosperros_0101,Mario Vargas Llosa,Peru,La ciudad y los perros,En la mañana debían ir a misa del Colegio Champagnat de Miraflores; sólo Emilio y Alberto estudiaban en Lima.,19
llosa_laciudadylosperros_0102,Mario Vargas Llosa,Peru,La ciudad y los perros,"Las muchachas del barrio, tan numerosas como los hombres, formaban también un grupo compacto, furiosamente enemistado con el de los varones.",21
llosa_laciudadylosperros_0103,Mario Vargas Llosa,Peru,La ciudad y los perros,"Los habían levantado a medianoche a los serranos y los tenían en la pista de desfile, armados hasta los dientes, como si fueran a la guerra, y también los tenientes y los suboficiales, es un hecho que se la olían.",40
llosa_laciudadylosperros_0104,Mario Vargas Llosa,Peru,La ciudad y los perros,"Y estaba lleno de gente, los soldados habían traído sillas del comedor o eso fue otra vez, pero digamos que estaba lleno de gente, imposible distinguir al general Mendoza entre tanto uniforme.",32
llosa_laciudadylosperros_0105,Mario Vargas Llosa,Peru,La ciudad y los perros,"Y nosotros comenzamos también a mentarles la madre, bajito, despacito, Malpapeada.",11
llosa_laciudadylosperros_0106,Mario Vargas Llosa,Peru,La ciudad y los perros,Me dolían los brazos desde antes y sólo de nervios.,10
llosa_laciudadylosperros_0107,Mario Vargas Llosa,Peru,La ciudad y los perros,"Y Gambarina soltó la soga y nos mostró el puño, estaban muñequeados, cómo no iban a perder.",17
llosa_laciudadylosperros_0108,Mario Vargas Llosa,Peru,La ciudad y los perros,"Esta vez fue más rápido y más chistoso, todos comenzaron a rugir con la barriga, con los pescuezos hinchados y las venas moradas.",23
llosa_laciudadylosperros_0109,Mario Vargas Llosa,Peru,La ciudad y los perros,"Y el Jaguar dijo: ""se nos van a echar encima sin importarles un carajo que las tribunas estén llenas de generales.",21
llosa_laciudadylosperros_0110,Mario Vargas Llosa,Peru,La ciudad y los perros,"Se levantaba temprano, el cuerpo adolorido por el desvelo, y vagaba por las habitaciones a medio amueblar de esa casa extranjera.",21
llosa_laciudadylosperros_0111,Mario Vargas Llosa,Peru,La ciudad y los perros,"Unos días después su corazón dio un vuelco: sus padres adoptaban una actitud misteriosa, sus conversaciones eran enigmáticas.",18
llosa_laciudadylosperros_0112,Mario Vargas Llosa,Peru,La ciudad y los perros,"Sin embargo, no halló la clave por sí mismo.",9
llosa_laciudadylosperros_0113,Mario Vargas Llosa,Peru,La ciudad y los perros,"Había hablado con una voz que creía natural, pero su madre lo miraba con los ojos llenos de lágrimas.",19
llosa_laciudadylosperros_0114,Mario Vargas Llosa,Peru,La ciudad y los perros,Su madre lo devoraba con los ojos y él se sentía confuso.,12
llosa_laciudadylosperros_0115,Mario Vargas Llosa,Peru,La ciudad y los perros,"Una voz irónica dijo, a su espalda: ""¿vendes chocolates?"".",9
llosa_laciudadylosperros_0116,Mario Vargas Llosa,Peru,La ciudad y los perros,"Cada vez que terminaba un pedazo de pan, su madre le alcanzaba la panera con ansiedad.",16
llosa_laciudadylosperros_0117,Mario Vargas Llosa,Peru,La ciudad y los perros,"Ahora, en cambio, se aferraba a él, exigía que Alberto le dedicara todo su tiempo libre y la escuchara lamentarse horas enteras de su destino trágico.",26
llosa_laciudadylosperros_0118,Mario Vargas Llosa,Peru,La ciudad y los perros,La madre levantaba los platos y recogía con su mano unas migas de pan dispersas sobre la mesa.,18
llosa_laciudadylosperros_0119,Mario Vargas Llosa,Peru,La ciudad y los perros,"Su tía se encargaba de hacerlo durante la semana, pero los sábados y los domingos le tocaba a ella.",19
llosa_laciudadylosperros_0120,Mario Vargas Llosa,Peru,La ciudad y los perros,El cartón quedó inmovilizado a medio camino y la mujer alzó la vista.,13
llosa_laciudadylosperros_0121,Mario Vargas Llosa,Peru,La ciudad y los perros,"Sólo he conversado una vez con ese muchacho, hace dos semanas.",11
llosa_laciudadylosperros_0122,Mario Vargas Llosa,Peru,La ciudad y los perros,"El fuego se había apagado, pero la sopa continuaba hirviendo.",10
llosa_laciudadylosperros_0123,Mario Vargas Llosa,Peru,La ciudad y los perros,"Me quedaré ciega y nos moriremos de hambre, si no haces algo.",12
llosa_laciudadylosperros_0124,Mario Vargas Llosa,Peru,La ciudad y los perros,Tienes suerte que se haya fijado en ti.,8
llosa_laciudadylosperros_0125,Mario Vargas Llosa,Peru,La ciudad y los perros,"No se limpiaba las lágrimas, que, al bajar por sus mejillas, revelaban una vellosidad rubia.",15
llosa_laciudadylosperros_0126,Mario Vargas Llosa,Peru,La ciudad y los perros,"El hombre -en el umbral de la vejez, ventrudo, de piernas zambas y ojos dormidos- sonreía, estiraba una mano hacia la cara de la muchacha en un gesto amistoso.",29
llosa_laciudadylosperros_0127,Mario Vargas Llosa,Peru,La ciudad y los perros,"Teresa cerró la puerta y colocó la toalla en la manija, asegurándose que tapara el ojo de la cerradura.",19
llosa_laciudadylosperros_0128,Mario Vargas Llosa,Peru,La ciudad y los perros,"Préstame tu cinta azul, esa que tenías puesta el sábado.",10
llosa_laciudadylosperros_0129,Mario Vargas Llosa,Peru,La ciudad y los perros,"Y había llovido, qué tal par de brutos.",8
llosa_laciudadylosperros_0130,Mario Vargas Llosa,Peru,La ciudad y los perros,Se abrió camino hacia los asientos de atrás.,8
llosa_laciudadylosperros_0131,Mario Vargas Llosa,Peru,La ciudad y los perros,"La muchacha, advirtiendo el peligro, se había puesto a mirar por la ventanilla los árboles de la avenida.",18
llosa_laciudadylosperros_0132,Mario Vargas Llosa,Peru,La ciudad y los perros,"Y volviéndose a la muchacha-: Le pedimos disculpas, señorita.",9
llosa_laciudadylosperros_0133,Mario Vargas Llosa,Peru,La ciudad y los perros,"Las palabras de la mujer llegaban hasta él como arrebatadas por el viento y, aunque las comprendía aisladas, no podía descubrir su organización.",23
llosa_laciudadylosperros_0134,Mario Vargas Llosa,Peru,La ciudad y los perros,La calle que avanzaba hacia el corazón de Lince estaba en la penumbra.,13
llosa_laciudadylosperros_0135,Mario Vargas Llosa,Peru,La ciudad y los perros,"Cuando su madre le abrió la puerta, Alberto, antes de saludarla, comenzó a disculparse.",14
llosa_laciudadylosperros_0136,Mario Vargas Llosa,Peru,La ciudad y los perros,"Su madre no respondió; lo seguía mirando resentida y él se preguntaba ""¿a qué hora comienza?"".",16
llosa_laciudadylosperros_0137,Mario Vargas Llosa,Peru,La ciudad y los perros,"Pensaba: ""otra semana que me quedo sin ir donde la Pies Dorados"".",12
llosa_laciudadylosperros_0138,Mario Vargas Llosa,Peru,La ciudad y los perros,"Las referencias feroces, aunque vagas, que escuchaba en boca de los cadetes, estimulaban su imaginación.",15
llosa_laciudadylosperros_0139,Mario Vargas Llosa,Peru,La ciudad y los perros,Encendió un cigarrillo y lo arrojó después de dar dos pitadas.,11
llosa_laciudadylosperros_0140,Mario Vargas Llosa,Peru,La ciudad y los perros,Miró: un grupo de hombres y mujeres discutía con odio en torno a una mesa cubierta de botellas.,18
llosa_laciudadylosperros_0141,Mario Vargas Llosa,Peru,La ciudad y los perros,"Se arregló la chaqueta e ingresó en la cuarta cuadra del jirón, la más cotizada; su rostro lucía una media sonrisa despectiva, pero su mirada era angustiosa.",27
llosa_laciudadylosperros_0142,Mario Vargas Llosa,Peru,La ciudad y los perros,El hombre que estaba delante de él entró y salió pronto.,11
llosa_laciudadylosperros_0143,Mario Vargas Llosa,Peru,La ciudad y los perros,"Cuando Alberto estuvo desnudo, con un gesto desganado se arrastró de espaldas sobre el lecho y abrió la bata.",19
llosa_laciudadylosperros_0144,Mario Vargas Llosa,Peru,La ciudad y los perros,"Poco después, las manos que se apoyaban en su espalda se sumaban a ese movimiento y recorrían su cuerpo de la cintura a los hombros, al mismo ritmo que los pies.",31
llosa_laciudadylosperros_0145,Mario Vargas Llosa,Peru,La ciudad y los perros,"La boca de la mujer estaba junto a su oído y escuchó algo, un murmullo bajito, un susurro y luego una blasfemia.",22
llosa_laciudadylosperros_0146,Mario Vargas Llosa,Peru,La ciudad y los perros,"Éstos, al verlos venir, se pusieron a conversar.",8
llosa_laciudadylosperros_0147,Mario Vargas Llosa,Peru,La ciudad y los perros,"El sábado tenía una fiesta, que al final se convirtió en un velorio.",13
llosa_laciudadylosperros_0148,Mario Vargas Llosa,Peru,La ciudad y los perros,Cuando llegué había un lío de los diablos.,8
llosa_laciudadylosperros_0149,Mario Vargas Llosa,Peru,La ciudad y los perros,A propósito tengo algo que contar a la sección sobre el poeta.,12
llosa_laciudadylosperros_0150,Mario Vargas Llosa,Peru,La ciudad y los perros,"Vallano, que iba sentado sobre su maletín, dijo: -Oigan, éste parece el camión particular de la sección.",17
llosa_laciudadylosperros_0151,Mario Vargas Llosa,Peru,La ciudad y los perros,Dio un paso atrás pero en ese momento descubrió con sorpresa que en la puerta de la Prevención sólo había dos soldados.,22
llosa_laciudadylosperros_0152,Mario Vargas Llosa,Peru,La ciudad y los perros,Estaba a oscuras pero la puerta abierta del baño dejaba pasar una claridad rala: los cadetes que se desnudaban junto a los roperos parecían aceitados.,25
llosa_laciudadylosperros_0153,Mario Vargas Llosa,Peru,La ciudad y los perros,"Una vez pensé: ""nunca he estado a solas con ella.",10
llosa_laciudadylosperros_0154,Mario Vargas Llosa,Peru,La ciudad y los perros,¿Y de dónde sacaría dinero para el pasaje?,8
llosa_laciudadylosperros_0155,Mario Vargas Llosa,Peru,La ciudad y los perros,Hasta que un día se me ocurrió pedirle prestado un sol al flaco Higueras.,14
llosa_laciudadylosperros_0156,Mario Vargas Llosa,Peru,La ciudad y los perros,"Una vez, al pasar por la avenida Alfonso Ugarte para ir donde mi padrino, mi madre me había dicho: ""en esa casota tan grande estudia Teresita"".",26
llosa_laciudadylosperros_0157,Mario Vargas Llosa,Peru,La ciudad y los perros,"Lo primero que hice cuando la vi a lo lejos, fue meterme en la tienda, la moral hecha pedazos.",19
llosa_laciudadylosperros_0158,Mario Vargas Llosa,Peru,La ciudad y los perros,"Cuando dejé de verla, regresé a Dos de Mayo y tomé el tranvía de vuelta, furioso.",16
llosa_laciudadylosperros_0159,Mario Vargas Llosa,Peru,La ciudad y los perros,Yo le sonreí y ella me dio la mano.,9
llosa_laciudadylosperros_0160,Mario Vargas Llosa,Peru,La ciudad y los perros,Pero sólo uno o dos de las decenas de consignados llegan a salir.,13
llosa_laciudadylosperros_0161,Mario Vargas Llosa,Peru,La ciudad y los perros,Esperó que su madre aludiera a lo ocurrido.,8
llosa_laciudadylosperros_0162,Mario Vargas Llosa,Peru,La ciudad y los perros,"Pero no lo hacía; revoloteando de un lado a otro, simulaba ordenar el cuarto, movía una silla, corregía la posición de las cortinas.",23
llosa_laciudadylosperros_0163,Mario Vargas Llosa,Peru,La ciudad y los perros,La voz que llegaba ahora hasta sus oídos como una fina cascada era también la voz de su niñez.,19
llosa_laciudadylosperros_0164,Mario Vargas Llosa,Peru,La ciudad y los perros,"Entonces comprendió: ""ella está de su lado, es su cómplice"".",10
llosa_laciudadylosperros_0165,Mario Vargas Llosa,Peru,La ciudad y los perros,"Decidió ser cauteloso, ya no podía fiarse de su madre.",10
llosa_laciudadylosperros_0166,Mario Vargas Llosa,Peru,La ciudad y los perros,"Sin mirarlo a los ojos, le dijo: ""perdón por lo de anoche"" -¿Y Que más te dijo?",17
llosa_laciudadylosperros_0167,Mario Vargas Llosa,Peru,La ciudad y los perros,"Giró sobre sí mismo y quedó con la cabeza sobre la tierra: arriba, veía un pedazo de calamina y el cielo gris, ambos del mismo tamaño.",26
llosa_laciudadylosperros_0168,Mario Vargas Llosa,Peru,La ciudad y los perros,"La palidez abarcaba no sólo su rostro, también su cuello y sus manos: bajo la piel se distinguían unos manantiales azules.",21
llosa_laciudadylosperros_0169,Mario Vargas Llosa,Peru,La ciudad y los perros,"Ladeando un poco la cabeza, Alberto podía ver sus grandes botines, sus gruesas piernas, su vientre apareciendo entre las puntas de la camisa caqui y el pantalón desabotonado, su cuello macizo, sus ojos sin luz.",35
llosa_laciudadylosperros_0170,Mario Vargas Llosa,Peru,La ciudad y los perros,"Algunos se bajaban los pantalones, otros los abrían solamente.",9
llosa_laciudadylosperros_0171,Mario Vargas Llosa,Peru,La ciudad y los perros,"Pero lo detuvo el cojo Villa, que estaba junto a Alberto.",11
llosa_laciudadylosperros_0172,Mario Vargas Llosa,Peru,La ciudad y los perros,"Delgada, dulce, transparente, nada revelaba a primera vista su audacia.",10
llosa_laciudadylosperros_0173,Mario Vargas Llosa,Peru,La ciudad y los perros,"¿Quién recordaba los partidos de fulbito, las carreras, las bajadas a la playa por el despeñadero?",16
llosa_laciudadylosperros_0174,Mario Vargas Llosa,Peru,La ciudad y los perros,"La calle Colón, el cruce de Diego Ferré, el corazón mismo del barrio, estaba solitario; los muchachos seguían en la playa o en la piscina del Terrazas.",27
llosa_laciudadylosperros_0175,Mario Vargas Llosa,Peru,La ciudad y los perros,La miró a los ojos; ella parpadeó y pareció muy sorprendida.,11
llosa_laciudadylosperros_0176,Mario Vargas Llosa,Peru,La ciudad y los perros,Y me la quedaba mirando desde la ventana y a veces la saludaba.,13
llosa_laciudadylosperros_0177,Mario Vargas Llosa,Peru,La ciudad y los perros,El Esclavo lo vio colocarse la cristina y enderezar su corbata.,11
llosa_laciudadylosperros_0178,Mario Vargas Llosa,Peru,La ciudad y los perros,"Desde la puerta, le dijo: -Si consigo cigarrillos, te traeré uno.",11
llosa_laciudadylosperros_0179,Mario Vargas Llosa,Peru,La ciudad y los perros,"Distinguió, a lo lejos, a un cadete sentado en la hierba.",11
llosa_laciudadylosperros_0180,Mario Vargas Llosa,Peru,La ciudad y los perros,"A él lo conocían de inmediato, tal como era, sin defensas, débil, un esclavo.",14
llosa_laciudadylosperros_0181,Mario Vargas Llosa,Peru,La ciudad y los perros,En el suelo había un cenicero lleno de colillas; una humeaba todavía.,12
llosa_laciudadylosperros_0182,Mario Vargas Llosa,Peru,La ciudad y los perros,"Y sin embargo, en el fondo de su corazón, algo lo acusaba.",12
llosa_laciudadylosperros_0183,Mario Vargas Llosa,Peru,La ciudad y los perros,"No había comprendido, todavía podía inventar algo y salir.",9
llosa_laciudadylosperros_0184,Mario Vargas Llosa,Peru,La ciudad y los perros,"Venga a verme después de clase, con uniforme de salida.",10
llosa_laciudadylosperros_0185,Mario Vargas Llosa,Peru,La ciudad y los perros,"Cuando estaban consignados, los cadetes trataban de ingresar a la enfermería.",11
llosa_laciudadylosperros_0186,Mario Vargas Llosa,Peru,La ciudad y los perros,"Tampoco las gonorreas, desde que se descubrió la estratagema del Jaguar y el Rulos que se presentaron a la enfermería con el falo bañado en leche condensada.",27
llosa_laciudadylosperros_0187,Mario Vargas Llosa,Peru,La ciudad y los perros,"Conteniendo la respiración hasta llorar, varias veces seguidas, antes del examen médico, el corazón se acelera y empieza a tronar como un bombo.",23
llosa_laciudadylosperros_0188,Mario Vargas Llosa,Peru,La ciudad y los perros,"Se insultan y se pelean de la boca para afuera, pero en el fondo se divierten juntos.",17
llosa_laciudadylosperros_0189,Mario Vargas Llosa,Peru,La ciudad y los perros,"De inmediato pensó: ""me iré a la glorieta a escribir"".",10
llosa_laciudadylosperros_0190,Mario Vargas Llosa,Peru,La ciudad y los perros,"Él los insulta: ""pajeros, asquerosos, a ver por qué no leen la Biblia o el Quijote"".",16
llosa_laciudadylosperros_0191,Mario Vargas Llosa,Peru,La ciudad y los perros,"El muchacho asiente y muestra su brazalete color púrpura, con una letra C bordada.",14
llosa_laciudadylosperros_0192,Mario Vargas Llosa,Peru,La ciudad y los perros,Ni siquiera las dos cartas que había recibido de la muchacha lo incitaban a desear la salida.,17
llosa_laciudadylosperros_0193,Mario Vargas Llosa,Peru,La ciudad y los perros,"La conversación de un modo u otro recaía en Teresa y Alberto debía disimular, adoptando un papel cínico; otras veces se mostraba amistoso y daba al Esclavo consejos sibilinos: ""no vale la pena que te declares por carta.",38
llosa_laciudadylosperros_0194,Mario Vargas Llosa,Peru,La ciudad y los perros,"Le diré: lo siento mucho, pero esa chica me gusta y si la vas a ver te parto la cara.",20
llosa_laciudadylosperros_0195,Mario Vargas Llosa,Peru,La ciudad y los perros,"Pensó: ""me sentaré en el último banco, junto a la baranda de troncos blancos"".",14
llosa_laciudadylosperros_0196,Mario Vargas Llosa,Peru,La ciudad y los perros,Sólo al llegar a la pista de desfile distinguió a un grupo de cadetes que correteaba detrás de la vicuña.,20
llosa_laciudadylosperros_0197,Mario Vargas Llosa,Peru,La ciudad y los perros,"Arróspide sigue en la puerta, con las manos en los bolsillos; mira con curiosidad a dos cadetes que discuten a gritos en el centro del patio.",26
llosa_laciudadylosperros_0198,Mario Vargas Llosa,Peru,La ciudad y los perros,Quién ha sido? -Si supiera ya lo habría machucado.,9
llosa_laciudadylosperros_0199,Mario Vargas Llosa,Peru,La ciudad y los perros,Cruzó ante el oficial de año y saludó: el teniente contestó maquinalmente.,12
llosa_laciudadylosperros_0200,Mario Vargas Llosa,Peru,La ciudad y los perros,"Luego salta: choca y rueda hacia atrás, cierra los ojos, se frota la cabeza y las rodillas, furiosamente, luego se sienta; se mueve en el sitio, se incorpora.",28
llosa_laciudadylosperros_0201,Mario Vargas Llosa,Peru,La ciudad y los perros,"Mira a todos lados, las calles están vacías.",8
llosa_laciudadylosperros_0202,Mario Vargas Llosa,Peru,La ciudad y los perros,Teresa se aparta un poco hacia la izquierda y Alberto recibe en el rostro un baño de luz tenue.,19
llosa_laciudadylosperros_0203,Mario Vargas Llosa,Peru,La ciudad y los perros,"Teresa sonríe y parece turbada: sus manos se unen y desunen, caen junto a sus caderas, se apoyan en la pared.",21
llosa_laciudadylosperros_0204,Mario Vargas Llosa,Peru,La ciudad y los perros,"Es decir... -Se interrumpe, balbucea algo, se calla.",8
llosa_laciudadylosperros_0205,Mario Vargas Llosa,Peru,La ciudad y los perros,"Los otros días, Tere iba a comprar pan a la panadería del chino Tilau, la que está junto al cine.",20
llosa_laciudadylosperros_0206,Mario Vargas Llosa,Peru,La ciudad y los perros,En invierno se ponía sobre la blusa blanca la chompa color canela y no se abrochaba ningún botón.,18
llosa_laciudadylosperros_0207,Mario Vargas Llosa,Peru,La ciudad y los perros,"Sólo tenía dos pares de zapatos y ahí no le servían de mucho las mañas, aunque sí un poquito.",19
llosa_laciudadylosperros_0208,Mario Vargas Llosa,Peru,La ciudad y los perros,"Ya éramos más amigos, aunque sólo nos viéramos a ratos, en la chingana de siempre.",15
llosa_laciudadylosperros_0209,Mario Vargas Llosa,Peru,La ciudad y los perros,Corrí a la librería y compré la caja de tizas.,10
llosa_laciudadylosperros_0210,Mario Vargas Llosa,Peru,La ciudad y los perros,"Vienen a llevarse a Cava, dijo, ya descubrieron todo.",9
llosa_laciudadylosperros_0211,Mario Vargas Llosa,Peru,La ciudad y los perros,"El Jaguar es una bestia, Boa, un bruto como no hay dos, me dijo esta tarde, ¿viste cómo adivinó lo del serrano, cómo se rió?",25
llosa_laciudadylosperros_0212,Mario Vargas Llosa,Peru,La ciudad y los perros,"Qué vergüenza, no lo vio ningún oficial, ningún suboficial, hace rato que lo hubieran encerrado, hace tres semanas que estaría en la calle, qué asco, tiene que ser un cadete.",30
llosa_laciudadylosperros_0213,Mario Vargas Llosa,Peru,La ciudad y los perros,"Nosotros nunca fuimos perros del todo, se lo debemos al Círculo, nos hacíamos respetar, nuestro trabajo nos costó.",18
llosa_laciudadylosperros_0214,Mario Vargas Llosa,Peru,La ciudad y los perros,"Ni siquiera se metían con los enanos de la décima, todo se lo deben al Jaguar, fue el único que no se dejó bautizar, dio el ejemplo, un hombre de pelo en pecho, para qué.",35
llosa_laciudadylosperros_0215,Mario Vargas Llosa,Peru,La ciudad y los perros,"Pongo mis manos al luego por él, dijo Rulos, no abrirá la boca así le metan un hierro caliente.",19
llosa_laciudadylosperros_0216,Mario Vargas Llosa,Peru,La ciudad y los perros,"Sería mucha mala suerte, quemarse al final, justo antes de los exámenes, por un mugriento vidrio, bah.",17
llosa_laciudadylosperros_0217,Mario Vargas Llosa,Peru,La ciudad y los perros,"No me gustaría ser perro de nuevo, está fregado pasar otros tres años aquí, sabiendo lo que es, teniendo experiencia.",20
llosa_laciudadylosperros_0218,Mario Vargas Llosa,Peru,La ciudad y los perros,"El salón daba a un jardín lleno de flores, amplio, multicolor.",11
llosa_laciudadylosperros_0219,Mario Vargas Llosa,Peru,La ciudad y los perros,"El Bebe puso él mismo disco por cuarta vez y ordenó: ""levántate y no seas aguado, es por tu bien"".",20
llosa_laciudadylosperros_0220,Mario Vargas Llosa,Peru,La ciudad y los perros,"Alberto se había desplomado en un sillón, rendido de fatiga.",10
llosa_laciudadylosperros_0221,Mario Vargas Llosa,Peru,La ciudad y los perros,"Pronto se vería otra vez en el gran espejo de la sala, meciéndose muy seriamente en los brazos del Bebe, la rigidez se apoderaría de su cuerpo y Pluto afirmaría: ya está, de nuevo bailas como un robot"".",38
llosa_laciudadylosperros_0222,Mario Vargas Llosa,Peru,La ciudad y los perros,"Para eso mucha vuelta, siempre por el mismo lado.",9
llosa_laciudadylosperros_0223,Mario Vargas Llosa,Peru,La ciudad y los perros,"Hacían gestos, muecas, bromas, se valían de toda clase de tretas para llamar la atención de las muchachas y despertar su compasión.",22
llosa_laciudadylosperros_0224,Mario Vargas Llosa,Peru,La ciudad y los perros,"Era suficiente: pronto el salón estaba cubierto de forasteros que terminaban por desplazar a los del barrio, adueñarse del tocadiscos y de las chicas.",24
llosa_laciudadylosperros_0225,Mario Vargas Llosa,Peru,La ciudad y los perros,"Tenía una risa espléndida, total; su cuerpo se estremecía con las carcajadas.",12
llosa_laciudadylosperros_0226,Mario Vargas Llosa,Peru,La ciudad y los perros,El Bebe había encendido un cigarrillo y con su pie seguía el ritmo de alguna música que recordaba.,18
llosa_laciudadylosperros_0227,Mario Vargas Llosa,Peru,La ciudad y los perros,¿No se acuerdan? -Sí - dijo Alberto- Eso es lo que me reventó.,13
llosa_laciudadylosperros_0228,Mario Vargas Llosa,Peru,La ciudad y los perros,Yo no podría hacer lo que hace éste.,8
llosa_laciudadylosperros_0229,Mario Vargas Llosa,Peru,La ciudad y los perros,"Eso es declararse sin arte, a la bruta.",8
llosa_laciudadylosperros_0230,Mario Vargas Llosa,Peru,La ciudad y los perros,"Primero pones una cara muy seria y le dices: ""Helena, tengo que decirte algo muy importante.",16
llosa_laciudadylosperros_0231,Mario Vargas Llosa,Peru,La ciudad y los perros,"Seguro que fue de miedo, aunque el serrano Cava no es un cobarde.",13
llosa_laciudadylosperros_0232,Mario Vargas Llosa,Peru,La ciudad y los perros,Y entonces cerró los Ojos y cuando los abrió lloraba.,10
llosa_laciudadylosperros_0233,Mario Vargas Llosa,Peru,La ciudad y los perros,"¡Arrodillarse!, caracho en menos de un segundo estábamos en el suelo.",11
llosa_laciudadylosperros_0234,Mario Vargas Llosa,Peru,La ciudad y los perros,"Y comenzamos a decir ma-ri-qui-ta, con el estómago, eso es lo que hacía Cava esta tarde, porque es medio ventrílocuo.",20
llosa_laciudadylosperros_0235,Mario Vargas Llosa,Peru,La ciudad y los perros,"Y en eso el Jaguar dijo ""vienen a llevarse a Cava, ya descubrieron todo”.",14
llosa_laciudadylosperros_0236,Mario Vargas Llosa,Peru,La ciudad y los perros,"Su corazón se detuvo: su padre estaba a su lado y tenía las pupilas incendiadas, igual que aquella noche.",19
llosa_laciudadylosperros_0237,Mario Vargas Llosa,Peru,La ciudad y los perros,"Ya estaba fuera de la cama, vistiéndose, pero la precipitación era fatal: equivocaba el zapato, se ponía la camisa al revés, la abotonaba mal, no encontraba el cinturón, sus manos temblaban y no podían anudar los cordones.",37
llosa_laciudadylosperros_0238,Mario Vargas Llosa,Peru,La ciudad y los perros,El pasillo y el baño estaban a oscuras.,8
llosa_laciudadylosperros_0239,Mario Vargas Llosa,Peru,La ciudad y los perros,"Se puso el uniforme de campaña, sin prisa.",8
llosa_laciudadylosperros_0240,Mario Vargas Llosa,Peru,La ciudad y los perros,Si la llamara a esta hora se pondría a gritar y me diría cachaco de porquería.,16
llosa_laciudadylosperros_0241,Mario Vargas Llosa,Peru,La ciudad y los perros,"Uno tenía la cristina caída sobre la oreja y Gamboa estuvo a punto de llamarle la atención, pero se contuvo; no valía la pena tener un disgusto con Pitaluga.",29
llosa_laciudadylosperros_0242,Mario Vargas Llosa,Peru,La ciudad y los perros,Su obligación es recorrer las cuadras y apurar a la gente.,11
llosa_laciudadylosperros_0243,Mario Vargas Llosa,Peru,La ciudad y los perros,El silencio fue alterado por el ruido de unos botines.,10
llosa_laciudadylosperros_0244,Mario Vargas Llosa,Peru,La ciudad y los perros,Para el soldado el arma es tan importante corno sus huevos.,11
llosa_laciudadylosperros_0245,Mario Vargas Llosa,Peru,La ciudad y los perros,"El soldado que servía murmuró una disculpa, que Gamboa no oyó: el motor de un avión vulneraba el amanecer y los Ojos del teniente exploraban el cielo uniforme, la atmósfera mojada.",31
llosa_laciudadylosperros_0246,Mario Vargas Llosa,Peru,La ciudad y los perros,Es algo que vale la pena tener señalado en la hoja de servicios.,13
llosa_laciudadylosperros_0247,Mario Vargas Llosa,Peru,La ciudad y los perros,"Poco, después, el batallón cruzaba la puerta principal del colegio, ante los centinelas en posición de firmes, e invadía la Costanera.",21
llosa_laciudadylosperros_0248,Mario Vargas Llosa,Peru,La ciudad y los perros,No debe quedar nadie en el cerro ni en las proximidades.,11
llosa_laciudadylosperros_0249,Mario Vargas Llosa,Peru,La ciudad y los perros,Los tiros deben cesar apenas empiece el asalto.,8
llosa_laciudadylosperros_0250,Mario Vargas Llosa,Peru,La ciudad y los perros,"Escuchó las voces de mando de los tenientes; la de Gamboa era la más alta, la más enérgica.",18
llosa_laciudadylosperros_0251,Mario Vargas Llosa,Peru,La ciudad y los perros,No creo que el Perú tenga nunca una verdadera guerra.,10
llosa_laciudadylosperros_0252,Mario Vargas Llosa,Peru,La ciudad y los perros,A Chile todavía no le hemos cobrado lo de Arica y Tarapacá.,12
llosa_laciudadylosperros_0253,Mario Vargas Llosa,Peru,La ciudad y los perros,"Pero se metieron los grandes y encontraron una solución diplomática, qué tales riñones.",13
llosa_laciudadylosperros_0254,Mario Vargas Llosa,Peru,La ciudad y los perros,"Y agregó, con repentino mal humor: -Sáqueles la mugre a esos ociosos.",12
llosa_laciudadylosperros_0255,Mario Vargas Llosa,Peru,La ciudad y los perros,"La observó largamente, de un extremo a otro, como midiendo sus posibilidades ocultas, el límite de su resistencia, su coeficiente de valor.",22
llosa_laciudadylosperros_0256,Mario Vargas Llosa,Peru,La ciudad y los perros,Gamboa se llevó el silbato a los labios.,8
llosa_laciudadylosperros_0257,Mario Vargas Llosa,Peru,La ciudad y los perros,"Ahora eran tres las columnas que avanzaban, lejos de él, que había quedado solo junto a los matorrales espinosos.",19
llosa_laciudadylosperros_0258,Mario Vargas Llosa,Peru,La ciudad y los perros,Corrió unos veinte metros y esta vez comprobó que las circunferencias tenían una docena de perforaciones.,16
llosa_laciudadylosperros_0259,Mario Vargas Llosa,Peru,La ciudad y los perros,"El retroceso de la culata conmovía esos cuerpos jóvenes que, el hombro todavía resentido, debían incorporarse, correr agazapados y volver a arrojarse y disparar, envueltos por una atmósfera de violencia que sólo era un simulacro.",35
llosa_laciudadylosperros_0260,Mario Vargas Llosa,Peru,La ciudad y los perros,"Miró asombrado al cadete y se inclinó para observarlo, pero el capitán gritó: -Rápido, a la enfermería.",17
llosa_laciudadylosperros_0261,Mario Vargas Llosa,Peru,La ciudad y los perros,"De pronto, Gamboa arrebató el cadete a los suboficiales, lo echó sobre sus hombros y aceleró la carrera; en pocos segundos sacó una distancia de varios metros.",27
llosa_laciudadylosperros_0262,Mario Vargas Llosa,Peru,La ciudad y los perros,"El capitán quedó retrasado, junto a Morte y Pezoa.",9
llosa_laciudadylosperros_0263,Mario Vargas Llosa,Peru,La ciudad y los perros,Yo mismo tenía sueño y la Malpapeada lloraba cada vez más fuerte.,12
llosa_laciudadylosperros_0264,Mario Vargas Llosa,Peru,La ciudad y los perros,"No era cosa de machucarse con toda la sección, ahora que estamos tan deprimidos.",14
llosa_laciudadylosperros_0265,Mario Vargas Llosa,Peru,La ciudad y los perros,"Pobre la Malpapeada, congelándose ahí afuera, ella que es tan friolenta.",11
llosa_laciudadylosperros_0266,Mario Vargas Llosa,Peru,La ciudad y los perros,"Cuando empezaron a decirme Boa me reía y después me calenté y a todos les preguntaba quién inventó eso y todos decían Fulano y ahora ni cómo sacarme de encima ese apodo, hasta en mi barrio me dicen así.",39
llosa_laciudadylosperros_0267,Mario Vargas Llosa,Peru,La ciudad y los perros,"Sin embargo, el muchacho le sonreía como si se conocieran.",10
llosa_laciudadylosperros_0268,Mario Vargas Llosa,Peru,La ciudad y los perros,"Estaban en el patio de quinto, en las proximidades de la pista.",12
llosa_laciudadylosperros_0269,Mario Vargas Llosa,Peru,La ciudad y los perros,Se puso de pie y se alejó por el corredor.,10
llosa_laciudadylosperros_0270,Mario Vargas Llosa,Peru,La ciudad y los perros,"Por mí, hubiera ido todos los días a buscarla a su colegio, pero en el Dos de Mayo no me daban permiso para salir antes de la hora.",28
llosa_laciudadylosperros_0271,Mario Vargas Llosa,Peru,La ciudad y los perros,"Siempre esperaba en la Plaza de Bellavista para invitarme un trago, un cigarrillo y para hablarme de mi hermano, de mujeres, de muchas cosas.",24
llosa_laciudadylosperros_0272,Mario Vargas Llosa,Peru,La ciudad y los perros,Estaba seguro que ella me haría preguntas y ensayé muchas frases para no quedarme callado.,15
llosa_laciudadylosperros_0273,Mario Vargas Llosa,Peru,La ciudad y los perros,"Esos blanquiñosos se parecen a los del Colegio de los Hermanos Maristas del Callao, que juegan fútbol como mujeres; les cae una patada y se ponen a llamar a su mamá; mírales las caras, no más.",36
llosa_laciudadylosperros_0274,Mario Vargas Llosa,Peru,La ciudad y los perros,"Fue peor porque ella se puso a mirarme muy seria y yo pensé: ""ya se enojó"".",16
llosa_laciudadylosperros_0275,Mario Vargas Llosa,Peru,La ciudad y los perros,"Cuando llegaba a los primeros peldaños de la escalera cruzó a un hombre, ya de edad.",16
llosa_laciudadylosperros_0276,Mario Vargas Llosa,Peru,La ciudad y los perros,"No me explico cómo ha podido ocurrir una cosa así, justamente cuando estaba por terminar el año.",17
llosa_laciudadylosperros_0277,Mario Vargas Llosa,Peru,La ciudad y los perros,Buscó en su bolsillo extrajo un paquete de cigarrillos.,9
llosa_laciudadylosperros_0278,Mario Vargas Llosa,Peru,La ciudad y los perros,El edificio de las aulas estaba a oscuras.,8
llosa_laciudadylosperros_0279,Mario Vargas Llosa,Peru,La ciudad y los perros,"Además, si él hubiera querido salirse pudo decírmelo.",8
llosa_laciudadylosperros_0280,Mario Vargas Llosa,Peru,La ciudad y los perros,"Bajó del tranvía Lima-San Miguel en el paradero del cine Brasil, el anterior al de su casa.",17
llosa_laciudadylosperros_0281,Mario Vargas Llosa,Peru,La ciudad y los perros,Lo abrazó tiernamente y él sintió inquietud: esas efusiones podían modificar el buen humor de su padre.,17
llosa_laciudadylosperros_0282,Mario Vargas Llosa,Peru,La ciudad y los perros,"En los últimos meses, éste lo había obligado a intervenir como árbitro o testigo en las disputas familiares.",18
llosa_laciudadylosperros_0283,Mario Vargas Llosa,Peru,La ciudad y los perros,"Era humillante y atroz: debía responder ""sí, sí"", a todas las preguntas -afirmaciones que su padre le hacía y que constituían graves acusaciones contra su madre: derroche, desorden, incompetencia, puterío.",30
llosa_laciudadylosperros_0284,Mario Vargas Llosa,Peru,La ciudad y los perros,¿No te dije que sería el primero en entusiasmarse?,9
llosa_laciudadylosperros_0285,Mario Vargas Llosa,Peru,La ciudad y los perros,"Ni yo me compadecía de ella, ni la Malpapeada se molestaba aunque le doliera.",14
llosa_laciudadylosperros_0286,Mario Vargas Llosa,Peru,La ciudad y los perros,"Eso es lo peor de este colegio, los años aprobados no les valen a los expulsados, han pensado muy bien en la manera de joder a la gente estos cabrones.",30
llosa_laciudadylosperros_0287,Mario Vargas Llosa,Peru,La ciudad y los perros,"Ni por ésas, nunca la vi tan porfiada, jaló y jaló el cordón hasta que lo rompió y sentí que el pie me quedaba chico dentro del zapato.",28
llosa_laciudadylosperros_0288,Mario Vargas Llosa,Peru,La ciudad y los perros,Los soldados en cambio levantaban bien las piernas para que los viera el coronel.,14
llosa_laciudadylosperros_0289,Mario Vargas Llosa,Peru,La ciudad y los perros,"Oye, ¿cómo hiciste para que te dieran propina?",8
llosa_laciudadylosperros_0290,Mario Vargas Llosa,Peru,La ciudad y los perros,"Apareció esta mañana, lavado y afeitado- Es un fresco.",9
llosa_laciudadylosperros_0291,Mario Vargas Llosa,Peru,La ciudad y los perros,"Al verlos pasar, el japonés de la tienducha de los jugos de fruta donde se refugiaban hacía años después de los partidos de fulbito, los saludó con la mano.",29
llosa_laciudadylosperros_0292,Mario Vargas Llosa,Peru,La ciudad y los perros,"Acababan de encenderse las luces de la calle, pero las veredas continuaban en la sombra, las hojas y las ramas de los árboles detenían la luz.",26
llosa_laciudadylosperros_0293,Mario Vargas Llosa,Peru,La ciudad y los perros,"Los forasteros ambulan por Colón, Ocharán y la calle Porta, visitan a las muchachas, asisten a sus fiestas, las enamoran, las invitan al cine.",24
llosa_laciudadylosperros_0294,Mario Vargas Llosa,Peru,La ciudad y los perros,"Algunos encontraron enamoradas en esos barrios extranjeros y se incorporaron a ellos, aunque sin renunciar a la morada solar, Diego Ferré.",21
llosa_laciudadylosperros_0295,Mario Vargas Llosa,Peru,La ciudad y los perros,"Algunos automóviles llevan la radio prendida: Alberto y Emilio escuchan músicas de baile y un torrente de voces jóvenes, risas.",20
llosa_laciudadylosperros_0296,Mario Vargas Llosa,Peru,La ciudad y los perros,"No son ajenos a esa multitud sino parte de ella: van bien vestidos, perfumados, el espíritu en paz; se sienten en familia.",22
llosa_laciudadylosperros_0297,Mario Vargas Llosa,Peru,La ciudad y los perros,"Alberto y Emilio dan dos vueltas al Parque, reconocen a sus amigos, a los conocidos, a los intrusos que vienen desde Lima, Magdalena o Chorrillos, para contemplar a esas muchachas que deben recordarles a las artistas de cine.",38
llosa_laciudadylosperros_0298,Mario Vargas Llosa,Peru,La ciudad y los perros,"¿Qué esperan?"" Alberto se lanzó en esa dirección, atropellando a las parejas.",12
llosa_laciudadylosperros_0299,Mario Vargas Llosa,Peru,La ciudad y los perros,"Momentos después, Emilio y Laura, Alberto y Helena, giraban también, lentamente, tomados de la mano.",15
llosa_laciudadylosperros_0300,Mario Vargas Llosa,Peru,La ciudad y los perros,Pero varias veces la he pescado mirándome a la disimulada.,10
llosa_laciudadylosperros_0301,Mario Vargas Llosa,Peru,La ciudad y los perros,"Él vuelve a apretarle la mano y trata de encontrar sus ojos, pero esta vez ella rehuye la mirada.",19
llosa_laciudadylosperros_0302,Mario Vargas Llosa,Peru,La ciudad y los perros,Antes de llegar a Colón escucha pasos precipitados y una voz que lo llama por su nombre.,17
llosa_laciudadylosperros_0303,Mario Vargas Llosa,Peru,La ciudad y los perros,"Y ella le dijo, no, pero peleo mañana de todas maneras.",11
llosa_laciudadylosperros_0304,Mario Vargas Llosa,Peru,La ciudad y los perros,"El Bebe lo palmea dos o tres veces, en señal de solidaridad.",12
llosa_laciudadylosperros_0305,Mario Vargas Llosa,Peru,La ciudad y los perros,"Se va a quedar coja, estoy casi seguro.",8
llosa_laciudadylosperros_0306,Mario Vargas Llosa,Peru,La ciudad y los perros,"Le dije: «venga acá, perra malcriada, venga a pedirme perdón"".",10
llosa_laciudadylosperros_0307,Mario Vargas Llosa,Peru,La ciudad y los perros,"Se tomaba unas copas y ahí mismo empezaba a buscar un serrano, para zumbarle.",14
llosa_laciudadylosperros_0308,Mario Vargas Llosa,Peru,La ciudad y los perros,"Pero yo ya tenía más de diez años, no era ninguna criatura.",12
llosa_laciudadylosperros_0309,Mario Vargas Llosa,Peru,La ciudad y los perros,"Y si usted viera cómo está ese camión, todo pegajoso de la sangre que este bruto vino chorreando por el camino, señora, perdóneme que se lo diga, pero es un bruto como no hay dos.",35
llosa_laciudadylosperros_0310,Mario Vargas Llosa,Peru,La ciudad y los perros,"El Ricardo ha salido a su padre, para mi desgracia.",10
llosa_laciudadylosperros_0311,Mario Vargas Llosa,Peru,La ciudad y los perros,"Un hombre muy distinto del otro, señor policía, y casi no probaba licor.",13
llosa_laciudadylosperros_0312,Mario Vargas Llosa,Peru,La ciudad y los perros,"Eso es lo que más los friega, la pelambre.",9
llosa_laciudadylosperros_0313,Mario Vargas Llosa,Peru,La ciudad y los perros,"Quieto serrano, la navaja se te va a meter al cráneo si te mueves.",14
llosa_laciudadylosperros_0314,Mario Vargas Llosa,Peru,La ciudad y los perros,"Así que nos quitamos las camisas y el Jaguar dijo: ""comiencen cuando quieran"".",13
llosa_laciudadylosperros_0315,Mario Vargas Llosa,Peru,La ciudad y los perros,No conozco a nadie que maneje como él la cabeza y los pies.,13
llosa_laciudadylosperros_0316,Mario Vargas Llosa,Peru,La ciudad y los perros,"Y el Jaguar les dijo, con su risita: ""ustedes son muy valientes porque están en quinto, ¿no?"".",17
llosa_laciudadylosperros_0317,Mario Vargas Llosa,Peru,La ciudad y los perros,"Le preguntaron: ""¿usted es muy maldito, por lo que parece?"".",10
llosa_laciudadylosperros_0318,Mario Vargas Llosa,Peru,La ciudad y los perros,"Y yo me fui sobre el montón, qué pelea más rara, nadie veía nada, y a ratos me caían como pedradas y yo pensaba: ""se me hace que son las patas del Jaguar"".",33
llosa_laciudadylosperros_0319,Mario Vargas Llosa,Peru,La ciudad y los perros,"Toda la sección se amontonó en el baño y decían: ""cuenten"".",11
llosa_laciudadylosperros_0320,Mario Vargas Llosa,Peru,La ciudad y los perros,Y el poeta nos echó pasta de dientes en la cara para bajar la hinchazón.,15
llosa_laciudadylosperros_0321,Mario Vargas Llosa,Peru,La ciudad y los perros,"Y después yo fui hasta la cama del pobre Cava y le dije: ""oye, quedemos como amigos"".",17
llosa_laciudadylosperros_0322,Mario Vargas Llosa,Peru,La ciudad y los perros,"Paulino los miraba descaradamente, con sus ojos malignos.",8
llosa_laciudadylosperros_0323,Mario Vargas Llosa,Peru,La ciudad y los perros,"El edificio de las aulas no se veía, aún estaban sin encender las luces de la pista de desfile y la neblina había descendido hasta el suelo.",27
llosa_laciudadylosperros_0324,Mario Vargas Llosa,Peru,La ciudad y los perros,Lo subieron a un coche en la avenida Progreso.,9
llosa_laciudadylosperros_0325,Mario Vargas Llosa,Peru,La ciudad y los perros,"Está muy grave, ésa es la verdad, para qué engañarse.",10
llosa_laciudadylosperros_0326,Mario Vargas Llosa,Peru,La ciudad y los perros,"Está furiosa conmigo, sabe usted, eso es lo más injusto, por lo del viernes.",14
llosa_laciudadylosperros_0327,Mario Vargas Llosa,Peru,La ciudad y los perros,"Una cosa así... -Sí, sí -dijo el hombre-.",8
llosa_laciudadylosperros_0328,Mario Vargas Llosa,Peru,La ciudad y los perros,"Parece tan increíble, después de tres años, ¿cómo le puede ocurrir a un cadete un accidente así?",17
llosa_laciudadylosperros_0329,Mario Vargas Llosa,Peru,La ciudad y los perros,"Y nos dio explicaciones, que los peritos revisaron el arma, que todo funciona perfectamente, que la culpa fue sólo del muchacho.",21
llosa_laciudadylosperros_0330,Mario Vargas Llosa,Peru,La ciudad y los perros,Yo pienso que la bala se escapó por accidente.,9
llosa_laciudadylosperros_0331,Mario Vargas Llosa,Peru,La ciudad y los perros,"Usted podría hacerme entrar a su cuarto diciendo que soy un pariente, o un amigo de la familia.",18
llosa_laciudadylosperros_0332,Mario Vargas Llosa,Peru,La ciudad y los perros,Verá que las responsables son su madre y la vieja loca de Adelina.,13
llosa_laciudadylosperros_0333,Mario Vargas Llosa,Peru,La ciudad y los perros,Pero no se iban a salir con la suya.,9
llosa_laciudadylosperros_0334,Mario Vargas Llosa,Peru,La ciudad y los perros,¿Eso es algo de que tengo que avergonzarme?,8
llosa_laciudadylosperros_0335,Mario Vargas Llosa,Peru,La ciudad y los perros,"Mi madre me dijo: “anda temprano donde tu padrino, que a veces se va al campo"".",16
llosa_laciudadylosperros_0336,Mario Vargas Llosa,Peru,La ciudad y los perros,"En su cuarto abrió un cajón y se volvió con un paquete en las manos y me dijo: ""torna por tu cumpleaños"".",22
llosa_laciudadylosperros_0337,Mario Vargas Llosa,Peru,La ciudad y los perros,"Sólo tuve que desenvolverlo, pues no estaba atado, Era un papel marrón, el mismo que usaba el panadero de la esquina y pensé que a lo mejor ella se lo había pedido especialmente.",33
llosa_laciudadylosperros_0338,Mario Vargas Llosa,Peru,La ciudad y los perros,El primero en entrar fue el teniente Gamboa.,8
llosa_laciudadylosperros_0339,Mario Vargas Llosa,Peru,La ciudad y los perros,"Tras él, Gamboa adivinaba en las tinieblas desplegadas más allá de la amplia ventana, la verja exterior del colegio, la carretera y el mar.",24
llosa_laciudadylosperros_0340,Mario Vargas Llosa,Peru,La ciudad y los perros,También trajeron la de los oficiales y la de la Asociación de padres de familia.,15
llosa_laciudadylosperros_0341,Mario Vargas Llosa,Peru,La ciudad y los perros,Especifique que se debió a un error de él mismo.,10
llosa_laciudadylosperros_0342,Mario Vargas Llosa,Peru,La ciudad y los perros,Están de acuerdo en que sea a las seis de la tarde.,12
llosa_laciudadylosperros_0343,Mario Vargas Llosa,Peru,La ciudad y los perros,El capitán Garrido miró a Gamboa y con un movimiento de cabeza le indicó que hablara.,16
llosa_laciudadylosperros_0344,Mario Vargas Llosa,Peru,La ciudad y los perros,¿Qué hacían mientras usted dirigía la progresión? ¿Estaban ciegos y sordos?,11
llosa_laciudadylosperros_0345,Mario Vargas Llosa,Peru,La ciudad y los perros,Al siguiente silbato ya no pudo levantarse -Y permaneció medio enterrado en la hierba.,14
llosa_laciudadylosperros_0346,Mario Vargas Llosa,Peru,La ciudad y los perros,El capitán Garrido y el teniente Gamboa salieron.,8
llosa_laciudadylosperros_0347,Mario Vargas Llosa,Peru,La ciudad y los perros,"Le pregunté qué tenía que hacer y me contestó: ""es peligroso y si te da miedo, no hemos dicho nada.",20
llosa_laciudadylosperros_0348,Mario Vargas Llosa,Peru,La ciudad y los perros,Esa gente está podrida en plata y ni tú ni yo tenemos dónde caernos muertos.,15
llosa_laciudadylosperros_0349,Mario Vargas Llosa,Peru,La ciudad y los perros,¿De dónde crees que conseguía tanto dinero tu hermano?,9
llosa_laciudadylosperros_0350,Mario Vargas Llosa,Peru,La ciudad y los perros,Lo que tienes que hacer es muy fácil.,8
llosa_laciudadylosperros_0351,Mario Vargas Llosa,Peru,La ciudad y los perros,"El flaco no me habló más del asunto, pidió otras dos copas y me ofreció un cigarrillo.",17
llosa_laciudadylosperros_0352,Mario Vargas Llosa,Peru,La ciudad y los perros,"Yo le dije: ""¿Y si un día te pescan?"".",9
llosa_laciudadylosperros_0353,Mario Vargas Llosa,Peru,La ciudad y los perros,"Pero una semana más tarde volví a verlo, en la Plaza de Bellavista y volvimos a ir donde el chino a tomar una copa, a fumar y a conversar.",29
llosa_laciudadylosperros_0354,Mario Vargas Llosa,Peru,La ciudad y los perros,"Ese día no tocó el tema, ni tampoco el siguiente, ni los otros.",13
llosa_laciudadylosperros_0355,Mario Vargas Llosa,Peru,La ciudad y los perros,No me atrevía a pedirle al flaco Higueras y pasaba muchas horas pensando en la manera de conseguir unos soles.,20
llosa_laciudadylosperros_0356,Mario Vargas Llosa,Peru,La ciudad y los perros,"Tardé más de tres horas en llegar, tuve que atravesar a pie todo Lima.",14
llosa_laciudadylosperros_0357,Mario Vargas Llosa,Peru,La ciudad y los perros,"Y esa noche salí a la Plaza de Bellavista a buscar al flaco Higueras, pero no estaba.",17
llosa_laciudadylosperros_0358,Mario Vargas Llosa,Peru,La ciudad y los perros,La cantina estaba llena de gente y de humo y había borrachos que gritaban.,14
llosa_laciudadylosperros_0359,Mario Vargas Llosa,Peru,La ciudad y los perros,"Al verme entrar, el chino me gritó: largo de aquí, mocoso"".",11
llosa_laciudadylosperros_0360,Mario Vargas Llosa,Peru,La ciudad y los perros,"Pero luego me dijo: ""oye, ¿te acuerdas de lo que hablamos el otro día?",14
llosa_laciudadylosperros_0361,Mario Vargas Llosa,Peru,La ciudad y los perros,Y me besó en la boca mientras los otros se reían.,11
llosa_laciudadylosperros_0362,Mario Vargas Llosa,Peru,La ciudad y los perros,Era peor que si la capilla hubiera estado a oscuras.,10
llosa_laciudadylosperros_0363,Mario Vargas Llosa,Peru,La ciudad y los perros,"Pero se mantenían inmóviles, los talones unidos, la mano izquierda pegada al muslo, la derecha en la culata del fusil, el cuerpo erguido.",23
llosa_laciudadylosperros_0364,Mario Vargas Llosa,Peru,La ciudad y los perros,"Y cuando Alberto gritó: ""si alguien hace una broma más, le saco la puta que lo parió"", sus palabras se escucharon nítidamente: un silencio macizo había reemplazado a las risas.",30
llosa_laciudadylosperros_0365,Mario Vargas Llosa,Peru,La ciudad y los perros,"Los cadetes permanecían en sus literas o ante los roperos, miraban las paredes malogradas por la humedad, las losetas sangrientas, el cielo sin estrellas que descubrían las ventanas, los batientes del baño que oscilaban.",34
llosa_laciudadylosperros_0366,Mario Vargas Llosa,Peru,La ciudad y los perros,"Y se volvió a los otros y añadió: ""al menos, me parece a mí; como era de la sección, creo que deberíamos"".",22
llosa_laciudadylosperros_0367,Mario Vargas Llosa,Peru,La ciudad y los perros,"Y ahora estaban allí, desde hacía una hora, en la indecisa penumbra de la capilla, escuchando el quejido monótono de la mujer, viendo de reojo el ataúd, solitario en el centro de la nave y que parecía vacío.",38
llosa_laciudadylosperros_0368,Mario Vargas Llosa,Peru,La ciudad y los perros,"A través de la improvisada correa de transmisión, los cadetes siguieron las palabras del teniente Pitaluga, sin dejar de escuchar el inacabable murmullo de la mujer; de vez en cuando, voces masculinas interrumpían brevemente a Pitaluga.",36
llosa_laciudadylosperros_0369,Mario Vargas Llosa,Peru,La ciudad y los perros,"No levantaron las armas, pero juntaron los talones, endurecieron los músculos, apoyaron las manos en el cuerpo, a lo largo de la franja negra del pantalón.",26
llosa_laciudadylosperros_0370,Mario Vargas Llosa,Peru,La ciudad y los perros,"Arróspide recorría ahora las columnas a toda velocidad y, para mayor seguridad, contaba los efectivos con los dedos.",18
llosa_laciudadylosperros_0371,Mario Vargas Llosa,Peru,La ciudad y los perros,"Pero él no les hizo caso ni pareció darse cuenta minutos más tarde, cuando Vallano, que marchaba a su lado, dijo en voz bastante alta para que oyera toda la sección: ""el poeta está llorando"".",35
llosa_laciudadylosperros_0372,Mario Vargas Llosa,Peru,La ciudad y los perros,"Lo chapan al serrano Cava tirándose el examen de Química, le hacen su Consejo de Oficiales y le arrancan las alfombras.",21
llosa_laciudadylosperros_0373,Mario Vargas Llosa,Peru,La ciudad y los perros,"Qué salmuera, no sólo por el balazo en la cabeza, encima lo operaron no sé cuántas veces, y encima morirse, no creo que a nadie le haya pasado cosa peor.",30
llosa_laciudadylosperros_0374,Mario Vargas Llosa,Peru,La ciudad y los perros,"El día que se quedó clavado junto al ataúd pensé: ""a éste lo hizo polvo la desgracia"".",17
llosa_laciudadylosperros_0375,Mario Vargas Llosa,Peru,La ciudad y los perros,No lo hacía de frente porque es muy malicioso.,9
llosa_laciudadylosperros_0376,Mario Vargas Llosa,Peru,La ciudad y los perros,Daba gusto verlo defenderse cuando alguien lo batía.,8
llosa_laciudadylosperros_0377,Mario Vargas Llosa,Peru,La ciudad y los perros,"Y casi lo muelo esa noche que levantó a la sección y entró al baño gritando: ""miren lo que hace el Boa con la Malpapeada cuando está de imaginaria"".",29
llosa_laciudadylosperros_0378,Mario Vargas Llosa,Peru,La ciudad y los perros,"No hay muchos blanquiñosos en el colegio, el poeta es uno de los más pasables.",15
llosa_laciudadylosperros_0379,Mario Vargas Llosa,Peru,La ciudad y los perros,"Raro que los dos blanquiñosos de la sección ni se hablen, nunca han sido patas el poeta y Arróspide, cada uno por su lado, ¿tendrán miedo que uno denuncie al otro de cosas de blanquiñosos?",35
llosa_laciudadylosperros_0380,Mario Vargas Llosa,Peru,La ciudad y los perros,¿Qué les aprovecha tener plata si aquí andan tan fregados como cualquiera?,12
llosa_laciudadylosperros_0381,Mario Vargas Llosa,Peru,La ciudad y los perros,"Pero los sábados, en cambio, recorría el atestado y ruidoso Portal más despacio, mirando siempre al frente, secretamente complacida: era agradable que los hombres la elogiaran, era agradable no tener que volver al trabajo en la tarde.",37
llosa_laciudadylosperros_0382,Mario Vargas Llosa,Peru,La ciudad y los perros,"Sin embargo, años atrás, los sábados eran días temibles.",9
llosa_laciudadylosperros_0383,Mario Vargas Llosa,Peru,La ciudad y los perros,"Su rostro lucía un pliegue profundo entre las cejas, sus párpados eran dos lunas negras y los huesos de los pómulos parecían a punto de desgarrar la piel, muy pálida.",30
llosa_laciudadylosperros_0384,Mario Vargas Llosa,Peru,La ciudad y los perros,"De improviso, dio un paso hacia Alberto y le tomó la mano.",12
llosa_laciudadylosperros_0385,Mario Vargas Llosa,Peru,La ciudad y los perros,Sólo piensas en ti y... -No siguió porque al oírlo gritar los ojos de Teresa se habían llenado de lágrimas; sus labios temblaban- Lo siento...,25
llosa_laciudadylosperros_0386,Mario Vargas Llosa,Peru,La ciudad y los perros,"La atrajo hacia él, Teresa apoyó la cabeza en su hombro y permanecieron así un momento.",16
llosa_laciudadylosperros_0387,Mario Vargas Llosa,Peru,La ciudad y los perros,"Mientras preparaba la comida, ayudada por Teresa, ésta enviaba a Alberto a espaldas de su tía, besos volados.",18
llosa_laciudadylosperros_0388,Mario Vargas Llosa,Peru,La ciudad y los perros,"¿Qué significaba esa advertencia, por qué había partido así?",9
llosa_laciudadylosperros_0389,Mario Vargas Llosa,Peru,La ciudad y los perros,"Bajamos por la avenida Progreso, hablando de todo menos de lo que íbamos a hacer.",15
llosa_laciudadylosperros_0390,Mario Vargas Llosa,Peru,La ciudad y los perros,"Di un brinco y grité: ""flaco, los tombos"".",8
llosa_laciudadylosperros_0391,Mario Vargas Llosa,Peru,La ciudad y los perros,"Era uno de los tipos que estaban con Higueras, la noche anterior, en la chingana de Sáenz Peña.",18
llosa_laciudadylosperros_0392,Mario Vargas Llosa,Peru,La ciudad y los perros,"Yo no le hacía preguntas sobre lo que tenía que hacer, sino sobre lo que podía pasarme: ""¿estás seguro que no hay nadie?",23
llosa_laciudadylosperros_0393,Mario Vargas Llosa,Peru,La ciudad y los perros,"Entonces el flaco me preguntó: ""¿tienes miedo?"" ""Sí, le dije.",10
llosa_laciudadylosperros_0394,Mario Vargas Llosa,Peru,La ciudad y los perros,"Casi lloré al ver en un rincón unas rayitas de luz, no había visto las ventanas porque las ocultaban unas cortinas muy gruesas.",23
llosa_laciudadylosperros_0395,Mario Vargas Llosa,Peru,La ciudad y los perros,"Pensé: ""vino la policía y me dejaron solo"".",8
llosa_laciudadylosperros_0396,Mario Vargas Llosa,Peru,La ciudad y los perros,El flaco me contaba chistes y yo me reía a carcajadas.,11
llosa_laciudadylosperros_0397,Mario Vargas Llosa,Peru,La ciudad y los perros,"De pronto ella me dijo: ""eres muy bueno"".",8
llosa_laciudadylosperros_0398,Mario Vargas Llosa,Peru,La ciudad y los perros,"Debí llamar antes que empezaran a comérselo, antes que lo enterraran, antes que se muriera, antes.",16
llosa_laciudadylosperros_0399,Mario Vargas Llosa,Peru,La ciudad y los perros,Siente un estremecimiento y separa ligeramente el auricular de su cara.,11
llosa_laciudadylosperros_0400,Mario Vargas Llosa,Peru,La ciudad y los perros,"Me parece que hace un mundo de tiempo que no nos reunimos los tres que quedamos del Círculo, desde que lo metieron adentro al serrano y tratábamos de descubrir al soplón.",31
llosa_laciudadylosperros_0401,Mario Vargas Llosa,Peru,La ciudad y los perros,"Y él me dijo: ""mejor te callas, eres muy bruto y sólo sabes decir estupideces.",15
llosa_laciudadylosperros_0402,Mario Vargas Llosa,Peru,La ciudad y los perros,"Cuidado con dirigirme la palabra si no te pregunto algo"".",10
llosa_laciudadylosperros_0403,Mario Vargas Llosa,Peru,La ciudad y los perros,"Los árboles, altos y frondosos, proyectan en el pavimento sombras que parecen arañas.",13
llosa_laciudadylosperros_0404,Mario Vargas Llosa,Peru,La ciudad y los perros,"La culpa y mi cara, la Pies Dorados que es una polilla tiene más alma que tú.",17
llosa_laciudadylosperros_0405,Mario Vargas Llosa,Peru,La ciudad y los perros,"Se lo saca y pide disculpas, entre dientes.",8
llosa_laciudadylosperros_0406,Mario Vargas Llosa,Peru,La ciudad y los perros,"Da media vuelta, se sienta frente a él en una silla de patas finas y lo mira.",17
llosa_laciudadylosperros_0407,Mario Vargas Llosa,Peru,La ciudad y los perros,"Toda la sección lo odiaba, no tenían ningún motivo, él no se metía con nadie.",15
llosa_laciudadylosperros_0408,Mario Vargas Llosa,Peru,La ciudad y los perros,"El rostro de Gamboa, que Alberto observa sin bajar la vista, es de líneas marcadas y revela aplomo.",18
llosa_laciudadylosperros_0409,Mario Vargas Llosa,Peru,La ciudad y los perros,"Alberto cierra los ojos, ve un segundo la cara pálida y amarillenta del Esclavo, su mirada huidiza, sus labios tímidos.",20
llosa_laciudadylosperros_0410,Mario Vargas Llosa,Peru,La ciudad y los perros,"Sólo ve su rostro y, luego, cuando vuelve a abrir los ojos y reconoce nuevamente al teniente Gamboa, cruzan su memoria el campo de hierba, la vicuña, la capilla, la litera vacía de la cuadra.",35
llosa_laciudadylosperros_0411,Mario Vargas Llosa,Peru,La ciudad y los perros,Lo mató el Jaguar para vengar a Cava.,8
llosa_laciudadylosperros_0412,Mario Vargas Llosa,Peru,La ciudad y los perros,Y él quería salir para ver a esa chica.,9
llosa_laciudadylosperros_0413,Mario Vargas Llosa,Peru,La ciudad y los perros,"Lo orinaban cuando dormía, le cortaban el uniforme para que lo consignaran, escupían en su comida, lo obligaban a ponerse entre los últimos aunque hubiera llegado primero a la fila.",30
llosa_laciudadylosperros_0414,Mario Vargas Llosa,Peru,La ciudad y los perros,"Y él no era como los demás, no se atrevía a tirar contra.",13
llosa_laciudadylosperros_0415,Mario Vargas Llosa,Peru,La ciudad y los perros,"Pero Arana no era un soplón, nunca hubo soplones en la cuadra.",12
llosa_laciudadylosperros_0416,Mario Vargas Llosa,Peru,La ciudad y los perros,"Alberto se los dijo y luego siguió hablando, interrumpido a veces por Gamboa, que le pedía aclaraciones, nombres, fechas.",19
llosa_laciudadylosperros_0417,Mario Vargas Llosa,Peru,La ciudad y los perros,"Después de la comida, subí a la glorieta como quedamos y me cansé de esperarlo.",15
llosa_laciudadylosperros_0418,Mario Vargas Llosa,Peru,La ciudad y los perros,Entonces se me ocurrió: el Rulos me ha traicionado.,9
llosa_laciudadylosperros_0419,Mario Vargas Llosa,Peru,La ciudad y los perros,Ahí mismo me di cuenta que el Rulos no fue a la glorieta porque le dio miedo.,17
llosa_laciudadylosperros_0420,Mario Vargas Llosa,Peru,La ciudad y los perros,"Lo insulté y le dije: ""si me estás engañando, te mato"".",11
llosa_laciudadylosperros_0421,Mario Vargas Llosa,Peru,La ciudad y los perros,"Estaba muy meloso, el gran sabido, muy cariñoso.",8
llosa_laciudadylosperros_0422,Mario Vargas Llosa,Peru,La ciudad y los perros,"Ven perrita, sé buena conmigo, estoy pasando un mal momento, no te me escapes.",14
llosa_laciudadylosperros_0423,Mario Vargas Llosa,Peru,La ciudad y los perros,"Dice que el perro protestaba demasiado y el Jaguar le dijo: ""si sigues hablando voy a hacer puntería en tu bragueta, mejor te callas"".",24
llosa_laciudadylosperros_0424,Mario Vargas Llosa,Peru,La ciudad y los perros,"Y dice que entonces se volvió hacia el Rulos y, sin que viniera al caso, le dijo: ""se me ocurre que el poeta no ha venido al colegio porque se ha muerto.",32
llosa_laciudadylosperros_0425,Mario Vargas Llosa,Peru,La ciudad y los perros,Tu lengua me recuerda las ventosas que me ponía mi madre para sacarme las pestilencias cuando estaba enfermo.,18
llosa_laciudadylosperros_0426,Mario Vargas Llosa,Peru,La ciudad y los perros,"Y el Jaguar le contestó: ""espero por su bien que no sean chivatos.",13
llosa_laciudadylosperros_0427,Mario Vargas Llosa,Peru,La ciudad y los perros,"Yo sólo gastaba en ir a esperar a Tere todos los días a la salida del colegio y también en cigarrillos, pues esos días comencé a fumar de mi bolsillo.",30
llosa_laciudadylosperros_0428,Mario Vargas Llosa,Peru,La ciudad y los perros,"Las primeras veces fuimos los tres: el flaco, yo y el serrano Culepe.",13
llosa_laciudadylosperros_0429,Mario Vargas Llosa,Peru,La ciudad y los perros,Los oficiales nos patean y los soldados nos odian y nos hacen imposible la vida.,15
llosa_laciudadylosperros_0430,Mario Vargas Llosa,Peru,La ciudad y los perros,"Estuvo unos segundos a ciegas, después distinguió, en una esquina, la sombra compacta del catre de campaña.",17
llosa_laciudadylosperros_0431,Mario Vargas Llosa,Peru,La ciudad y los perros,"Alberto se aparta de la rejilla y se aproxima a la puerta del calabozo, que comunica con la sala de guardia: el teniente Gamboa está inclinado sobre el teniente Ferrero y le habla en voz baja.",36
llosa_laciudadylosperros_0432,Mario Vargas Llosa,Peru,La ciudad y los perros,"No había sentido llover en la noche y, sin embargo, el patio estaba mojado.",14
llosa_laciudadylosperros_0433,Mario Vargas Llosa,Peru,La ciudad y los perros,"Sentía una fatiga muy intensa y una súbita desconfianza: engañosas y frágiles, las palabras avanzaban hasta la orilla de los labios y allí retrocedían, o morían como objetos de humo.",30
llosa_laciudadylosperros_0434,Mario Vargas Llosa,Peru,La ciudad y los perros,"El Jaguar quería vengarse a toda costa, lo que más odia son los soplones.",14
llosa_laciudadylosperros_0435,Mario Vargas Llosa,Peru,La ciudad y los perros,"Febrilmente, trataba de reconstituir en imágenes el descampado de la Perla, la colina rodeada de sembríos, la mañana de aquel sábado, la formación.",23
llosa_laciudadylosperros_0436,Mario Vargas Llosa,Peru,La ciudad y los perros,El teniente Gamboa movía uno de sus pies en el aire y miraba el suelo.,15
llosa_laciudadylosperros_0437,Mario Vargas Llosa,Peru,La ciudad y los perros,Llevaban puesta la ropa de baño y se desvistieron en la playa.,12
llosa_laciudadylosperros_0438,Mario Vargas Llosa,Peru,La ciudad y los perros,"Dos se fueron al poco rato, pero el que había estado con Teresa y el otro se quedaron hasta cerca de las tres.",23
llosa_laciudadylosperros_0439,Mario Vargas Llosa,Peru,La ciudad y los perros,"Cuando llegaron a una calle vacía, comencé a arrojarles piedras.",10
llosa_laciudadylosperros_0440,Mario Vargas Llosa,Peru,La ciudad y los perros,Al fin la mujer me soltó y regresé a Bellavista.,10
llosa_laciudadylosperros_0441,Mario Vargas Llosa,Peru,La ciudad y los perros,Fui hasta la Plaza Bellavista pero no entré a mi casa.,11
llosa_laciudadylosperros_0442,Mario Vargas Llosa,Peru,La ciudad y los perros,"Di media vuelta y caminé hasta el bar de Sáenz Peña y allí encontré al flaco Higueras, sentado en el mostrador, conversando con el chino.",25
llosa_laciudadylosperros_0443,Mario Vargas Llosa,Peru,La ciudad y los perros,"Después me dijo: ""estás enamorado hasta el alma.",8
llosa_laciudadylosperros_0444,Mario Vargas Llosa,Peru,La ciudad y los perros,"Si un hombre no les hace caso, se desenamoran y buscan a otro.",13
llosa_laciudadylosperros_0445,Mario Vargas Llosa,Peru,La ciudad y los perros,Me tuvo tomando pisco y cerveza hasta que anocheció y después me hizo vomitar: me apretaba el estómago para ayudarme.,20
llosa_laciudadylosperros_0446,Mario Vargas Llosa,Peru,La ciudad y los perros,Sólo que a lo mejor te paran en la puerta.,10
llosa_laciudadylosperros_0447,Mario Vargas Llosa,Peru,La ciudad y los perros,Después entraron dos mujeres trayendo muchas botellas de cerveza.,9
llosa_laciudadylosperros_0448,Mario Vargas Llosa,Peru,La ciudad y los perros,"Llegó a las aulas cuando Pitaluga, el oficial de servicio, tocaba el silbato: acababa de terminar la primera clase de la mañana.",22
llosa_laciudadylosperros_0449,Mario Vargas Llosa,Peru,La ciudad y los perros,"Caminaba con las piernas muy abiertas, como si fuera de caballería.",11
llosa_laciudadylosperros_0450,Mario Vargas Llosa,Peru,La ciudad y los perros,La brisa agitaba apenas la hierba del descampado; la vicuña ejecutaba veloces carreras en círculo.,15
llosa_laciudadylosperros_0451,Mario Vargas Llosa,Peru,La ciudad y los perros,Decían que sólo habría veinte plazas para capitán.,8
llosa_laciudadylosperros_0452,Mario Vargas Llosa,Peru,La ciudad y los perros,"Pero, en fin, podemos discutir sobre eso después.",8
llosa_laciudadylosperros_0453,Mario Vargas Llosa,Peru,La ciudad y los perros,Sobre el velador había una foto de mujer.,8
llosa_laciudadylosperros_0454,Mario Vargas Llosa,Peru,La ciudad y los perros,Ella era más delgada en ese tiempo y llevaba los cabellos sueltos.,12
llosa_laciudadylosperros_0455,Mario Vargas Llosa,Peru,La ciudad y los perros,"Estaba visto que nadie se salvaba, ha sido cosa de brujería.",11
llosa_laciudadylosperros_0456,Mario Vargas Llosa,Peru,La ciudad y los perros,"Y era todo tan raro, Gamboa parado en un ropero y lo mismo la Rata, y el teniente gritaba: ""cuidado, abrir los roperos, nada más, nadie ha dicho meter la mano"".",31
llosa_laciudadylosperros_0457,Mario Vargas Llosa,Peru,La ciudad y los perros,"El que gozaba como un cochino era Gamboa, se veía en la manera de preguntar: ""¿cuántas ha dicho?"".",18
llosa_laciudadylosperros_0458,Mario Vargas Llosa,Peru,La ciudad y los perros,"Formamos y nos llevó a la cuadra y en la puerta dijo: ""saquen los fusiles, tienen un minuto, brigadier, parte de los tres últimos"", nos cansamos de mentarle la madre y a ninguno se le ocurría qué pasaba.",38
llosa_laciudadylosperros_0459,Mario Vargas Llosa,Peru,La ciudad y los perros,"Y les decía ""suéltenlo, no le tengo miedo, me lo cargo de dos patadas, lo pulverizo en un dos por tres"", y a mí me amarraron para tenerme quieto.",29
llosa_laciudadylosperros_0460,Mario Vargas Llosa,Peru,La ciudad y los perros,"Después tocaron el pito para almorzar y creo que es la primera vez desde que estoy en el colegio que no comí casi nada, la comida se me atragantaba en el cogote.",32
llosa_laciudadylosperros_0461,Mario Vargas Llosa,Peru,La ciudad y los perros,Gamboa esperó que el soldado se alejara por la cancha de fútbol hacia las cuadras.,15
llosa_laciudadylosperros_0462,Mario Vargas Llosa,Peru,La ciudad y los perros,"Examinó sus facciones inmóviles, trató de recordar; inútil, el rostro se confundía con otros, aunque le era vagamente familiar, no por sus rasgos, sino por la expresión anticipadamente madura: tenía las mandíbulas apretadas, el ceño grave, el mentón hendido.",39
llosa_laciudadylosperros_0463,Mario Vargas Llosa,Peru,La ciudad y los perros,Estiró la mano y la puso en el hombro del Jaguar.,11
llosa_laciudadylosperros_0464,Mario Vargas Llosa,Peru,La ciudad y los perros,Sus ojos me espulgaban todo el cuerpo y me daban malestar.,11
llosa_laciudadylosperros_0465,Mario Vargas Llosa,Peru,La ciudad y los perros,Al poco rato salí y fui hasta la playa de Chucuito.,11
llosa_laciudadylosperros_0466,Mario Vargas Llosa,Peru,La ciudad y los perros,Habían hecho dos montones con su ropa para apoyar la cabeza.,11
llosa_laciudadylosperros_0467,Mario Vargas Llosa,Peru,La ciudad y los perros,A eso de las doce volvieron al agua.,8
llosa_laciudadylosperros_0468,Mario Vargas Llosa,Peru,La ciudad y los perros,"En eso el muchacho me miró y me reconoció porque se plantó en seco, retrocedió, se agachó, cogió una piedra y me apuntó.",23
llosa_laciudadylosperros_0469,Mario Vargas Llosa,Peru,La ciudad y los perros,"Fue como si el sol me entrara a la cabeza, vi todo blanco y parecía que flotaba.",17
llosa_laciudadylosperros_0470,Mario Vargas Llosa,Peru,La ciudad y los perros,"Fue un tonto, si aprovecha me hubiera revolcado a su gusto, pero como me sacó sangre la pedrada, se quedó quieto, mirando a ver qué me pasaba, y yo me le fui encima, saltando sobre Teresa.",36
llosa_laciudadylosperros_0471,Mario Vargas Llosa,Peru,La ciudad y los perros,No nos separaron hasta que vino el cachaco.,8
llosa_laciudadylosperros_0472,Mario Vargas Llosa,Peru,La ciudad y los perros,Pronto lo tendremos de nuevo por algo grande.,8
llosa_laciudadylosperros_0473,Mario Vargas Llosa,Peru,La ciudad y los perros,"No puedes irte de puñetazos con una criatura"".",8
llosa_laciudadylosperros_0474,Mario Vargas Llosa,Peru,La ciudad y los perros,Hay que poner fin a este lío de inmediato.,9
llosa_laciudadylosperros_0475,Mario Vargas Llosa,Peru,La ciudad y los perros,"Ha perdido el juicio, hombre, esto es una bomba.",9
llosa_laciudadylosperros_0476,Mario Vargas Llosa,Peru,La ciudad y los perros,¿Quién es el muchacho que hizo la denuncia?,8
llosa_laciudadylosperros_0477,Mario Vargas Llosa,Peru,La ciudad y los perros,"De otro modo, la noticia se habría difundido por todo el año.",12
llosa_laciudadylosperros_0478,Mario Vargas Llosa,Peru,La ciudad y los perros,Por prudencia no he querido hacer un careo entre los dos.,11
llosa_laciudadylosperros_0479,Mario Vargas Llosa,Peru,La ciudad y los perros,¿Cómo ha podido dar crédito a esa historia fantástica?,9
llosa_laciudadylosperros_0480,Mario Vargas Llosa,Peru,La ciudad y los perros,¿Quiere que le muestre el parte sobre el accidente?,9
llosa_laciudadylosperros_0481,Mario Vargas Llosa,Peru,La ciudad y los perros,"En realidad, mi mayor, yo creí que el cadete Arana era culpable, al menos en parte, por estar mal emplazado, por haber demorado en el salto.",26
llosa_laciudadylosperros_0482,Mario Vargas Llosa,Peru,La ciudad y los perros,Soy manso sólo cuando se portan bien conmigo.,8
llosa_laciudadylosperros_0483,Mario Vargas Llosa,Peru,La ciudad y los perros,"Pero soy un enemigo peligroso, ya lo va a comprobar.",10
llosa_laciudadylosperros_0484,Mario Vargas Llosa,Peru,La ciudad y los perros,Le juro que se va acordar de mí.,8
llosa_laciudadylosperros_0485,Mario Vargas Llosa,Peru,La ciudad y los perros,"Me han puesto muchas inyecciones y estoy inmóvil, sin almohada y eso me molesta mucho, tú sabes que me gusta dormir casi sentada.",23
llosa_laciudadylosperros_0486,Mario Vargas Llosa,Peru,La ciudad y los perros,"Gamboa recibió un pequeño impacto: en efecto, el capitán tenía razón, ese cadete lo consideraba un aliado.",17
llosa_laciudadylosperros_0487,Mario Vargas Llosa,Peru,La ciudad y los perros,Atravesaron la pista de cemento y Alberto se sorprendió al ver que Gamboa no contestaba el saludo de los soldados de la guardia.,23
llosa_laciudadylosperros_0488,Mario Vargas Llosa,Peru,La ciudad y los perros,La imagen lo asediaba desde que se llevaron al cabo de la celda vecina.,14
llosa_laciudadylosperros_0489,Mario Vargas Llosa,Peru,La ciudad y los perros,El piso no tenía alfombra: el encerado relucía y sus botines se deslizaban como sobre hielo.,16
llosa_laciudadylosperros_0490,Mario Vargas Llosa,Peru,La ciudad y los perros,"Miraba el suelo, sólo levantó la cabeza al ver que bajo sus ojos surgía una pierna enfundada en un pantalón caqui y un brazo de sillón.",26
llosa_laciudadylosperros_0491,Mario Vargas Llosa,Peru,La ciudad y los perros,"El coronel lo observaba; era bruñido y regordete, sus cabellos grises estaban cuidadosamente aplastados contra el cráneo.",17
llosa_laciudadylosperros_0492,Mario Vargas Llosa,Peru,La ciudad y los perros,Quiero decir que no habrá conmovido a toda la oficialidad del colegio por algo insignificante.,15
llosa_laciudadylosperros_0493,Mario Vargas Llosa,Peru,La ciudad y los perros,"Y, en efecto, el parte que ha elevado el teniente Gamboa muestra que el asunto justifica la intervención, no sólo de los oficiales, sino incluso del Ministerio, de la justicia.",30
llosa_laciudadylosperros_0494,Mario Vargas Llosa,Peru,La ciudad y los perros,"Tosió brevemente, con alguna elegancia, y calló un momento.",9
llosa_laciudadylosperros_0495,Mario Vargas Llosa,Peru,La ciudad y los perros,"Y un hombre, un ser racional, para acusar a alguien de asesino, debe tener pruebas terminantes, irrefutables.",17
llosa_laciudadylosperros_0496,Mario Vargas Llosa,Peru,La ciudad y los perros,"Entonces he pensado: el cadete es una persona prudente, ha tomado sus precauciones, sólo quiere mostrar las pruebas en última instancia, a mí en persona, para que yo las exhiba ante el Consejo.",33
llosa_laciudadylosperros_0497,Mario Vargas Llosa,Peru,La ciudad y los perros,"Hay que tener un espíritu extraviado, pervertido, para dedicarse a escribir semejantes cosas.",13
llosa_laciudadylosperros_0498,Mario Vargas Llosa,Peru,La ciudad y los perros,"Estos papeles deshonran al colegio, nos deshonran a todos.",9
llosa_laciudadylosperros_0499,Mario Vargas Llosa,Peru,La ciudad y los perros,"La próxima vez, antes de jugar al detective, piense que está en el Ejército, una institución donde los superiores vigilan para que todo sea debidamente investigado y sancionado.",28
llosa_laciudadylosperros_0500,Mario Vargas Llosa,Peru,La ciudad y los perros,El teniente de guardia le hizo una venia.,8
llosa_laciudadylosperros_0501,Mario Vargas Llosa,Peru,La ciudad y los perros,"El sargento, un hombre macizo y achinado, asintió.",8
llosa_laciudadylosperros_0502,Mario Vargas Llosa,Peru,La ciudad y los perros,Abrió la puerta del calabozo y la empujó con el pie.,11
llosa_laciudadylosperros_0503,Mario Vargas Llosa,Peru,La ciudad y los perros,"Me contó que no le hicieron nada y que el Rajas lo abrazó y le dijo: ""te quiero como a un hijo"".",22
llosa_laciudadylosperros_0504,Mario Vargas Llosa,Peru,La ciudad y los perros,El Rajas era un zambo viejo y apenas se entendía lo que hablaba; todo el tiempo pedía mulitas de pisco.,20
llosa_laciudadylosperros_0505,Mario Vargas Llosa,Peru,La ciudad y los perros,A mí me ponían de campana y nunca me lanzaban adentro para que les abriera la puerta.,17
llosa_laciudadylosperros_0506,Mario Vargas Llosa,Peru,La ciudad y los perros,"Al principio, el zambo me provocaba y se reía, ""eres el ratón y yo el gato"", me decía, pero le coloqué un par de cabezazos y entonces peleamos de a deveras.",31
llosa_laciudadylosperros_0507,Mario Vargas Llosa,Peru,La ciudad y los perros,"Donde yo estaba plantado no había nadie, no se veía ni una luz en las casas y pensé que todo iba a terminar muy pronto.",25
llosa_laciudadylosperros_0508,Mario Vargas Llosa,Peru,La ciudad y los perros,"Al pasar, Pancracio me había mostrado la casa.",8
llosa_laciudadylosperros_0509,Mario Vargas Llosa,Peru,La ciudad y los perros,"En la mañana, muy temprano, fui a la Plaza de Bellavista.",11
llosa_laciudadylosperros_0510,Mario Vargas Llosa,Peru,La ciudad y los perros,"Le pregunté: ""¿sabe dónde está enterrada la señora Domitila?"".",9
llosa_laciudadylosperros_0511,Mario Vargas Llosa,Peru,La ciudad y los perros,"Ahora estaba de pie, a unos centímetros del Jaguar, sus rodillas se tocaban.",13
llosa_laciudadylosperros_0512,Mario Vargas Llosa,Peru,La ciudad y los perros,"Le ha dicho lo de los exámenes, lo del Círculo, los robos de prendas, que jugamos dinero, que metemos licor.",20
llosa_laciudadylosperros_0513,Mario Vargas Llosa,Peru,La ciudad y los perros,"Arana era un pobre diablo, cualquiera podía echarlo al suelo de un manazo.",13
llosa_laciudadylosperros_0514,Mario Vargas Llosa,Peru,La ciudad y los perros,"La de un delincuente, te meterán a la cárcel tarde o temprano.",12
llosa_laciudadylosperros_0515,Mario Vargas Llosa,Peru,La ciudad y los perros,Si a mí no me joden es porque soy más hombre.,11
llosa_laciudadylosperros_0516,Mario Vargas Llosa,Peru,La ciudad y los perros,"En cuanto a los exámenes, ya se tomaron las precauciones debidas.",11
llosa_laciudadylosperros_0517,Mario Vargas Llosa,Peru,La ciudad y los perros,"A veces, es preferible olvidarse del reglamento y valerse solo del sentido común.",13
llosa_laciudadylosperros_0518,Mario Vargas Llosa,Peru,La ciudad y los perros,El teniente acarició un momento el cigarrillo ovalado antes de llevárselo a la boca.,14
llosa_laciudadylosperros_0519,Mario Vargas Llosa,Peru,La ciudad y los perros,"Sonreía, jovial, pero su rostro revelaba el cansancio de la guardia nocturna-.",12
llosa_laciudadylosperros_0520,Mario Vargas Llosa,Peru,La ciudad y los perros,"Una gran redondela violácea encerraba el ojo, y el párpado, caído, era una superficie rugosa y como chamuscada.",18
llosa_laciudadylosperros_0521,Mario Vargas Llosa,Peru,La ciudad y los perros,Los soldados se habían adelantado hacia los cadetes y los miraban con insistencia.,13
llosa_laciudadylosperros_0522,Mario Vargas Llosa,Peru,La ciudad y los perros,Va a pasar un buen tiempo antes de que se le componga esa cara.,14
llosa_laciudadylosperros_0523,Mario Vargas Llosa,Peru,La ciudad y los perros,Habría que meter al rubio en el equipo de box del colegio.,12
llosa_laciudadylosperros_0524,Mario Vargas Llosa,Peru,La ciudad y los perros,"Antes de tocar, pensé: ""va a salir la mujer y lo negará.",12
llosa_laciudadylosperros_0525,Mario Vargas Llosa,Peru,La ciudad y los perros,Me abrió la puerta y se quedó mirándome sin reconocerme.,10
llosa_laciudadylosperros_0526,Mario Vargas Llosa,Peru,La ciudad y los perros,"Mañana ya veremos qué se puede hacer contigo"".",8
llosa_laciudadylosperros_0527,Mario Vargas Llosa,Peru,La ciudad y los perros,"Iba a hacer las compras al mercado con una lista que me daba la mujer y después a la bodega; ahí me quedaba todo el día, despachando.",27
llosa_laciudadylosperros_0528,Mario Vargas Llosa,Peru,La ciudad y los perros,"Me acordé de las veces que me había largado cuando iba a buscar a mi padrino y pensé ""ha llegado la hora de la venganza"".",25
llosa_laciudadylosperros_0529,Mario Vargas Llosa,Peru,La ciudad y los perros,"En el cine, como era una película de terror, se hacía la asustada, me cogía las manos y se me pegaba, me tocaba con su rodilla.",26
llosa_laciudadylosperros_0530,Mario Vargas Llosa,Peru,La ciudad y los perros,"Después del cine regresamos a pie y ella empezó a hablarme de mujeres, me contó historias cochinas, aunque sin decir malas palabras y después me preguntó si yo había tenido amores.",31
llosa_laciudadylosperros_0531,Mario Vargas Llosa,Peru,La ciudad y los perros,Hizo que me tomara solo toda la botella.,8
llosa_laciudadylosperros_0532,Mario Vargas Llosa,Peru,La ciudad y los perros,"Después prendió la radio y me dijo: ""te voy a enseñar a bailar"".",13
llosa_laciudadylosperros_0533,Mario Vargas Llosa,Peru,La ciudad y los perros,"Estaba desatada, me metía su lengua hedionda hasta las amígdalas y me pellizcaba.",13
llosa_laciudadylosperros_0534,Mario Vargas Llosa,Peru,La ciudad y los perros,"Cuando recibía los golpes del Jaguar en el suelo del calabozo, donde se revolcaba en silencio, no había sentido dolor alguno, sólo humillación.",23
llosa_laciudadylosperros_0535,Mario Vargas Llosa,Peru,La ciudad y los perros,La realidad volvía a ordenarse a partir del momento en que la voz de Gamboa retumbó en la celda.,19
llosa_laciudadylosperros_0536,Mario Vargas Llosa,Peru,La ciudad y los perros,Sus ojos claros observaban a Alberto sin ningún sentimiento- Lo más asqueroso que puede ser un hombre.,17
llosa_laciudadylosperros_0537,Mario Vargas Llosa,Peru,La ciudad y los perros,"Pero yo diré quién eres a toda la sección, a todo el colegio.",13
llosa_laciudadylosperros_0538,Mario Vargas Llosa,Peru,La ciudad y los perros,El enfermero comenzó a limpiarle el rostro con sumo cuidado.,10
llosa_laciudadylosperros_0539,Mario Vargas Llosa,Peru,La ciudad y los perros,"Después de echarle mercurio cromo, le puso unas tiras de venda.",11
llosa_laciudadylosperros_0540,Mario Vargas Llosa,Peru,La ciudad y los perros,Alberto y el Jaguar firmaron el libro de partes y salieron.,11
llosa_laciudadylosperros_0541,Mario Vargas Llosa,Peru,La ciudad y los perros,"Todo estaba desierto, pero al pasar frente al comedor, sintieron las voces de los cadetes y música de vals criollo.",20
llosa_laciudadylosperros_0542,Mario Vargas Llosa,Peru,La ciudad y los perros,En el edificio de los oficiales encontraron al teniente Huarina.,10
llosa_laciudadylosperros_0543,Mario Vargas Llosa,Peru,La ciudad y los perros,Las autoridades estiman que la acusación carece de fundamento.,9
llosa_laciudadylosperros_0544,Mario Vargas Llosa,Peru,La ciudad y los perros,"Puesto que el asunto ha terminado, ustedes se incorporan desde ahora a su sección y guardarán la discreción más absoluta.",20
llosa_laciudadylosperros_0545,Mario Vargas Llosa,Peru,La ciudad y los perros,Y espero que en el futuro suprima ese negocio de los papeluchos pornográficos si quiere terminar el año en paz.,20
llosa_laciudadylosperros_0546,Mario Vargas Llosa,Peru,La ciudad y los perros,Ya no había viento; la hierba del descampado estaba inmóvil y erecta.,12
llosa_laciudadylosperros_0547,Mario Vargas Llosa,Peru,La ciudad y los perros,Eso es lo que me dio a entender el coronel.,10
llosa_laciudadylosperros_0548,Mario Vargas Llosa,Peru,La ciudad y los perros,Estaba fascinado por ese espectáculo y súbitamente desapareció el temor de que su nombre estallara en el aire de la cuadra y todo el odio que los cadetes vertían en esos instantes hacia el Jaguar se volviera hacia él.,39
llosa_laciudadylosperros_0549,Mario Vargas Llosa,Peru,La ciudad y los perros,"Su propia boca, detrás de los vendajes cómplices, comenzó a murmurar, bajito, ""soplón, soplón"".",14
llosa_laciudadylosperros_0550,Mario Vargas Llosa,Peru,La ciudad y los perros,Más tarde supo que fue el Boa: cogió a Arróspide de los pies y lo echó al suelo.,18
llosa_laciudadylosperros_0551,Mario Vargas Llosa,Peru,La ciudad y los perros,"¿Por qué, desde que surgieron estos problemas recientes, pensaba, constantemente en su juventud, con cierta amargura?",16
llosa_laciudadylosperros_0552,Mario Vargas Llosa,Peru,La ciudad y los perros,Él había creído que en el Colegio Militar sería lo mismo.,11
llosa_laciudadylosperros_0553,Mario Vargas Llosa,Peru,La ciudad y los perros,"Era un serrano insolente, que se reía en su cara mientras él lo reprendía.",14
llosa_laciudadylosperros_0554,Mario Vargas Llosa,Peru,La ciudad y los perros,"No era tan torpe ese cabo, después de todo.",9
llosa_laciudadylosperros_0555,Mario Vargas Llosa,Peru,La ciudad y los perros,Sus partes se referían sólo a la primera sección.,9
llosa_laciudadylosperros_0556,Mario Vargas Llosa,Peru,La ciudad y los perros,"Pero en estos casos las influencias son muy útiles, usted ya sabe.",12
llosa_laciudadylosperros_0557,Mario Vargas Llosa,Peru,La ciudad y los perros,"Pero a la mañana siguiente, Vallano reivindicaba ese privilegio, y también Núñez, Revilla y hasta el enclenque de García.",19
llosa_laciudadylosperros_0558,Mario Vargas Llosa,Peru,La ciudad y los perros,"Esta vez se le acercó el Rulos, pero apenas estuvo a su alcance, el Jaguar le dio un empujón y el Rulos volvió a las aulas, ruborizado.",27
llosa_laciudadylosperros_0559,Mario Vargas Llosa,Peru,La ciudad y los perros,"Los brazos cruzados sobre la carpeta, los Ojos azules clavados en el pizarrón, el Jaguar pasaba las horas de clase sin abrir la boca, ni tomar un apunte, ni volver la cabeza hacia un compañero.",35
llosa_laciudadylosperros_0560,Mario Vargas Llosa,Peru,La ciudad y los perros,"Regresó al descampado y se dirigió hacia los excusados vecinos a ""La Perlita"": nadie los utilizaba de noche porque pululaban las ratas.",22
llosa_laciudadylosperros_0561,Mario Vargas Llosa,Peru,La ciudad y los perros,El Jaguar rió con su risa despectiva y sin alegría que Alberto no había vuelto a oír desde antes de todo lo ocurrido.,23
llosa_laciudadylosperros_0562,Mario Vargas Llosa,Peru,La ciudad y los perros,"En la puerta de una de las cuadras, un cadete con las insignias color púrpura de cuartelero, contaba un alto de prendas.",22
llosa_laciudadylosperros_0563,Mario Vargas Llosa,Peru,La ciudad y los perros,Entraron a la cantina de oficiales y el capitán pidió una cerveza.,12
llosa_laciudadylosperros_0564,Mario Vargas Llosa,Peru,La ciudad y los perros,Bebieron lo que quedaba de cerveza en los vasos y el capitán volvió a llenarlos.,15
llosa_laciudadylosperros_0565,Mario Vargas Llosa,Peru,La ciudad y los perros,"Pero, eso sí, no le toque la cara; no quiero tener más líos.",13
llosa_laciudadylosperros_0566,Mario Vargas Llosa,Peru,La ciudad y los perros,"Gamboa fue hasta las aulas, habló con un suboficial y regresó hacia la Prevención, donde había dejado su maleta.",19
llosa_laciudadylosperros_0567,Mario Vargas Llosa,Peru,La ciudad y los perros,"Caminó por la tierra aplanada, al borde del abismo.",9
llosa_laciudadylosperros_0568,Mario Vargas Llosa,Peru,La ciudad y los perros,No me interesan sus ideas sobre la lealtad y la venganza.,11
llosa_laciudadylosperros_0569,Mario Vargas Llosa,Peru,La ciudad y los perros,"Hizo expulsar a Cava sólo para poder salir a la calle unas horas, no le importó arruinar a un compañero por conseguir un permiso.",24
llosa_laciudadylosperros_0570,Mario Vargas Llosa,Peru,La ciudad y los perros,"Todos lo batíamos, es la pura verdad, hasta cansarnos, yo más que otros.",13
llosa_laciudadylosperros_0571,Mario Vargas Llosa,Peru,La ciudad y los perros,"Todos decían que iba a terminar así, mi madre, usted también.",11
llosa_laciudadylosperros_0572,Mario Vargas Llosa,Peru,La ciudad y los perros,"No sólo por razones morales, sino también militares; por economía.",10
llosa_laciudadylosperros_0573,Mario Vargas Llosa,Peru,La ciudad y los perros,"Puede pasar un parte y llevarme donde el coronel"".",9
llosa_laciudadylosperros_0574,Mario Vargas Llosa,Peru,La ciudad y los perros,"Alberto tenía la sensación de que sus ojos estallarían al encontrar los reflejos, si miraba fijamente una de esas fachadas de ventanales amplios, que absorbían y despedían el sol como esponjas multicolores.",32
llosa_laciudadylosperros_0575,Mario Vargas Llosa,Peru,La ciudad y los perros,"A cada momento, tenía que limpiarse el rostro con la toalla.",11
llosa_laciudadylosperros_0576,Mario Vargas Llosa,Peru,La ciudad y los perros,"Miró su reloj: no vio la hora, sus ojos quedaron embelesados por el brillo fascinante de las agujas, la esfera, la corona, la cadena dorada.",25
llosa_laciudadylosperros_0577,Mario Vargas Llosa,Peru,La ciudad y los perros,"La noche anterior, Pluto le había dicho en el Parque Salazar: ""parece un reloj cronómetro"".",15
llosa_laciudadylosperros_0578,Mario Vargas Llosa,Peru,La ciudad y los perros,"Su padre, al regalárselo la noche de Navidad, le había dicho: ""por las buenas notas del examen.",17
llosa_laciudadylosperros_0579,Mario Vargas Llosa,Peru,La ciudad y los perros,"Si a esa hora el sol brillaba así, ¿cómo sería a las doce?",13
llosa_laciudadylosperros_0580,Mario Vargas Llosa,Peru,La ciudad y los perros,Este año no pude verlos por el internado.,8
llosa_laciudadylosperros_0581,Mario Vargas Llosa,Peru,La ciudad y los perros,Después de cruzar la avenida Petit Thotiars se detuvo en la segunda casa y silbó.,15
llosa_laciudadylosperros_0582,Mario Vargas Llosa,Peru,La ciudad y los perros,"Miró a todos lados: no había nadie, Marcela debía estar en la escalera.",13
llosa_laciudadylosperros_0583,Mario Vargas Llosa,Peru,La ciudad y los perros,No podía desquitarse: ¿cómo hacerles a ellos las bromas de las cuadras?,12
llosa_laciudadylosperros_0584,Mario Vargas Llosa,Peru,La ciudad y los perros,No he estado enamorado de nadie como de ti.,9
llosa_laciudadylosperros_0585,Mario Vargas Llosa,Peru,La ciudad y los perros,Le diré en su cara lo que es.,8
llosa_laciudadylosperros_0586,Mario Vargas Llosa,Peru,La ciudad y los perros,Pero el Ejército le dio una última oportunidad.,8
llosa_laciudadylosperros_0587,Mario Vargas Llosa,Peru,La ciudad y los perros,"¡Qué formidable! Alberto caminaba de vuelta a su casa, ensimismado, aturdido.",11
llosa_laciudadylosperros_0588,Mario Vargas Llosa,Peru,La ciudad y los perros,Pero no resistió y él pudo besarla largamente en la boca.,11
llosa_laciudadylosperros_0589,Mario Vargas Llosa,Peru,La ciudad y los perros,Alberto soltó el hombro de Marcela y la tomó de la mano.,12
llosa_laciudadylosperros_0590,Mario Vargas Llosa,Peru,La ciudad y los perros,"Cuando regrese, trabajaré con mi papá, tendré un carro convertible, una gran casa con piscina.",15
llosa_laciudadylosperros_0591,Mario Vargas Llosa,Peru,La ciudad y los perros,"A su alrededor había gente; las mujeres llevaban blusas y faldas de colores claros, zapatos blancos, sombreros de paja, anteojos para el sol.",23
llosa_laciudadylosperros_0592,Mario Vargas Llosa,Peru,La ciudad y los perros,"Éste, desde la calzada, les hizo ademanes amenazadores.",8
llosa_laciudadylosperros_0593,Mario Vargas Llosa,Peru,La ciudad y los perros,"Marcela se reía y su risa parecía una fuente, refrescaba la mañana soleada.",13
llosa_laciudadylosperros_0594,Mario Vargas Llosa,Peru,La ciudad y los perros,"Regresó corriendo y vio, a lo lejos, a Teresa, caminando sola.",11
llosa_laciudadylosperros_0595,Mario Vargas Llosa,Peru,La ciudad y los perros,"Echó a correr, primero despacio, luego como un endemoniado, al doblar una calle tropezó con un hombre que le mentó la madre desde el suelo.",25
llosa_laciudadylosperros_0596,Mario Vargas Llosa,Peru,La ciudad y los perros,Él tenía las manos en los bolsillos y la miraba de reojo.,12
llosa_laciudadylosperros_0597,Mario Vargas Llosa,Peru,La ciudad y los perros,Nos paseamos un rato y después fuimos al cine.,9
llosa_laciudadylosperros_0598,Mario Vargas Llosa,Peru,La ciudad y los perros,Y esa noche me dijo que le había contado todo a su tía y que estaba furiosa.,17
llosa_laciudadylosperros_0599,Mario Vargas Llosa,Peru,La ciudad y los perros,"No es mala gente, un poco renegona, pero no se mete conmigo.",12
quiroga_cuentosdeamordelocuraydemuerte_0000,Horacio Quiroga,Uruguay,Cuentos de amor de locura y de muerte,"Era una chica muy joven aún, acaso no más de catorce años, pero ya núbil.",15
quiroga_cuentosdeamordelocuraydemuerte_0001,Horacio Quiroga,Uruguay,Cuentos de amor de locura y de muerte,"Ojos azules, largos, perdiéndose hacia las sienes entre negras pestañas.",10
quiroga_cuentosdeamordelocuraydemuerte_0002,Horacio Quiroga,Uruguay,Cuentos de amor de locura y de muerte,"Ambos carruajes estaban ya enlazados por el puente colgante de papel, y la que lo ocasionaba sonreía de vez en cuando al galante muchacho.",24
quiroga_cuentosdeamordelocuraydemuerte_0003,Horacio Quiroga,Uruguay,Cuentos de amor de locura y de muerte,"Tanto fue, que las dos personas sentadas atrás se volvieron y, bien que sonriendo, examinaron atentamente al derrochador.",18
quiroga_cuentosdeamordelocuraydemuerte_0004,Horacio Quiroga,Uruguay,Cuentos de amor de locura y de muerte,"Este fue el principio de un idilio que duró tres meses, y al que Nébel se creyó en el deber de saludarlos, a lo que respondió el terceto con jovial condescendencia.",31
quiroga_cuentosdeamordelocuraydemuerte_0005,Horacio Quiroga,Uruguay,Cuentos de amor de locura y de muerte,"Ella buscó atolondradamente otro, pero no lo tenía.",8
quiroga_cuentosdeamordelocuraydemuerte_0006,Horacio Quiroga,Uruguay,Cuentos de amor de locura y de muerte,"Nébel, para dilucidarlo, confiaba mucho más que en el ramo de su pecho, en la precipitación aturdida con que la joven había buscado algo que darle.",26
quiroga_cuentosdeamordelocuraydemuerte_0007,Horacio Quiroga,Uruguay,Cuentos de amor de locura y de muerte,Ella se iba al día siguiente a Montevideo.,8
quiroga_cuentosdeamordelocuraydemuerte_0008,Horacio Quiroga,Uruguay,Cuentos de amor de locura y de muerte,"¿Qué le importaba lo demás, Concordia, sus amigos de antes, su mismo padre?",13
quiroga_cuentosdeamordelocuraydemuerte_0009,Horacio Quiroga,Uruguay,Cuentos de amor de locura y de muerte,Por lo menos iría con ella hasta Buenos Aires.,9
quiroga_cuentosdeamordelocuraydemuerte_0010,Horacio Quiroga,Uruguay,Cuentos de amor de locura y de muerte,"Al fin, las últimas acaso, erguidas y mirando adelante, Lidia y su madre avanzaron por entre la fila de muchachos.",20
quiroga_cuentosdeamordelocuraydemuerte_0011,Horacio Quiroga,Uruguay,Cuentos de amor de locura y de muerte,"Y es lástima, porque la chica me gustaba en realidad.",10
quiroga_cuentosdeamordelocuraydemuerte_0012,Horacio Quiroga,Uruguay,Cuentos de amor de locura y de muerte,Pero cuando estuvo solo se lloró a sí mismo su desgracia.,11
quiroga_cuentosdeamordelocuraydemuerte_0013,Horacio Quiroga,Uruguay,Cuentos de amor de locura y de muerte,Su idea era elemental: consultaría con cualquier mísero pretexto al abogado; y acaso la viera.,15
quiroga_cuentosdeamordelocuraydemuerte_0014,Horacio Quiroga,Uruguay,Cuentos de amor de locura y de muerte,"Una súbita carrera por el patio respondió al timbre, y Lidia, para detener el impulso, tuvo que cogerse violentamente a la puerta vidriera.",23
quiroga_cuentosdeamordelocuraydemuerte_0015,Horacio Quiroga,Uruguay,Cuentos de amor de locura y de muerte,"Un instante después la madre abría el consultorio, y acogía a su antiguo conocido con más viva complacencia con mayor complacencia que cuatro meses atrás.",25
quiroga_cuentosdeamordelocuraydemuerte_0016,Horacio Quiroga,Uruguay,Cuentos de amor de locura y de muerte,"Y como tenía dieciocho años, deseaba irse de una vez para gozar a solas, y sin cortedad, su inmensa dicha.",20
quiroga_cuentosdeamordelocuraydemuerte_0017,Horacio Quiroga,Uruguay,Cuentos de amor de locura y de muerte,Lidia llegó cuando él estaba ya de pie.,8
quiroga_cuentosdeamordelocuraydemuerte_0018,Horacio Quiroga,Uruguay,Cuentos de amor de locura y de muerte,"La criatura, que no apartaba sus ojos rientes de Nébel, le dijo ¡sí! en pleno rostro, puesto que a él debía su respuesta.",23
quiroga_cuentosdeamordelocuraydemuerte_0019,Horacio Quiroga,Uruguay,Cuentos de amor de locura y de muerte,"Pero Nébel, en loca necesidad de movimiento, se despidió allí mismo y huyó con su ramo cuyo cabo había deshecho casi, y con el alma proyectada al último cielo de la felicidad.",32
quiroga_cuentosdeamordelocuraydemuerte_0020,Horacio Quiroga,Uruguay,Cuentos de amor de locura y de muerte,"El muchacho, dejando de lado estudios, carreras y demás superfluidades, quería casarse.",12
quiroga_cuentosdeamordelocuraydemuerte_0021,Horacio Quiroga,Uruguay,Cuentos de amor de locura y de muerte,"Su padre, en efecto, a quien había disgustado profundamente el año que perdía Nébel tras un amorío de carnaval, debía apuntar las íes con terrible vigor.",26
quiroga_cuentosdeamordelocuraydemuerte_0022,Horacio Quiroga,Uruguay,Cuentos de amor de locura y de muerte,El padre lo miró fijamente y tamborileó sobre la mesa.,10
quiroga_cuentosdeamordelocuraydemuerte_0023,Horacio Quiroga,Uruguay,Cuentos de amor de locura y de muerte,¿Conoces a alguien que sepa qué vida lleva en Montevideo?,10
quiroga_cuentosdeamordelocuraydemuerte_0024,Horacio Quiroga,Uruguay,Cuentos de amor de locura y de muerte,"Pero anda con cuidado, porque puedes llegar tarde... ¡No, no, cálmate!",11
quiroga_cuentosdeamordelocuraydemuerte_0025,Horacio Quiroga,Uruguay,Cuentos de amor de locura y de muerte,"Contaminada, aún por la podredumbre que la rodea.",8
quiroga_cuentosdeamordelocuraydemuerte_0026,Horacio Quiroga,Uruguay,Cuentos de amor de locura y de muerte,Abusaba de la morfina por angustiosa necesidad y por elegancia.,10
quiroga_cuentosdeamordelocuraydemuerte_0027,Horacio Quiroga,Uruguay,Cuentos de amor de locura y de muerte,"Sin ser grandes, sus ojos lo parecían por el corte y por tener pestañas muy largas; pero eran admirables de sombra y fuego.",23
quiroga_cuentosdeamordelocuraydemuerte_0028,Horacio Quiroga,Uruguay,Cuentos de amor de locura y de muerte,"Pero a pesar de ello, la misma histeria que le deshacía los nervios era el alimento un poco mágico que sostenía su tonicidad.",23
quiroga_cuentosdeamordelocuraydemuerte_0029,Horacio Quiroga,Uruguay,Cuentos de amor de locura y de muerte,"Esta convicción era tan intensa, que Nébel jamás la había besado.",11
quiroga_cuentosdeamordelocuraydemuerte_0030,Horacio Quiroga,Uruguay,Cuentos de amor de locura y de muerte,"Y sobre todo, la sostenía el deseo de humillar, de forzar a la moral burguesa a doblar las rodillas ante la misma inconveniencia que despreció.",25
quiroga_cuentosdeamordelocuraydemuerte_0031,Horacio Quiroga,Uruguay,Cuentos de amor de locura y de muerte,Hasta que un día la llama se levantó.,8
quiroga_cuentosdeamordelocuraydemuerte_0032,Horacio Quiroga,Uruguay,Cuentos de amor de locura y de muerte,"Faltaba más de un mes aún, pero la madre hizo entender claramente al muchacho que quería la presencia de su padre esa noche.",23
quiroga_cuentosdeamordelocuraydemuerte_0033,Horacio Quiroga,Uruguay,Cuentos de amor de locura y de muerte,"Otra pausa siguió, pero ésta ya de presagio.",8
quiroga_cuentosdeamordelocuraydemuerte_0034,Horacio Quiroga,Uruguay,Cuentos de amor de locura y de muerte,"Pero no sólo se niega a asistir, sino que tampoco da su consentimiento.",13
quiroga_cuentosdeamordelocuraydemuerte_0035,Horacio Quiroga,Uruguay,Cuentos de amor de locura y de muerte,Nébel vivió cuatro días en la más honda desesperación.,9
quiroga_cuentosdeamordelocuraydemuerte_0036,Horacio Quiroga,Uruguay,Cuentos de amor de locura y de muerte,"María S. de Arrizabalaga» Era una treta, no ofrecía duda.",10
quiroga_cuentosdeamordelocuraydemuerte_0037,Horacio Quiroga,Uruguay,Cuentos de amor de locura y de muerte,"Se sentó a su lado, y en balde la madre esperó a que se dijeran algo: no hacían sino mirarse y sonreír.",22
quiroga_cuentosdeamordelocuraydemuerte_0038,Horacio Quiroga,Uruguay,Cuentos de amor de locura y de muerte,Sólo Nébel pudo decir cuán grande fue su dicha recuperada en pos del naufragio.,14
quiroga_cuentosdeamordelocuraydemuerte_0039,Horacio Quiroga,Uruguay,Cuentos de amor de locura y de muerte,"Dio una vuelta manzana, y tornó a detenerse bajo el farol.",11
quiroga_cuentosdeamordelocuraydemuerte_0040,Horacio Quiroga,Uruguay,Cuentos de amor de locura y de muerte,"¡Nunca, nunca más! Hasta las once y media hizo lo mismo.",11
quiroga_cuentosdeamordelocuraydemuerte_0041,Horacio Quiroga,Uruguay,Cuentos de amor de locura y de muerte,"Uníalo con el viejo militar de Guillermo una viva amistad, cimentada sobre largas charlas filosóficas.",15
quiroga_cuentosdeamordelocuraydemuerte_0042,Horacio Quiroga,Uruguay,Cuentos de amor de locura y de muerte,La expresión de su rostro era sobrado explícita.,8
quiroga_cuentosdeamordelocuraydemuerte_0043,Horacio Quiroga,Uruguay,Cuentos de amor de locura y de muerte,"El dibujante, con gran calma, le contó entonces su propio drama de amor.",13
quiroga_cuentosdeamordelocuraydemuerte_0044,Horacio Quiroga,Uruguay,Cuentos de amor de locura y de muerte,Una mujer con lento y difícil paso avanzaba entre los asientos.,11
quiroga_cuentosdeamordelocuraydemuerte_0045,Horacio Quiroga,Uruguay,Cuentos de amor de locura y de muerte,"Tras una rápida ojeada a la incómoda persona, Nébel reanudó la lectura.",12
quiroga_cuentosdeamordelocuraydemuerte_0046,Horacio Quiroga,Uruguay,Cuentos de amor de locura y de muerte,"Nébel, aunque sentía de vez en cuando la mirada extranjera posada sobre él, prosiguió su lectura; pero al fin se cansó y levantó el rostro extrañado.",26
quiroga_cuentosdeamordelocuraydemuerte_0047,Horacio Quiroga,Uruguay,Cuentos de amor de locura y de muerte,"El cutis amarillo, con tonos verdosos en las sombras, se resquebrajaba en polvorientos surcos.",14
quiroga_cuentosdeamordelocuraydemuerte_0048,Horacio Quiroga,Uruguay,Cuentos de amor de locura y de muerte,"Los pómulos saltaban ahora, y los labios, siempre gruesos, pretendían ocultar una dentadura del todo cariada.",16
quiroga_cuentosdeamordelocuraydemuerte_0049,Horacio Quiroga,Uruguay,Cuentos de amor de locura y de muerte,"Bajo el cuerpo demacrado se veía viva a la morfina corriendo por entre los nervios agotados y las arterias acuosas, hasta haber convertido en aquel esqueleto a la elegante mujer que un día hojeó la «Ilustration» a su lado.",39
quiroga_cuentosdeamordelocuraydemuerte_0050,Horacio Quiroga,Uruguay,Cuentos de amor de locura y de muerte,"Se calló, echando una fugaz mirada a Nébel.",8
quiroga_cuentosdeamordelocuraydemuerte_0051,Horacio Quiroga,Uruguay,Cuentos de amor de locura y de muerte,¿Y cree que Lidia es mujer capaz de olvidar cuando ha querido?,12
quiroga_cuentosdeamordelocuraydemuerte_0052,Horacio Quiroga,Uruguay,Cuentos de amor de locura y de muerte,Ahora había reforzado su insinuación con una lenta con una leve guiñada.,12
quiroga_cuentosdeamordelocuraydemuerte_0053,Horacio Quiroga,Uruguay,Cuentos de amor de locura y de muerte,"Era siempre la misma madre, pero ya envilecida por su propia alma vieja, la morfina y la pobreza.",18
quiroga_cuentosdeamordelocuraydemuerte_0054,Horacio Quiroga,Uruguay,Cuentos de amor de locura y de muerte,"¡Tan joven aún! Somos casi de su familia... Lidia volvió entonces los ojos a Nébel, y lo miró un momento con dolorosa gravedad.",23
quiroga_cuentosdeamordelocuraydemuerte_0055,Horacio Quiroga,Uruguay,Cuentos de amor de locura y de muerte,"Había llegado deshecha, el pie incierto y pesadísimo, y en sus facies angustiosa la morfina, que había sacrificado cuatro horas seguidas a ruego de Nébel, pedía a gritos una corrida por dentro de aquel cadáver viviente.",36
quiroga_cuentosdeamordelocuraydemuerte_0056,Horacio Quiroga,Uruguay,Cuentos de amor de locura y de muerte,"La hija, tranquilamente, ocultó un poco a su madre, y Nébel oyó el crujido de la ropa violentamente recogida para pinchar el muslo.",23
quiroga_cuentosdeamordelocuraydemuerte_0057,Horacio Quiroga,Uruguay,Cuentos de amor de locura y de muerte,"Los ojos se encendieron, y una plenitud de vida cubrió como una máscara aquella cara agónica.",16
quiroga_cuentosdeamordelocuraydemuerte_0058,Horacio Quiroga,Uruguay,Cuentos de amor de locura y de muerte,"Comieron temprano, pues la madre, quebrantada, deseaba acostarse de una vez.",11
quiroga_cuentosdeamordelocuraydemuerte_0059,Horacio Quiroga,Uruguay,Cuentos de amor de locura y de muerte,No hubo tampoco medio de que tomara exclusivamente leche.,9
quiroga_cuentosdeamordelocuraydemuerte_0060,Horacio Quiroga,Uruguay,Cuentos de amor de locura y de muerte,Cuatro horas después Nébel abría sin ruido la puerta del cuarto Lidia.,12
quiroga_cuentosdeamordelocuraydemuerte_0061,Horacio Quiroga,Uruguay,Cuentos de amor de locura y de muerte,"Un movimiento de ropas, como el de una persona que se sienta bruscamente en la cama, siguió a sus palabras, y el silencio reinó de nuevo.",26
quiroga_cuentosdeamordelocuraydemuerte_0062,Horacio Quiroga,Uruguay,Cuentos de amor de locura y de muerte,"Y las lágrimas de Lidia continuaban una tras otra, regando, como una tumba, el abominable fin de su único sueño de felicidad.",22
quiroga_cuentosdeamordelocuraydemuerte_0063,Horacio Quiroga,Uruguay,Cuentos de amor de locura y de muerte,"Como no había posibilidad de reconstruir lo ya podrido, y aun a trueque del peligro inmediato que ocasionara.",18
quiroga_cuentosdeamordelocuraydemuerte_0064,Horacio Quiroga,Uruguay,Cuentos de amor de locura y de muerte,"Sin embargo, como la madre repetía sus inyecciones con una frecuencia terrible para ahogar los dolores de su riñón que la morfina concluía de matar, Nébel se decidió a intentar la salvación de aquella desgraciada, sustrayéndole la droga.",38
quiroga_cuentosdeamordelocuraydemuerte_0065,Horacio Quiroga,Uruguay,Cuentos de amor de locura y de muerte,"Esa tarde llegó el correo cuando estaban solos en el comedor, y Nébel abrió una carta.",16
quiroga_cuentosdeamordelocuraydemuerte_0066,Horacio Quiroga,Uruguay,Cuentos de amor de locura y de muerte,"Nébel vio enseguida sobre el velador el frasco de morfina, casi vacío.",12
quiroga_cuentosdeamordelocuraydemuerte_0067,Horacio Quiroga,Uruguay,Cuentos de amor de locura y de muerte,"Nébel la pulsó; el corazón no daba más, y la temperatura caía.",12
quiroga_cuentosdeamordelocuraydemuerte_0068,Horacio Quiroga,Uruguay,Cuentos de amor de locura y de muerte,No me juzgues peor de lo que soy.,8
quiroga_cuentosdeamordelocuraydemuerte_0069,Horacio Quiroga,Uruguay,Cuentos de amor de locura y de muerte,Concluía el primer acto de Tristán e Isolda.,8
quiroga_cuentosdeamordelocuraydemuerte_0070,Horacio Quiroga,Uruguay,Cuentos de amor de locura y de muerte,"Cansado de la agitación de ese día, me quedé en mi butaca, muy contento de mi soledad.",17
quiroga_cuentosdeamordelocuraydemuerte_0071,Horacio Quiroga,Uruguay,Cuentos de amor de locura y de muerte,"Volví la cabeza a la sala, y detuve enseguida los ojos en un palco bajo.",15
quiroga_cuentosdeamordelocuraydemuerte_0072,Horacio Quiroga,Uruguay,Cuentos de amor de locura y de muerte,"Sus ojos volvieron otra vez, pero en ese instante sentí que mi vecino de la izquierda miraba hacia allá, y después de un momento de inmovilidad por ambas partes, se saludaron.",31
quiroga_cuentosdeamordelocuraydemuerte_0073,Horacio Quiroga,Uruguay,Cuentos de amor de locura y de muerte,"Era un hombre de más de treinta y cinco años, de barba rubia y ojos azules de mirada clara y un poco dura, que expresaba inequívoca voluntad.",27
quiroga_cuentosdeamordelocuraydemuerte_0074,Horacio Quiroga,Uruguay,Cuentos de amor de locura y de muerte,"En efecto, después de la mitad del acto mi vecino, que no había vuelto a apartar los ojos de la escena, los fijó en el palco.",26
quiroga_cuentosdeamordelocuraydemuerte_0075,Horacio Quiroga,Uruguay,Cuentos de amor de locura y de muerte,"Durante el tercero, mi vecino no volvió un instante la cabeza.",11
quiroga_cuentosdeamordelocuraydemuerte_0076,Horacio Quiroga,Uruguay,Cuentos de amor de locura y de muerte,"El no volvió más, y el palco quedó vacío.",9
quiroga_cuentosdeamordelocuraydemuerte_0077,Horacio Quiroga,Uruguay,Cuentos de amor de locura y de muerte,"No me refiero, querrá creer, al drama de Tristán, y con él las treinta y seis situaciones del dogma, fuera de las cuales todas son repeticiones.",26
quiroga_cuentosdeamordelocuraydemuerte_0078,Horacio Quiroga,Uruguay,Cuentos de amor de locura y de muerte,No nos conocíamos con usted entonces... ¡Y... precisamente a usted debía de hablarle de esto! Pero juzga mal lo que vio y creyó un acto mío feliz... ¡Feliz!...,28
quiroga_cuentosdeamordelocuraydemuerte_0079,Horacio Quiroga,Uruguay,Cuentos de amor de locura y de muerte,"Por esto cedió un día, y desde ese instante mi amor, privado de tensión, se enfrió.",16
quiroga_cuentosdeamordelocuraydemuerte_0080,Horacio Quiroga,Uruguay,Cuentos de amor de locura y de muerte,"Nuestro ambiente social era distinto, y mientras ella se embriagaba con la dicha de poseer mi nombre, yo vivía en una esfera de mundo donde me era inevitable flirtear con muchachas de apellido, fortuna, y a veces muy lindas.",39
quiroga_cuentosdeamordelocuraydemuerte_0081,Horacio Quiroga,Uruguay,Cuentos de amor de locura y de muerte,"Pero si mi persona era interesante para esos juegos, mi fortuna no alcanzaba a prometerle el tren necesario, y me lo dio a entender claramente.",25
quiroga_cuentosdeamordelocuraydemuerte_0082,Horacio Quiroga,Uruguay,Cuentos de amor de locura y de muerte,Y esta vez no fui yo quien se exasperó.,9
quiroga_cuentosdeamordelocuraydemuerte_0083,Horacio Quiroga,Uruguay,Cuentos de amor de locura y de muerte,"Continuaba viéndola, y aunque no podía ella engañarse sobre el amortiguamiento de mi pasión, su amor era demasiado grande para no iluminarle los ojos de felicidad cada vez que me veía llegar.",32
quiroga_cuentosdeamordelocuraydemuerte_0084,Horacio Quiroga,Uruguay,Cuentos de amor de locura y de muerte,"La madre nos dejaba solos; y aunque hubiera sabido lo que pasaba, habría cerrado los ojos para no perder la más vaga posibilidad de subir con su hija a una esfera mucho más alta.",34
quiroga_cuentosdeamordelocuraydemuerte_0085,Horacio Quiroga,Uruguay,Cuentos de amor de locura y de muerte,"Una noche fui allá dispuesto a romper, con visible malhumor, por lo mismo.",13
quiroga_cuentosdeamordelocuraydemuerte_0086,Horacio Quiroga,Uruguay,Cuentos de amor de locura y de muerte,Al fin apartó los ojos contraídos y entramos en la sala.,11
quiroga_cuentosdeamordelocuraydemuerte_0087,Horacio Quiroga,Uruguay,Cuentos de amor de locura y de muerte,"Por eso cuando oí, o más bien sentí, que las lágrimas brotaban al fin, me levanté con un violento chasquido de lengua.",22
quiroga_cuentosdeamordelocuraydemuerte_0088,Horacio Quiroga,Uruguay,Cuentos de amor de locura y de muerte,"El amor propio, el vil amor propio tocado a vivo, me hizo responder.",13
quiroga_cuentosdeamordelocuraydemuerte_0089,Horacio Quiroga,Uruguay,Cuentos de amor de locura y de muerte,"Yo había ya cometido la primera infamia: y como en esos casos, sentí el vértigo de enlodarme más aún.",19
quiroga_cuentosdeamordelocuraydemuerte_0090,Horacio Quiroga,Uruguay,Cuentos de amor de locura y de muerte,Porque de mí no has tenido queja ¿no? ...,9
quiroga_cuentosdeamordelocuraydemuerte_0091,Horacio Quiroga,Uruguay,Cuentos de amor de locura y de muerte,"Aspiración de lujo, matrimonio encumbrado, todo me resaltó como una llaga en mi propia alma.",15
quiroga_cuentosdeamordelocuraydemuerte_0092,Horacio Quiroga,Uruguay,Cuentos de amor de locura y de muerte,"Y yo, que me ofrecía en subasta a las mundanas feas con fortuna, que me ponía en venta, acababa de cometer el acto más ultrajante, con la mujer que nos ha querido demasiado...",33
quiroga_cuentosdeamordelocuraydemuerte_0093,Horacio Quiroga,Uruguay,Cuentos de amor de locura y de muerte,"Había enlodado en un segundo el amor más puro que hombre alguno haya sentido sobre sí, y acababa de perder con Inés la irreencontrable felicidad de poseer a quien nos ama entrañablemente.",32
quiroga_cuentosdeamordelocuraydemuerte_0094,Horacio Quiroga,Uruguay,Cuentos de amor de locura y de muerte,"Desesperado, humillado, crucé por delante de la sala, y la vi echada sobre el sofá, sollozando el alma entera entre sus brazos.",22
quiroga_cuentosdeamordelocuraydemuerte_0095,Horacio Quiroga,Uruguay,Cuentos de amor de locura y de muerte,Pocas veces he visto amargura más seca y tranquila que la de sus ojos cuando concluyó.,16
quiroga_cuentosdeamordelocuraydemuerte_0096,Horacio Quiroga,Uruguay,Cuentos de amor de locura y de muerte,"Por mi parte, no podía apartar de mi memoria aquella adorable belleza del palco, sollozando sobre el sofá...",18
quiroga_cuentosdeamordelocuraydemuerte_0097,Horacio Quiroga,Uruguay,Cuentos de amor de locura y de muerte,"Hice lo humanamente posible para olvidar, me rompí las muelas tratando de concentrar todo mi pensamiento en la escena.",19
quiroga_cuentosdeamordelocuraydemuerte_0098,Horacio Quiroga,Uruguay,Cuentos de amor de locura y de muerte,"Me levanté entonces, atravesé las butacas como un sonámbulo, y avancé por el pasillo aproximándome a ella sin verla, sin que me viera, como si durante diez años no hubiera yo sido un miserable...",34
quiroga_cuentosdeamordelocuraydemuerte_0099,Horacio Quiroga,Uruguay,Cuentos de amor de locura y de muerte,"Como diez años antes sobre el sofá, ella, Inés, tendida ahora en el diván del antepalco, sollozaba la pasión de Wagner y su felicidad deshecha.",25
quiroga_cuentosdeamordelocuraydemuerte_0100,Horacio Quiroga,Uruguay,Cuentos de amor de locura y de muerte,Sentí que el destino me colocaba en un momento decisivo.,10
quiroga_cuentosdeamordelocuraydemuerte_0101,Horacio Quiroga,Uruguay,Cuentos de amor de locura y de muerte,"Kassim era un hombre enfermizo, joyero de profesión, bien que no tuviera tienda establecida.",14
quiroga_cuentosdeamordelocuraydemuerte_0102,Horacio Quiroga,Uruguay,Cuentos de amor de locura y de muerte,Pocas manos como las suyas para los engarces delicados.,9
quiroga_cuentosdeamordelocuraydemuerte_0103,Horacio Quiroga,Uruguay,Cuentos de amor de locura y de muerte,Con más arranque y habilidad comercial hubiera sido rico.,9
quiroga_cuentosdeamordelocuraydemuerte_0104,Horacio Quiroga,Uruguay,Cuentos de amor de locura y de muerte,"Pero a los treinta y cinco años proseguía en su pieza, aderezada en taller bajo la ventana.",17
quiroga_cuentosdeamordelocuraydemuerte_0105,Horacio Quiroga,Uruguay,Cuentos de amor de locura y de muerte,"Kassim, de cuerpo mezquino, rostro exangüe sombreado por rala barba negra, tenía una mujer hermosa y fuertemente apasionada.",18
quiroga_cuentosdeamordelocuraydemuerte_0106,Horacio Quiroga,Uruguay,Cuentos de amor de locura y de muerte,"Esperó hasta los veinte años, provocando a los hombres y a sus vecinas con su cuerpo.",16
quiroga_cuentosdeamordelocuraydemuerte_0107,Horacio Quiroga,Uruguay,Cuentos de amor de locura y de muerte,Los domingos trabajaba también a fin de poderle ofrecer un suplemento.,11
quiroga_cuentosdeamordelocuraydemuerte_0108,Horacio Quiroga,Uruguay,Cuentos de amor de locura y de muerte,Después había tos y puntadas al costado; pero María tenía sus chispas de brillante.,14
quiroga_cuentosdeamordelocuraydemuerte_0109,Horacio Quiroga,Uruguay,Cuentos de amor de locura y de muerte,"Poco a poco el trato diario con las gemas llegó a hacer amar a la esposa las tareas del artífice, siguiendo con artífice ardor las íntimas delicadezas del engarce.",29
quiroga_cuentosdeamordelocuraydemuerte_0110,Horacio Quiroga,Uruguay,Cuentos de amor de locura y de muerte,"Se probaba la alhaja, deteniéndose ante el espejo.",8
quiroga_cuentosdeamordelocuraydemuerte_0111,Horacio Quiroga,Uruguay,Cuentos de amor de locura y de muerte,"Estas cosas se repitieron, tanto que Kassim no se levantaba ya a consolarla.",13
quiroga_cuentosdeamordelocuraydemuerte_0112,Horacio Quiroga,Uruguay,Cuentos de amor de locura y de muerte,"Kassim, sobre sus engarces, no cesaba de mover los dedos.",10
quiroga_cuentosdeamordelocuraydemuerte_0113,Horacio Quiroga,Uruguay,Cuentos de amor de locura y de muerte,No es una diadema sorprendente... ¿Cuándo la hiciste?,8
quiroga_cuentosdeamordelocuraydemuerte_0114,Horacio Quiroga,Uruguay,Cuentos de amor de locura y de muerte,Porque su pasión eran las voluminosas piedras que Kassim montaba.,10
quiroga_cuentosdeamordelocuraydemuerte_0115,Horacio Quiroga,Uruguay,Cuentos de amor de locura y de muerte,"Seguía el trabajo con loca hambre que concluyera de una vez, y apenas aderezaba la alhaja, corría con ella al espejo.",21
quiroga_cuentosdeamordelocuraydemuerte_0116,Horacio Quiroga,Uruguay,Cuentos de amor de locura y de muerte,"Cuando se traspasa cierto límite de respeto al varón, la mujer puede llegar a decir a su marido cosas increíbles.",20
quiroga_cuentosdeamordelocuraydemuerte_0117,Horacio Quiroga,Uruguay,Cuentos de amor de locura y de muerte,"Su mujer, los ojos encendidos y la boca burlona, se erguía con el prendedor puesto.",15
quiroga_cuentosdeamordelocuraydemuerte_0118,Horacio Quiroga,Uruguay,Cuentos de amor de locura y de muerte,Kassim se levantó de la cama y fue a guardarla en su taller bajo llave.,15
quiroga_cuentosdeamordelocuraydemuerte_0119,Horacio Quiroga,Uruguay,Cuentos de amor de locura y de muerte,"Entregaron luego a Kassim para montar, un solitario, el brillante más admirable que hubiera pasado por sus manos.",18
quiroga_cuentosdeamordelocuraydemuerte_0120,Horacio Quiroga,Uruguay,Cuentos de amor de locura y de muerte,Su mujer no dijo nada; pero Kassim la sintió respirar hondamente sobre el solitario.,14
quiroga_cuentosdeamordelocuraydemuerte_0121,Horacio Quiroga,Uruguay,Cuentos de amor de locura y de muerte,Diez veces por día interrumpía a su marido para ir con el brillante ante el espejo.,16
quiroga_cuentosdeamordelocuraydemuerte_0122,Horacio Quiroga,Uruguay,Cuentos de amor de locura y de muerte,Esperó respuesta en vano; su mujer abría el balcón.,9
quiroga_cuentosdeamordelocuraydemuerte_0123,Horacio Quiroga,Uruguay,Cuentos de amor de locura y de muerte,"El solitario, violentamente arrancado del cuello, rodó por el piso.",10
quiroga_cuentosdeamordelocuraydemuerte_0124,Horacio Quiroga,Uruguay,Cuentos de amor de locura y de muerte,"Kassim, lívido, lo recogió examinándolo y alzó luego desde el suelo la mirada a su mujer.",16
quiroga_cuentosdeamordelocuraydemuerte_0125,Horacio Quiroga,Uruguay,Cuentos de amor de locura y de muerte,"Y reanudó enseguida su tarea, aunque las manos le temblaban hasta dar lástima.",13
quiroga_cuentosdeamordelocuraydemuerte_0126,Horacio Quiroga,Uruguay,Cuentos de amor de locura y de muerte,"Su cabellera se había soltado, y los ojos le salían de las órbitas.",13
quiroga_cuentosdeamordelocuraydemuerte_0127,Horacio Quiroga,Uruguay,Cuentos de amor de locura y de muerte,"¡Tú eres el ladrón, miserable! ¡Me has robado mi vida, ladrón, ladrón! ¡Y creías que no me iba a desquitar... cornudo! ¡Ajá!",22
quiroga_cuentosdeamordelocuraydemuerte_0128,Horacio Quiroga,Uruguay,Cuentos de amor de locura y de muerte,"Como sus manos tenían una seguridad matemática, faltaban pocas faltaban pocas horas ya para concluirlo.",15
quiroga_cuentosdeamordelocuraydemuerte_0129,Horacio Quiroga,Uruguay,Cuentos de amor de locura y de muerte,"María se levantó a comer, y Kassim tuvo la solicitud de siempre con ella.",14
quiroga_cuentosdeamordelocuraydemuerte_0130,Horacio Quiroga,Uruguay,Cuentos de amor de locura y de muerte,Al final de la cena su mujer lo miró de frente.,11
quiroga_cuentosdeamordelocuraydemuerte_0131,Horacio Quiroga,Uruguay,Cuentos de amor de locura y de muerte,A las dos de la madrugada Kassim pudo dar por terminada su tarea: el brillante resplandecía firme y varonil en su engarce.,22
quiroga_cuentosdeamordelocuraydemuerte_0132,Horacio Quiroga,Uruguay,Cuentos de amor de locura y de muerte,"Contempló un rato el seno casi descubierto, y con una descolorida sonrisa apartó un poco más el camisón desprendido.",19
quiroga_cuentosdeamordelocuraydemuerte_0133,Horacio Quiroga,Uruguay,Cuentos de amor de locura y de muerte,"Hubo una brusca abertura de ojos, seguida de una lenta caída de párpados.",13
quiroga_cuentosdeamordelocuraydemuerte_0134,Horacio Quiroga,Uruguay,Cuentos de amor de locura y de muerte,"Kassim esperó un momento; y cuando el solitario quedó por fin perfectamente inmóvil, se retiró cerrando tras de sí la puerta sin hacer ruido.",24
quiroga_cuentosdeamordelocuraydemuerte_0135,Horacio Quiroga,Uruguay,Cuentos de amor de locura y de muerte,"Si de día el peligro es menor, de noche el buque no se ve ni hay advertencia posible: el choque se lleva a uno y otro.",26
quiroga_cuentosdeamordelocuraydemuerte_0136,Horacio Quiroga,Uruguay,Cuentos de amor de locura y de muerte,"Recorren así los mares, cambiando caprichosamente de rumbo.",8
quiroga_cuentosdeamordelocuraydemuerte_0137,Horacio Quiroga,Uruguay,Cuentos de amor de locura y de muerte,"No pocos de los vapores que un buen día no llegaron a puerto, han tropezado en su camino con uno de estos buques silenciosos que viajan por su cuenta.",29
quiroga_cuentosdeamordelocuraydemuerte_0138,Horacio Quiroga,Uruguay,Cuentos de amor de locura y de muerte,"Siempre hay probabilidad de hallarlos, a cada minuto.",8
quiroga_cuentosdeamordelocuraydemuerte_0139,Horacio Quiroga,Uruguay,Cuentos de amor de locura y de muerte,Por ventura las corrientes suelen enredarlos en los mares de sargazo.,11
quiroga_cuentosdeamordelocuraydemuerte_0140,Horacio Quiroga,Uruguay,Cuentos de amor de locura y de muerte,"Los buques se detienen, por fin, aquí o allá, inmóviles para siempre en ese desierto de algas.",17
quiroga_cuentosdeamordelocuraydemuerte_0141,Horacio Quiroga,Uruguay,Cuentos de amor de locura y de muerte,"Así, hasta que poco a poco se van deshaciendo.",9
quiroga_cuentosdeamordelocuraydemuerte_0142,Horacio Quiroga,Uruguay,Cuentos de amor de locura y de muerte,"Cuatro horas más tarde, un paquete, no obteniendo respuesta, desprendió una chalupa que abordó al María Margarita.",17
quiroga_cuentosdeamordelocuraydemuerte_0143,Horacio Quiroga,Uruguay,Cuentos de amor de locura y de muerte,"No había la menor señal de lucha ni de pánico, todo en perfecto orden.",14
quiroga_cuentosdeamordelocuraydemuerte_0144,Horacio Quiroga,Uruguay,Cuentos de amor de locura y de muerte,"Ibamos a Europa, y el capitán nos contaba su historia marina, perfectamente cierta, por otro lado.",16
quiroga_cuentosdeamordelocuraydemuerte_0145,Horacio Quiroga,Uruguay,Cuentos de amor de locura y de muerte,Las chicas nerviosas prestaban sin querer inquieto oído a la ronca voz de los marineros en proa.,17
quiroga_cuentosdeamordelocuraydemuerte_0146,Horacio Quiroga,Uruguay,Cuentos de amor de locura y de muerte,"Durante el viaje había sido un excelente compañero, admirando por su cuenta y riesgo, y hablando poco.",17
quiroga_cuentosdeamordelocuraydemuerte_0147,Horacio Quiroga,Uruguay,Cuentos de amor de locura y de muerte,"Al fin desprendimos una chalupa; a bordo no se halló a nadie, todo estaba también en perfecto orden.",18
quiroga_cuentosdeamordelocuraydemuerte_0148,Horacio Quiroga,Uruguay,Cuentos de amor de locura y de muerte,"Pero la última anotación del diario databa de cuatro días atrás, de modo que no sentimos mayor impresión.",18
quiroga_cuentosdeamordelocuraydemuerte_0149,Horacio Quiroga,Uruguay,Cuentos de amor de locura y de muerte,Al anochecer aquél nos tomó un poco de camino.,9
quiroga_cuentosdeamordelocuraydemuerte_0150,Horacio Quiroga,Uruguay,Cuentos de amor de locura y de muerte,"Desprendióse de nuevo la chalupa, y los que fueron recorrieron en vano el buque: todos habían desaparecido.",17
quiroga_cuentosdeamordelocuraydemuerte_0151,Horacio Quiroga,Uruguay,Cuentos de amor de locura y de muerte,El mar estaba absolutamente terso en toda su extensión.,9
quiroga_cuentosdeamordelocuraydemuerte_0152,Horacio Quiroga,Uruguay,Cuentos de amor de locura y de muerte,"A la larga, seis se animaron a llenar el vacío, y yo fui con ellos.",15
quiroga_cuentosdeamordelocuraydemuerte_0153,Horacio Quiroga,Uruguay,Cuentos de amor de locura y de muerte,"Apenas a bordo, mis nuevos compañeros se decidieron a beber para desterrar toda preocupación.",14
quiroga_cuentosdeamordelocuraydemuerte_0154,Horacio Quiroga,Uruguay,Cuentos de amor de locura y de muerte,"Estaban sentados en rueda, y a la hora la mayoría cantaba ya.",12
quiroga_cuentosdeamordelocuraydemuerte_0155,Horacio Quiroga,Uruguay,Cuentos de amor de locura y de muerte,"Al sentir ruido, los otros dieron vuelta la cabeza, con el ceño ligeramente fruncido.",14
quiroga_cuentosdeamordelocuraydemuerte_0156,Horacio Quiroga,Uruguay,Cuentos de amor de locura y de muerte,"El viejo marinero que me había hecho la pregunta me miró desconfiado, con las manos en los bolsillos.",18
quiroga_cuentosdeamordelocuraydemuerte_0157,Horacio Quiroga,Uruguay,Cuentos de amor de locura y de muerte,"A las seis, el último de todos se levantó, se compuso la ropa, apartóse el pelo de la frente, caminó con sueño aún, y se tiró al agua.",28
quiroga_cuentosdeamordelocuraydemuerte_0158,Horacio Quiroga,Uruguay,Cuentos de amor de locura y de muerte,"Algo muy semejante ha pasado sin duda a los centinelas de aquella guardia célebre, que noche a noche se ahorcaban.",20
quiroga_cuentosdeamordelocuraydemuerte_0159,Horacio Quiroga,Uruguay,Cuentos de amor de locura y de muerte,"Si fuera farsante no habría dejado de pensar en eso, y se hubiera tirado también al agua.",17
quiroga_cuentosdeamordelocuraydemuerte_0160,Horacio Quiroga,Uruguay,Cuentos de amor de locura y de muerte,"El hombre pisó algo blanduzco, y enseguida sintió la mordedura en el pie.",13
quiroga_cuentosdeamordelocuraydemuerte_0161,Horacio Quiroga,Uruguay,Cuentos de amor de locura y de muerte,"Saltó adelante, y al volverse con un juramento vio una yararacusú que arrollada sobre sí misma, esperaba otro ataque.",19
quiroga_cuentosdeamordelocuraydemuerte_0162,Horacio Quiroga,Uruguay,Cuentos de amor de locura y de muerte,"La víbora vio la amenaza, y hundió más la cabeza en el centro mismo de su espiral; pero el machete cayó de lomo, dislocándole las vértebras.",26
quiroga_cuentosdeamordelocuraydemuerte_0163,Horacio Quiroga,Uruguay,Cuentos de amor de locura y de muerte,"Un dolor agudo nacía de los dos puntitos violeta, y comenzaba a invadir todo el pie.",16
quiroga_cuentosdeamordelocuraydemuerte_0164,Horacio Quiroga,Uruguay,Cuentos de amor de locura y de muerte,"Apresuradamente se ligó el tobillo con su pañuelo, y siguió por la picada hacia su rancho.",16
quiroga_cuentosdeamordelocuraydemuerte_0165,Horacio Quiroga,Uruguay,Cuentos de amor de locura y de muerte,Los dos puntitos violetas desaparecían ahora en la monstruosa hinchazón del pie entero.,13
quiroga_cuentosdeamordelocuraydemuerte_0166,Horacio Quiroga,Uruguay,Cuentos de amor de locura y de muerte,"El hombre quiso llamar a su mujer, y la voz se quebró en un ronco arrastre de garganta reseca.",19
quiroga_cuentosdeamordelocuraydemuerte_0167,Horacio Quiroga,Uruguay,Cuentos de amor de locura y de muerte,"Su mujer corrió con un vaso lleno, que el hombre sorbió en tres tragos.",14
quiroga_cuentosdeamordelocuraydemuerte_0168,Horacio Quiroga,Uruguay,Cuentos de amor de locura y de muerte,"La mujer corrió otra vez, volviendo con la damajuana.",9
quiroga_cuentosdeamordelocuraydemuerte_0169,Horacio Quiroga,Uruguay,Cuentos de amor de locura y de muerte,"El hombre tragó uno tras otro dos vasos, pero no sintió nada en la garganta.",15
quiroga_cuentosdeamordelocuraydemuerte_0170,Horacio Quiroga,Uruguay,Cuentos de amor de locura y de muerte,"Sobre la honda ligadura del pañuelo, la carne desbordaba como una monstruosa morcilla.",13
quiroga_cuentosdeamordelocuraydemuerte_0171,Horacio Quiroga,Uruguay,Cuentos de amor de locura y de muerte,"Los dolores fulgurantes se sucedían en continuos relampagueos, y llegaban ahora a la ingle.",14
quiroga_cuentosdeamordelocuraydemuerte_0172,Horacio Quiroga,Uruguay,Cuentos de amor de locura y de muerte,"La atroz sequedad de garganta que el aliento parecía caldear más, aumentaba a la par.",15
quiroga_cuentosdeamordelocuraydemuerte_0173,Horacio Quiroga,Uruguay,Cuentos de amor de locura y de muerte,"Cuando pretendió incorporarse, un fulminante vómito lo mantuvo medio minuto con la frente apoyada en la rueda de palo.",19
quiroga_cuentosdeamordelocuraydemuerte_0174,Horacio Quiroga,Uruguay,Cuentos de amor de locura y de muerte,"Pero el hombre no quería morir, y descendiendo hasta la costa subió a su canoa.",15
quiroga_cuentosdeamordelocuraydemuerte_0175,Horacio Quiroga,Uruguay,Cuentos de amor de locura y de muerte,"La pierna entera, hasta medio muslo, era ya un bloque deforme y durísimo que reventaba la ropa.",17
quiroga_cuentosdeamordelocuraydemuerte_0176,Horacio Quiroga,Uruguay,Cuentos de amor de locura y de muerte,"El hombre cortó la ligadura y abrió el pantalón con su cuchillo: el bajo vientre desbordó hinchado, con grandes manchas lívidas y terriblemente doloroso.",24
quiroga_cuentosdeamordelocuraydemuerte_0177,Horacio Quiroga,Uruguay,Cuentos de amor de locura y de muerte,"Se arrastró por la picada en cuesta arriba, pero a los veinte metros, exhausto, quedó tendido de pecho.",18
quiroga_cuentosdeamordelocuraydemuerte_0178,Horacio Quiroga,Uruguay,Cuentos de amor de locura y de muerte,"El Paraná corre allí en el fondo de una inmensa hoya, cuyas paredes, altas de cien metros, encajonan fúnebremente el río.",21
quiroga_cuentosdeamordelocuraydemuerte_0179,Horacio Quiroga,Uruguay,Cuentos de amor de locura y de muerte,"Adelante, a los costados, detrás, siempre la eterna muralla lúgubre, en cuyo fondo el río arremolinado se precipita en incesantes borbollones de agua fangosa.",24
quiroga_cuentosdeamordelocuraydemuerte_0180,Horacio Quiroga,Uruguay,Cuentos de amor de locura y de muerte,"El sol había caído ya cuando el hombre, semitendido en el fondo de la canoa, tuvo un violento escalofrío.",19
quiroga_cuentosdeamordelocuraydemuerte_0181,Horacio Quiroga,Uruguay,Cuentos de amor de locura y de muerte,El bienestar avanzaba y con él una somnolencia llena de recuerdos.,11
quiroga_cuentosdeamordelocuraydemuerte_0182,Horacio Quiroga,Uruguay,Cuentos de amor de locura y de muerte,"Desde la costa paraguaya, ya entenebrecida, el monte dejaba caer sobre el río su frescura crepuscular, en penetrantes efluvios de azahar y miel silvestre.",24
quiroga_cuentosdeamordelocuraydemuerte_0183,Horacio Quiroga,Uruguay,Cuentos de amor de locura y de muerte,"Allá abajo, sobre el río de oro, la canoa derivaba velozmente, girando a ratos sobre sí misma ante el borbollón de un remolino.",23
quiroga_cuentosdeamordelocuraydemuerte_0184,Horacio Quiroga,Uruguay,Cuentos de amor de locura y de muerte,El cachorro Old salió por la puerta y atravesó el patio con paso recto y perezoso.,16
quiroga_cuentosdeamordelocuraydemuerte_0185,Horacio Quiroga,Uruguay,Cuentos de amor de locura y de muerte,"Este cerraba el horizonte, a doscientos metros, por tres lados de la chacra.",13
quiroga_cuentosdeamordelocuraydemuerte_0186,Horacio Quiroga,Uruguay,Cuentos de amor de locura y de muerte,"Hacia el oeste, el campo se ensanchaba y extendía en abra, pero que la ineludible línea sombría enmarcaba a lo lejos.",21
quiroga_cuentosdeamordelocuraydemuerte_0187,Horacio Quiroga,Uruguay,Cuentos de amor de locura y de muerte,No había una nube ni un soplo de viento.,9
quiroga_cuentosdeamordelocuraydemuerte_0188,Horacio Quiroga,Uruguay,Cuentos de amor de locura y de muerte,"Ambos permanecían inmóviles, pues aun no había moscas.",8
quiroga_cuentosdeamordelocuraydemuerte_0189,Horacio Quiroga,Uruguay,Cuentos de amor de locura y de muerte,Milk cruzó las patas delanteras y al hacerlo sintió leve dolor.,11
quiroga_cuentosdeamordelocuraydemuerte_0190,Horacio Quiroga,Uruguay,Cuentos de amor de locura y de muerte,"Tenía aún la mirada muerta y el labio pendiente tras su solitaria velada de whisky, más prolongada que las habituales.",20
quiroga_cuentosdeamordelocuraydemuerte_0191,Horacio Quiroga,Uruguay,Cuentos de amor de locura y de muerte,"Mientras se lavaba, los perros se acercaron y le olfatearon las botas, meneando con pereza el rabo.",17
quiroga_cuentosdeamordelocuraydemuerte_0192,Horacio Quiroga,Uruguay,Cuentos de amor de locura y de muerte,"Como las fieras amaestradas, los perros conocen el menor indicio de borrachera en su amo.",15
quiroga_cuentosdeamordelocuraydemuerte_0193,Horacio Quiroga,Uruguay,Cuentos de amor de locura y de muerte,"Pero el calor creciente les hizo presto abandonar aquél, por la sombra de los corredores.",15
quiroga_cuentosdeamordelocuraydemuerte_0194,Horacio Quiroga,Uruguay,Cuentos de amor de locura y de muerte,"El día avanzaba igual a los precedentes de todo ese mes; seco, límpido, con catorce horas de sol calcinante que parecía mantener el cielo en fusión, y que en un instante resquebrajaba la tierra mojada en costras blanquecinas.",38
quiroga_cuentosdeamordelocuraydemuerte_0195,Horacio Quiroga,Uruguay,Cuentos de amor de locura y de muerte,"Cada perro se echó bajo un algodonero, acompañando con su jadeo los golpes sordos de la azada.",17
quiroga_cuentosdeamordelocuraydemuerte_0196,Horacio Quiroga,Uruguay,Cuentos de amor de locura y de muerte,"En el paisaje silencioso y encegueciente de sol, el aire vibraba a todos lados, dañando la vista.",17
quiroga_cuentosdeamordelocuraydemuerte_0197,Horacio Quiroga,Uruguay,Cuentos de amor de locura y de muerte,Reverberaba ahora delante de ellos un pequeño páramo de greda que ni siquiera se había intentado arar.,17
quiroga_cuentosdeamordelocuraydemuerte_0198,Horacio Quiroga,Uruguay,Cuentos de amor de locura y de muerte,"Los cuatro perros estaban apiñados gruñendo sordamente, sin apartar los ojos de míster Jones, que continuaba inmóvil, mirándolos.",18
quiroga_cuentosdeamordelocuraydemuerte_0199,Horacio Quiroga,Uruguay,Cuentos de amor de locura y de muerte,El cachorro se erizó de miedo y retrocedió al grupo.,10
quiroga_cuentosdeamordelocuraydemuerte_0200,Horacio Quiroga,Uruguay,Cuentos de amor de locura y de muerte,"Giraron la cabeza para ver si había entrado algún caballo en la chacra, y se doblaron de nuevo.",18
quiroga_cuentosdeamordelocuraydemuerte_0201,Horacio Quiroga,Uruguay,Cuentos de amor de locura y de muerte,"Los perros, entonces, sintieron más el próximo cambio de dueño, y solos, al pie de la casa dormida, comenzaron a llorar.",21
quiroga_cuentosdeamordelocuraydemuerte_0202,Horacio Quiroga,Uruguay,Cuentos de amor de locura y de muerte,"Fuera de que la tierra no había sido nunca bien rastreada, las cuchillas no tenían filo, y con el paso rápido de las mulas, la carpidora saltaba.",27
quiroga_cuentosdeamordelocuraydemuerte_0203,Horacio Quiroga,Uruguay,Cuentos de amor de locura y de muerte,"Old, al oír aparecido, levantó vivamente las orejas.",8
quiroga_cuentosdeamordelocuraydemuerte_0204,Horacio Quiroga,Uruguay,Cuentos de amor de locura y de muerte,"Incitado por la evocación, el cachorro se puso en pie y ladró, buscando a qué.",15
quiroga_cuentosdeamordelocuraydemuerte_0205,Horacio Quiroga,Uruguay,Cuentos de amor de locura y de muerte,"Disponíase a proseguir el montaje de la carpidora, cuando vio llegar inesperadamente al peón a caballo.",16
quiroga_cuentosdeamordelocuraydemuerte_0206,Horacio Quiroga,Uruguay,Cuentos de amor de locura y de muerte,"La Muerte, que buscaba a su patrón, se había conformado con el caballo.",13
quiroga_cuentosdeamordelocuraydemuerte_0207,Horacio Quiroga,Uruguay,Cuentos de amor de locura y de muerte,"Sentíanse alegres, libres de preocupación, y en consecuencia disponíanse a ir a la chacra tras el peón, cuando oyeron a míster Jones que le gritaba, pidiéndole el tornillo.",28
quiroga_cuentosdeamordelocuraydemuerte_0208,Horacio Quiroga,Uruguay,Cuentos de amor de locura y de muerte,"No había tornillo: el almacén estaba cerrado, el encargado dormía, etc.",11
quiroga_cuentosdeamordelocuraydemuerte_0209,Horacio Quiroga,Uruguay,Cuentos de amor de locura y de muerte,"Míster Jones, sin replicar, descolgó su casco y salió él mismo en busca del utensilio.",15
quiroga_cuentosdeamordelocuraydemuerte_0210,Horacio Quiroga,Uruguay,Cuentos de amor de locura y de muerte,"Al fin el temor a la soledad pudo más, y con agobiado trote siguieron tras él.",16
quiroga_cuentosdeamordelocuraydemuerte_0211,Horacio Quiroga,Uruguay,Cuentos de amor de locura y de muerte,"Llegó al riacho y se internó en el pajonal, el diluviano pajonal del Saladito, que ha crecido, secado y retoñado desde que hay paja en el mundo, sin conocer fuego.",30
quiroga_cuentosdeamordelocuraydemuerte_0212,Horacio Quiroga,Uruguay,Cuentos de amor de locura y de muerte,"Las matas, arqueadas en bóveda a la altura del pecho, se entrelazan en bloques macizos.",15
quiroga_cuentosdeamordelocuraydemuerte_0213,Horacio Quiroga,Uruguay,Cuentos de amor de locura y de muerte,Salió por fin y se detuvo en la linde; pero era imposible permanecer quieto bajo ese sol y ese cansancio.,20
quiroga_cuentosdeamordelocuraydemuerte_0214,Horacio Quiroga,Uruguay,Cuentos de amor de locura y de muerte,Míster Jones adquirió el convencimiento de que había traspasado su límite de resistencia.,13
quiroga_cuentosdeamordelocuraydemuerte_0215,Horacio Quiroga,Uruguay,Cuentos de amor de locura y de muerte,Desde hacía rato le golpeaba en los oídos el latido de las carótidas.,13
quiroga_cuentosdeamordelocuraydemuerte_0216,Horacio Quiroga,Uruguay,Cuentos de amor de locura y de muerte,"Sentíase en el aire, como si de dentro de la cabeza le empujaran el cráneo hacia arriba.",17
quiroga_cuentosdeamordelocuraydemuerte_0217,Horacio Quiroga,Uruguay,Cuentos de amor de locura y de muerte,"Entretanto, los perros seguían tras él, trotando con toda la lengua de fuera.",13
quiroga_cuentosdeamordelocuraydemuerte_0218,Horacio Quiroga,Uruguay,Cuentos de amor de locura y de muerte,"A veces, asfixiados, deteníanse en la sombra de un espartillo; se sentaban precipitando su jadeo, para volver enseguida al tormento del sol.",22
quiroga_cuentosdeamordelocuraydemuerte_0219,Horacio Quiroga,Uruguay,Cuentos de amor de locura y de muerte,"Fue en ese momento cuando Old, que iba adelante, vio tras el alambrado de la chacra a míster Jones, vestido de blanco, que caminaba hacia ellos.",26
quiroga_cuentosdeamordelocuraydemuerte_0220,Horacio Quiroga,Uruguay,Cuentos de amor de locura y de muerte,"El cachorro, con súbito recuerdo, volvió la cabeza a su patrón y confrontó.",13
quiroga_cuentosdeamordelocuraydemuerte_0221,Horacio Quiroga,Uruguay,Cuentos de amor de locura y de muerte,"Los otros lo habían visto también, y ladraban erizados.",9
quiroga_cuentosdeamordelocuraydemuerte_0222,Horacio Quiroga,Uruguay,Cuentos de amor de locura y de muerte,"Vieron que míster Jones atravesaba el alambrado y, por un instante creyeron que se iba a equivocar; pero al llegar a cien metros se detuvo, miró el grupo con sus ojos celestes, y marchó adelante.",35
quiroga_cuentosdeamordelocuraydemuerte_0223,Horacio Quiroga,Uruguay,Cuentos de amor de locura y de muerte,"Pasó un segundo, y el encuentro se produjo.",8
quiroga_cuentosdeamordelocuraydemuerte_0224,Horacio Quiroga,Uruguay,Cuentos de amor de locura y de muerte,"Los peones, que lo vieron caer, lo llevaron aprisa al rancho, pero fue inútil toda el agua; murió sin volver en sí.",22
quiroga_cuentosdeamordelocuraydemuerte_0225,Horacio Quiroga,Uruguay,Cuentos de amor de locura y de muerte,"Míster Moore, su hermano materno, fue allá desde Buenos Aires, estuvo una hora en la chacra y en cuatro días liquidó todo, volviéndose enseguida al sur.",26
quiroga_cuentosdeamordelocuraydemuerte_0226,Horacio Quiroga,Uruguay,Cuentos de amor de locura y de muerte,"De la profundidad del monte, el malacara respondía a los relinchos vibrantes de su compañero con los suyos cortos y rápidos, en que había una fraternal promesa de abundante comida.",30
quiroga_cuentosdeamordelocuraydemuerte_0227,Horacio Quiroga,Uruguay,Cuentos de amor de locura y de muerte,Lo más irritante para el alazán era que el malacara reaparecía dos o tres veces en el día para beber.,20
quiroga_cuentosdeamordelocuraydemuerte_0228,Horacio Quiroga,Uruguay,Cuentos de amor de locura y de muerte,"Esto sí, de adentro, muy cerca aún, el maligno malacara respondía a sus desesperados relinchos, con un relinchillo a boca llena.",21
quiroga_cuentosdeamordelocuraydemuerte_0229,Horacio Quiroga,Uruguay,Cuentos de amor de locura y de muerte,"Hasta que esa mañana el viejo alazán halló la brecha muy sencillamente: cruzando por frente al chircal, que desde el monte avanzaba cincuenta metros en el campo, vio un vago sendero que lo condujo en perfecta línea oblicua al monte.",40
quiroga_cuentosdeamordelocuraydemuerte_0230,Horacio Quiroga,Uruguay,Cuentos de amor de locura y de muerte,"Repitió su avance a través del chircal, hasta llegar a conocer perfectamente la entrada del túnel.",16
quiroga_cuentosdeamordelocuraydemuerte_0231,Horacio Quiroga,Uruguay,Cuentos de amor de locura y de muerte,"El monte, sumamente raleado, permitía un fácil avance, aun a caballos.",11
quiroga_cuentosdeamordelocuraydemuerte_0232,Horacio Quiroga,Uruguay,Cuentos de amor de locura y de muerte,Del bosque no quedaba en verdad sino una franja de doscientos metros de ancho.,14
quiroga_cuentosdeamordelocuraydemuerte_0233,Horacio Quiroga,Uruguay,Cuentos de amor de locura y de muerte,"El viejo alazán, que en su juventud había correteado capueras hasta vivir perdido seis meses en ellas, dirigió la marcha, y en media hora los tabacos inmediatos quedaron desnudos de hojas hasta donde alcanza un pescuezo de caballo.",38
quiroga_cuentosdeamordelocuraydemuerte_0234,Horacio Quiroga,Uruguay,Cuentos de amor de locura y de muerte,"Desde allí se veía un alto pastizal de viejo rozado, blanco por la helada; un bananal y una plantación nueva.",20
quiroga_cuentosdeamordelocuraydemuerte_0235,Horacio Quiroga,Uruguay,Cuentos de amor de locura y de muerte,"Todo ello poco tentador, sin duda; pero los caballos entendían ver eso, y uno tras otro siguieron el alambrado a la derecha.",22
quiroga_cuentosdeamordelocuraydemuerte_0236,Horacio Quiroga,Uruguay,Cuentos de amor de locura y de muerte,"Dos minutos después pasaban; un árbol, seco en pie por el fuego, había caído sobre los hilos.",17
quiroga_cuentosdeamordelocuraydemuerte_0237,Horacio Quiroga,Uruguay,Cuentos de amor de locura y de muerte,"Atravesaron la blancura del pasto helado en que sus pasos no sonaban, y bordeando el rojizo bananal, quemado por la escarcha, vieron entonces de cerca qué eran aquellas plantas nuevas.",30
quiroga_cuentosdeamordelocuraydemuerte_0238,Horacio Quiroga,Uruguay,Cuentos de amor de locura y de muerte,"La decepción pudo haber sido grande; mas los caballos, si bien golosos, aspiraban sobre todo a pasear.",17
quiroga_cuentosdeamordelocuraydemuerte_0239,Horacio Quiroga,Uruguay,Cuentos de amor de locura y de muerte,"Ahora bien, para los caballos, aquello que acababan de hacer tenía todo el aspecto de una proeza.",17
quiroga_cuentosdeamordelocuraydemuerte_0240,Horacio Quiroga,Uruguay,Cuentos de amor de locura y de muerte,"Del potrero aburridor a la libertad presente, había infinita distancia.",10
quiroga_cuentosdeamordelocuraydemuerte_0241,Horacio Quiroga,Uruguay,Cuentos de amor de locura y de muerte,"La bruma matinal de Misiones acababa de disiparse del todo, y bajo el cielo súbitamente azul, el paisaje brillaba de esplendorosa claridad.",22
quiroga_cuentosdeamordelocuraydemuerte_0242,Horacio Quiroga,Uruguay,Cuentos de amor de locura y de muerte,"El viento, muy frío, cristalizaba aún más la claridad de la mañana de oro, y los caballos, que sentían de frente el sol, casi horizontal todavía, entrecerraban los ojos al dichoso deslumbramiento.",32
quiroga_cuentosdeamordelocuraydemuerte_0243,Horacio Quiroga,Uruguay,Cuentos de amor de locura y de muerte,"¡Sí, pasto fino, pasto admirable! Y entrarían ellos, los caballos libres! Hay que advertir que el alazán y el malacara poseían desde esa madrugada alta idea de sí mismos.",29
quiroga_cuentosdeamordelocuraydemuerte_0244,Horacio Quiroga,Uruguay,Cuentos de amor de locura y de muerte,"Habían visto cosas extraordinarias, salvado dificultades no creíbles, y se sentían gordos, orgullosos y facultados para tomar la decisión más estrafalaria que ocurrírseles pudiera.",24
quiroga_cuentosdeamordelocuraydemuerte_0245,Horacio Quiroga,Uruguay,Cuentos de amor de locura y de muerte,"En este estado de énfasis, vieron a cien metros de ellos varias vacas detenidas a orillas del camino, y encaminándose allá llegaron a la tranquera, cerrada con cinco robustos palos.",30
quiroga_cuentosdeamordelocuraydemuerte_0246,Horacio Quiroga,Uruguay,Cuentos de amor de locura y de muerte,"Las vacas estaban inmóviles, mirando fijamente el verde paraíso inalcanzable.",10
quiroga_cuentosdeamordelocuraydemuerte_0247,Horacio Quiroga,Uruguay,Cuentos de amor de locura y de muerte,Desde hace un mes pasamos por todas partes.,8
quiroga_cuentosdeamordelocuraydemuerte_0248,Horacio Quiroga,Uruguay,Cuentos de amor de locura y de muerte,Las vacas no se dignaron siquiera mirar a los intrusos.,10
quiroga_cuentosdeamordelocuraydemuerte_0249,Horacio Quiroga,Uruguay,Cuentos de amor de locura y de muerte,Dicen eso y no pasan por ninguna parte.,8
quiroga_cuentosdeamordelocuraydemuerte_0250,Horacio Quiroga,Uruguay,Cuentos de amor de locura y de muerte,"Y ante aquella chata y obstinada frente dirigida en tranquila recta a la tranquera, los caballos comprendieron humildemente su inferioridad.",20
quiroga_cuentosdeamordelocuraydemuerte_0251,Horacio Quiroga,Uruguay,Cuentos de amor de locura y de muerte,"Los caballos levantaron las orejas, admirados, pero la tranca no corrió.",11
quiroga_cuentosdeamordelocuraydemuerte_0252,Horacio Quiroga,Uruguay,Cuentos de amor de locura y de muerte,"Desde la tranquera, los caballos y las vacas miraban.",9
quiroga_cuentosdeamordelocuraydemuerte_0253,Horacio Quiroga,Uruguay,Cuentos de amor de locura y de muerte,"Pero a las vacas falta evidentemente la decisión masculina de permitir en la piel sangrientos rasguños, y apenas introducían el cuello, lo retiraban presto con mareante cabeceo.",27
quiroga_cuentosdeamordelocuraydemuerte_0254,Horacio Quiroga,Uruguay,Cuentos de amor de locura y de muerte,"Barigüí, siempre danzando y berreando ante el hombre, esquivaba los golpes.",11
quiroga_cuentosdeamordelocuraydemuerte_0255,Horacio Quiroga,Uruguay,Cuentos de amor de locura y de muerte,"Maniobraron así cincuenta metros, hasta que el chacarero pudo forzar a la bestia contra el alambrado.",16
quiroga_cuentosdeamordelocuraydemuerte_0256,Horacio Quiroga,Uruguay,Cuentos de amor de locura y de muerte,"Los caballos vieron cómo el hombre volvía precipitadamente a su rancho, y tornaba a salir con el rostro pálido.",19
quiroga_cuentosdeamordelocuraydemuerte_0257,Horacio Quiroga,Uruguay,Cuentos de amor de locura y de muerte,"Vieron también que saltaba el alambrado y se encaminaba en dirección de ellos, por lo cual los compañeros, ante aquel paso que avanzaba decidido, retrocedieron por el camino en dirección a su chacra.",33
quiroga_cuentosdeamordelocuraydemuerte_0258,Horacio Quiroga,Uruguay,Cuentos de amor de locura y de muerte,"Como los caballos marchaban dócilmente a pocos pasos delante del hombre, pudieron llegar juntos a la chacra del dueño del toro, siéndoles dado así oír conversación.",26
quiroga_cuentosdeamordelocuraydemuerte_0259,Horacio Quiroga,Uruguay,Cuentos de amor de locura y de muerte,"Es evidente, por lo que de ella se desprende, que el hombre había sufrido lo indecible con el toro del polaco.",21
quiroga_cuentosdeamordelocuraydemuerte_0260,Horacio Quiroga,Uruguay,Cuentos de amor de locura y de muerte,"Plantaciones, por inaccesibles que hubieran estado dentro del monte; alambrados, por grande que fuera su tensión e infinito el número de hilos, todo lo arrolló el toro con sus hábitos de pillaje.",32
quiroga_cuentosdeamordelocuraydemuerte_0261,Horacio Quiroga,Uruguay,Cuentos de amor de locura y de muerte,"Los caballos reemprendieron de nuevo el camino que los alejaba de su chacra, y un rato después llegaban al lugar en que Barigüí haba cumplido su hazaña.",27
quiroga_cuentosdeamordelocuraydemuerte_0262,Horacio Quiroga,Uruguay,Cuentos de amor de locura y de muerte,"Detrás de él, las vacas dormitaban al sol ya caliente, rumiando.",11
quiroga_cuentosdeamordelocuraydemuerte_0263,Horacio Quiroga,Uruguay,Cuentos de amor de locura y de muerte,"El caballo, por mayor intimidad de trato, es sensiblemente más afecto al hombre que la vaca.",16
quiroga_cuentosdeamordelocuraydemuerte_0264,Horacio Quiroga,Uruguay,Cuentos de amor de locura y de muerte,De aquí que el malacara y el alazán tuvieran fe en el alambrado que iba a construir el hombre.,19
quiroga_cuentosdeamordelocuraydemuerte_0265,Horacio Quiroga,Uruguay,Cuentos de amor de locura y de muerte,"La pareja prosiguió su camino, y momentos después, ante el campo libre que se abría ante ellos, los dos caballos bajaron la cabeza a comer, olvidándose de las vacas.",29
quiroga_cuentosdeamordelocuraydemuerte_0266,Horacio Quiroga,Uruguay,Cuentos de amor de locura y de muerte,"El viejo alazán obtuvo el honor de que se le atribuyera la iniciativa de la aventura, viéndose gratificado con una soga, a efectos de lo que pudiera pasar.",28
quiroga_cuentosdeamordelocuraydemuerte_0267,Horacio Quiroga,Uruguay,Cuentos de amor de locura y de muerte,¿Cómo era posible que el hombre creyera que aquel alambrado para terneros iba a contener al terrible toro?,18
quiroga_cuentosdeamordelocuraydemuerte_0268,Horacio Quiroga,Uruguay,Cuentos de amor de locura y de muerte,"Y ambos, sin apartar los ojos de los hilos, pensaban confusamente en cómo se podría pasar entre los dos hilos.",20
quiroga_cuentosdeamordelocuraydemuerte_0269,Horacio Quiroga,Uruguay,Cuentos de amor de locura y de muerte,"Las vacas se colocaron todas de frente al cercado, siguiendo atentas con los ojos a la bestia invasora.",18
quiroga_cuentosdeamordelocuraydemuerte_0270,Horacio Quiroga,Uruguay,Cuentos de amor de locura y de muerte,"Con el impulso de su pesado trote, el enorme toro bajó el testuz y hundió la cabeza entre los dos hilos.",21
quiroga_cuentosdeamordelocuraydemuerte_0271,Horacio Quiroga,Uruguay,Cuentos de amor de locura y de muerte,"Se oyó un agudo gemido de alambre, un estridente chirrido se propagó de poste a poste hasta el fondo, y el toro pasó.",23
quiroga_cuentosdeamordelocuraydemuerte_0272,Horacio Quiroga,Uruguay,Cuentos de amor de locura y de muerte,"Se alejó enseguida al paso, inundando el pasto de sangre, hasta que a los veinte metros se echó, con un ronco suspiro.",22
quiroga_cuentosdeamordelocuraydemuerte_0273,Horacio Quiroga,Uruguay,Cuentos de amor de locura y de muerte,"A mediodía el polaco fue a buscar a su toro, y lloró en falsete ante el chacarero impasible.",18
quiroga_cuentosdeamordelocuraydemuerte_0274,Horacio Quiroga,Uruguay,Cuentos de amor de locura y de muerte,"Cayetano Maidana y Esteban Podeley, peones de obraje, volvían a Posadas en el Silex con quince compañeros.",17
quiroga_cuentosdeamordelocuraydemuerte_0275,Horacio Quiroga,Uruguay,Cuentos de amor de locura y de muerte,"Podeley, labrador de madera, tornaba a los nueve meses, la contrata concluida, y con pasaje gratis por lo gratis, por lo tanto.",22
quiroga_cuentosdeamordelocuraydemuerte_0276,Horacio Quiroga,Uruguay,Cuentos de amor de locura y de muerte,"Flacos, despeinados, en calzoncillos, la camisa abierta en largos tajos, descalzos como la mayoría, sucios como todos ellos, los dos mensú devoraban con los ojos la capital del bosque, Jerusalem y Gólgota de sus vidas.",35
quiroga_cuentosdeamordelocuraydemuerte_0277,Horacio Quiroga,Uruguay,Cuentos de amor de locura y de muerte,"De cien peones, sólo dos llegan a Posadas con haber.",10
quiroga_cuentosdeamordelocuraydemuerte_0278,Horacio Quiroga,Uruguay,Cuentos de amor de locura y de muerte,"Como intermediario y coadyuvante, espera en la playa un grupo de muchachas alegres de carácter y de profesión, ante las cuales los mensú sedientos lanzan su ¡ahijú! de urgente locura.",30
quiroga_cuentosdeamordelocuraydemuerte_0279,Horacio Quiroga,Uruguay,Cuentos de amor de locura y de muerte,"Sabían, sí, que tenían cuarenta pesos en el bolsillo, y facultad para llegar a mucho más en gastos.",18
quiroga_cuentosdeamordelocuraydemuerte_0280,Horacio Quiroga,Uruguay,Cuentos de amor de locura y de muerte,"Las avisadas doncellas condujéronlos a una tienda con la que tenían relaciones especiales de un tanto por ciento, o tal vez al almacén de la misma casa contratista.",28
quiroga_cuentosdeamordelocuraydemuerte_0281,Horacio Quiroga,Uruguay,Cuentos de amor de locura y de muerte,"Por su parte, Cayé adquirió muchos más extractos y lociones y aceites de los necesarios para sahumar hasta la náusea su ropa nueva, mientras Podeley, más juicioso, optaba por un traje de paño.",33
quiroga_cuentosdeamordelocuraydemuerte_0282,Horacio Quiroga,Uruguay,Cuentos de amor de locura y de muerte,"Acompañábanlos dos muchachas, orgullosas de esa opulencia, cuya magnitud se acusaba en la expresión un tanto hastiada de los mensú, arrastrando su coche mañana y tarde por las calles caldeadas, una infección de tabaco y extractos de obraje.",38
quiroga_cuentosdeamordelocuraydemuerte_0283,Horacio Quiroga,Uruguay,Cuentos de amor de locura y de muerte,"Cayé observó un rato riéndose, como se ríen siempre los peones cuando están juntos, sea cual fuera el motivo; y se aproximó al baúl, colocando a una carta cinco cigarros.",30
quiroga_cuentosdeamordelocuraydemuerte_0284,Horacio Quiroga,Uruguay,Cuentos de amor de locura y de muerte,"Al día siguiente recuperó las botas, pero nada más, mientras la muchacha compensaba la desnudez de su pescuezo con incesantes cigarros despreciativos.",22
quiroga_cuentosdeamordelocuraydemuerte_0285,Horacio Quiroga,Uruguay,Cuentos de amor de locura y de muerte,"Por fin, quince días después, llegaron a destino.",8
quiroga_cuentosdeamordelocuraydemuerte_0286,Horacio Quiroga,Uruguay,Cuentos de amor de locura y de muerte,"Fuera de algún incidente con sus colegas labradores, que invadían su jurisdicción; del hastío de los días de lluvia que lo relegan en cuclillas frente a la pava, la tarea proseguía hasta el sábado de tarde.",36
quiroga_cuentosdeamordelocuraydemuerte_0287,Horacio Quiroga,Uruguay,Cuentos de amor de locura y de muerte,"Lavaba entonces su ropa, y el domingo iba al almacén a proveerse.",12
quiroga_cuentosdeamordelocuraydemuerte_0288,Horacio Quiroga,Uruguay,Cuentos de amor de locura y de muerte,Raramente se lastimaban las mulas; pero la algazara era la misma.,11
quiroga_cuentosdeamordelocuraydemuerte_0289,Horacio Quiroga,Uruguay,Cuentos de amor de locura y de muerte,"Cayé, entre risa y risa, meditaba siempre su fuga.",9
quiroga_cuentosdeamordelocuraydemuerte_0290,Horacio Quiroga,Uruguay,Cuentos de amor de locura y de muerte,"Harto ya de revirados y yoparás, que el pregusto de la huida tornaba más indigestos, deteníase aún por falta de revólver y, ciertamente, ante el winchester del capataz.",28
quiroga_cuentosdeamordelocuraydemuerte_0291,Horacio Quiroga,Uruguay,Cuentos de amor de locura y de muerte,"Los dos mensú quedaron solos charlando, amistosamente, resultas de lo cual convinieron en vivir juntos, a cuyo efecto el seductor se instaló con la pareja.",25
quiroga_cuentosdeamordelocuraydemuerte_0292,Horacio Quiroga,Uruguay,Cuentos de amor de locura y de muerte,"El otoño finalizaba, y el cielo, fijo en sequía con chubascos de cinco minutos, se descomponía por fin en mal tiempo constante, cuya humedad hinchaba el hombro de los mensú.",30
quiroga_cuentosdeamordelocuraydemuerte_0293,Horacio Quiroga,Uruguay,Cuentos de amor de locura y de muerte,"Volvió a su cobertizo, y en el camino sintió un ligero cosquilleo en la espalda.",15
quiroga_cuentosdeamordelocuraydemuerte_0294,Horacio Quiroga,Uruguay,Cuentos de amor de locura y de muerte,Podeley sabía muy bien qué significaba aquel desgano y aquel hormigueo a flor de piel.,15
quiroga_cuentosdeamordelocuraydemuerte_0295,Horacio Quiroga,Uruguay,Cuentos de amor de locura y de muerte,"Al día siguiente el acceso, no esperado hasta el crepúsculo, tornó a mediodía, y Podeley fue a la comisaría a pedir quinina.",22
quiroga_cuentosdeamordelocuraydemuerte_0296,Horacio Quiroga,Uruguay,Cuentos de amor de locura y de muerte,"Podeley volcó tranquilamente sobre su lengua la terrible amargura aquella, y cuando regresaba al monte tropezó con el mayordomo.",19
quiroga_cuentosdeamordelocuraydemuerte_0297,Horacio Quiroga,Uruguay,Cuentos de amor de locura y de muerte,"El tercer ataque comenzó una hora después, quedando Podeley desplomado en una profunda falta de fuerzas, y la mirada fija y opaca, como si no pudiera alcanzar más allá de uno o dos metros.",34
quiroga_cuentosdeamordelocuraydemuerte_0298,Horacio Quiroga,Uruguay,Cuentos de amor de locura y de muerte,"No, por cierto; pero el mensú que se va puede no volver, y el mayordomo prefería hombre muerto a deudor lejano.",21
quiroga_cuentosdeamordelocuraydemuerte_0299,Horacio Quiroga,Uruguay,Cuentos de amor de locura y de muerte,"Fue a instalarse con Cayé, cuyo espíritu conocía bien, y ambos decidieron escaparse el próximo domingo.",16
quiroga_cuentosdeamordelocuraydemuerte_0300,Horacio Quiroga,Uruguay,Cuentos de amor de locura y de muerte,"Mientras no se sintieran perseguidos, no abandonarían la picada, pues Podeley caminaba mal.",13
quiroga_cuentosdeamordelocuraydemuerte_0301,Horacio Quiroga,Uruguay,Cuentos de amor de locura y de muerte,"Y parapetándose tras un árbol, descargó hacia los perseguidores cinco tiros de su revólver.",14
quiroga_cuentosdeamordelocuraydemuerte_0302,Horacio Quiroga,Uruguay,Cuentos de amor de locura y de muerte,"Los perseguidores presumían esta maniobra; pero como dentro del monte el que ataca tiene cien probabilidades contra una de ser detenido por una bala en mitad de la frente, el capataz se contentaba con salvas de winchester y aullidos desafiantes.",40
quiroga_cuentosdeamordelocuraydemuerte_0303,Horacio Quiroga,Uruguay,Cuentos de amor de locura y de muerte,"Podeley se envolvió en el poncho, y recostado en la espalda de su compañero, sufrió en dos terribles horas de chucho, el contragolpe de aquel esfuerzo.",26
quiroga_cuentosdeamordelocuraydemuerte_0304,Horacio Quiroga,Uruguay,Cuentos de amor de locura y de muerte,"Luego prosiguieron la fuga, siempre a la vista de la picada, y cuando la noche llegó, por fin, acamparon.",19
quiroga_cuentosdeamordelocuraydemuerte_0305,Horacio Quiroga,Uruguay,Cuentos de amor de locura y de muerte,"Cayé cortó doce tacuaras sin más prolija elección, y Podeley, cuyas últimas fuerzas fueron dedicadas a cortar los isipós, tuvo apenas tiempo de hacerlo antes de arrollarse a tiritar.",29
quiroga_cuentosdeamordelocuraydemuerte_0306,Horacio Quiroga,Uruguay,Cuentos de amor de locura y de muerte,Las tacuaras taladradas por los tambús se hundían.,8
quiroga_cuentosdeamordelocuraydemuerte_0307,Horacio Quiroga,Uruguay,Cuentos de amor de locura y de muerte,El agua llegábales ya al pecho cuando tocaron tierra.,9
quiroga_cuentosdeamordelocuraydemuerte_0308,Horacio Quiroga,Uruguay,Cuentos de amor de locura y de muerte,"Pero en la misma orilla quedaron inmóviles, tendidos de vientre.",10
quiroga_cuentosdeamordelocuraydemuerte_0309,Horacio Quiroga,Uruguay,Cuentos de amor de locura y de muerte,"El pajonal se extendía veinte metros tierra adentro, sirviendo de litoral a río y bosque.",15
quiroga_cuentosdeamordelocuraydemuerte_0310,Horacio Quiroga,Uruguay,Cuentos de amor de locura y de muerte,"A media cuadra al sur, el riacho Paranaí, que decidieron vadear cuando hubieran recuperado las fuerzas.",16
quiroga_cuentosdeamordelocuraydemuerte_0311,Horacio Quiroga,Uruguay,Cuentos de amor de locura y de muerte,"Podeley se incorporó de pronto chorreando agua, y apoyándose en el revólver para levantarse, apuntó a Cayé.",17
quiroga_cuentosdeamordelocuraydemuerte_0312,Horacio Quiroga,Uruguay,Cuentos de amor de locura y de muerte,"El Sílex, que pasó por allí al atardecer, recogió al mensú ya casi moribundo.",14
quiroga_cuentosdeamordelocuraydemuerte_0313,Horacio Quiroga,Uruguay,Cuentos de amor de locura y de muerte,"Mas su felicidad transformóse en terror al darse cuenta, al día siguiente, de que el vapor remontaba el río.",19
quiroga_cuentosdeamordelocuraydemuerte_0314,Horacio Quiroga,Uruguay,Cuentos de amor de locura y de muerte,"El Sílex volvió a Posadas, llevando con él al mensú, empapado aún en pesadillas nocturnas.",15
quiroga_cuentosdeamordelocuraydemuerte_0315,Horacio Quiroga,Uruguay,Cuentos de amor de locura y de muerte,"El patio era de tierra, cerrado al oeste por un cerco de ladrillos.",13
quiroga_cuentosdeamordelocuraydemuerte_0316,Horacio Quiroga,Uruguay,Cuentos de amor de locura y de muerte,"El banco quedaba paralelo a él, a cinco metros, y allí se mantenían inmóviles, fijos los ojos en los ladrillos.",20
quiroga_cuentosdeamordelocuraydemuerte_0317,Horacio Quiroga,Uruguay,Cuentos de amor de locura y de muerte,"Como el sol se ocultaba tras el cerco, al declinar los idiotas tenían fiesta.",14
quiroga_cuentosdeamordelocuraydemuerte_0318,Horacio Quiroga,Uruguay,Cuentos de amor de locura y de muerte,"El mayor tenía doce años, y el menor ocho.",9
quiroga_cuentosdeamordelocuraydemuerte_0319,Horacio Quiroga,Uruguay,Cuentos de amor de locura y de muerte,"La criatura creció, bella y radiante, hasta que tuvo año y medio.",12
quiroga_cuentosdeamordelocuraydemuerte_0320,Horacio Quiroga,Uruguay,Cuentos de amor de locura y de muerte,"Pero en el vigésimo mes sacudiéronlo una noche convulsiones terribles, y a la mañana siguiente no conocía más a sus padres.",21
quiroga_cuentosdeamordelocuraydemuerte_0321,Horacio Quiroga,Uruguay,Cuentos de amor de locura y de muerte,"No veo nada más, pero hay un soplo un poco rudo.",11
quiroga_cuentosdeamordelocuraydemuerte_0322,Horacio Quiroga,Uruguay,Cuentos de amor de locura y de muerte,"Con el alma destrozada de remordimiento, Mazzini redobló el amor a su hijo, el pequeño idiota que pagaba los excesos del abuelo.",22
quiroga_cuentosdeamordelocuraydemuerte_0323,Horacio Quiroga,Uruguay,Cuentos de amor de locura y de muerte,"Pero a los dieciocho meses las convulsiones del primogénito se repetian, y al día siguiente amanecía idiota.",17
quiroga_cuentosdeamordelocuraydemuerte_0324,Horacio Quiroga,Uruguay,Cuentos de amor de locura y de muerte,Esta vez los padres cayeron en honda desesperación.,8
quiroga_cuentosdeamordelocuraydemuerte_0325,Horacio Quiroga,Uruguay,Cuentos de amor de locura y de muerte,"Sobrevinieron mellizos, y punto por punto repitióse el proceso de los dos mayores.",13
quiroga_cuentosdeamordelocuraydemuerte_0326,Horacio Quiroga,Uruguay,Cuentos de amor de locura y de muerte,"Hubo que arrancar del limbo de la más honda animalidad, no ya sus almas, sino el instinto mismo abolido.",19
quiroga_cuentosdeamordelocuraydemuerte_0327,Horacio Quiroga,Uruguay,Cuentos de amor de locura y de muerte,"Pero pasados tres años desearon de nuevo ardientemente otro hijo, confiando en que el largo tiempo transcurrido hubiera aplacado a la fatalidad.",22
quiroga_cuentosdeamordelocuraydemuerte_0328,Horacio Quiroga,Uruguay,Cuentos de amor de locura y de muerte,"Y en ese ardiente anhelo que se exasperaba, en razón de su infructuosidad, se agriaron.",15
quiroga_cuentosdeamordelocuraydemuerte_0329,Horacio Quiroga,Uruguay,Cuentos de amor de locura y de muerte,Iniciáronse con el cambio de pronombres: tus hijos.,8
quiroga_cuentosdeamordelocuraydemuerte_0330,Horacio Quiroga,Uruguay,Cuentos de amor de locura y de muerte,"Y como a más del insulto había la insidia, la atmósfera se cargaba.",13
quiroga_cuentosdeamordelocuraydemuerte_0331,Horacio Quiroga,Uruguay,Cuentos de amor de locura y de muerte,"Su marido la miró un momento, con brutal deseo de un momento con insultarla.",14
quiroga_cuentosdeamordelocuraydemuerte_0332,Horacio Quiroga,Uruguay,Cuentos de amor de locura y de muerte,"Pero en las inevitables reconciliaciones, sus almas se unían doble arrebato y locura por otro hijo.",16
quiroga_cuentosdeamordelocuraydemuerte_0333,Horacio Quiroga,Uruguay,Cuentos de amor de locura y de muerte,"Si aún en los últimos tiempos Berta cuidaba siempre de sus hijos, al nacer Bertita olvidóse casi del todo de los otros.",22
quiroga_cuentosdeamordelocuraydemuerte_0334,Horacio Quiroga,Uruguay,Cuentos de amor de locura y de muerte,"Su solo recuerdo la horrorizaba, como algo atroz que la hubieran obligado a cometer.",14
quiroga_cuentosdeamordelocuraydemuerte_0335,Horacio Quiroga,Uruguay,Cuentos de amor de locura y de muerte,"A Mazzini, bien que en menor grado, pasábale lo mismo.",10
quiroga_cuentosdeamordelocuraydemuerte_0336,Horacio Quiroga,Uruguay,Cuentos de amor de locura y de muerte,"La menor indisposición de su hija echaba ahora afuera, con el de terror de perderla, los rencores de su descendencia podrida.",21
quiroga_cuentosdeamordelocuraydemuerte_0337,Horacio Quiroga,Uruguay,Cuentos de amor de locura y de muerte,"Con estos sentimientos, no hubo ya para los cuatro hijos mayores afecto posible.",13
quiroga_cuentosdeamordelocuraydemuerte_0338,Horacio Quiroga,Uruguay,Cuentos de amor de locura y de muerte,"Las emociones y mala noche pasada tenían, sin duda, gran culpa.",11
quiroga_cuentosdeamordelocuraydemuerte_0339,Horacio Quiroga,Uruguay,Cuentos de amor de locura y de muerte,"A las diez decidieron salir, después de almorzar.",8
quiroga_cuentosdeamordelocuraydemuerte_0340,Horacio Quiroga,Uruguay,Cuentos de amor de locura y de muerte,Berta llegó; no quería que jamás pisaran allí.,8
quiroga_cuentosdeamordelocuraydemuerte_0341,Horacio Quiroga,Uruguay,Cuentos de amor de locura y de muerte,"Porque, naturalmente, cuanto más intensos eran los raptos de amor a su marido e hija, más irritado era su humor más irritable era su humor con los monstruos.",28
quiroga_cuentosdeamordelocuraydemuerte_0342,Horacio Quiroga,Uruguay,Cuentos de amor de locura y de muerte,"Las cuatro pobres bestias, sacudidas, brutalmente empujadas, fueron a dar a su banco.",13
quiroga_cuentosdeamordelocuraydemuerte_0343,Horacio Quiroga,Uruguay,Cuentos de amor de locura y de muerte,"La sirvienta fue a Buenos Aires, y el matrimonio a pasear por las quintas.",14
quiroga_cuentosdeamordelocuraydemuerte_0344,Horacio Quiroga,Uruguay,Cuentos de amor de locura y de muerte,"Al bajar el sol volvieron, pero Berta quiso saludar un momento a sus vecinas de enfrente.",16
quiroga_cuentosdeamordelocuraydemuerte_0345,Horacio Quiroga,Uruguay,Cuentos de amor de locura y de muerte,Entretanto los idiotas no se habían movido en todo el día de su banco.,14
quiroga_cuentosdeamordelocuraydemuerte_0346,Horacio Quiroga,Uruguay,Cuentos de amor de locura y de muerte,"Recurrió entonces a un cajón de kerosene, y su instinto topográfico hízole colocar vertical el mueble, con lo cual triunfó.",20
quiroga_cuentosdeamordelocuraydemuerte_0347,Horacio Quiroga,Uruguay,Cuentos de amor de locura y de muerte,Pero la mirada de los idiotas se había animado; una misma luz insistente estaba fija en sus pupilas.,18
quiroga_cuentosdeamordelocuraydemuerte_0348,Horacio Quiroga,Uruguay,Cuentos de amor de locura y de muerte,"Debajo de ella, los ocho ojos clavados en los suyos le dieron miedo.",13
quiroga_cuentosdeamordelocuraydemuerte_0349,Horacio Quiroga,Uruguay,Cuentos de amor de locura y de muerte,"Trató aún de sujetarse del borde, pero sintióse arrancada y cayó.",11
quiroga_cuentosdeamordelocuraydemuerte_0350,Horacio Quiroga,Uruguay,Cuentos de amor de locura y de muerte,Pero al pasar frente a la cocina vio en el piso un mar de sangre.,15
quiroga_cuentosdeamordelocuraydemuerte_0351,Horacio Quiroga,Uruguay,Cuentos de amor de locura y de muerte,"Berta, que ya se había lanzado corriendo a su vez al oír el angustioso llamado del padre, oyó el grito y respondió con otro.",24
quiroga_cuentosdeamordelocuraydemuerte_0352,Horacio Quiroga,Uruguay,Cuentos de amor de locura y de muerte,"Al cruzar de una pieza a otra, los pasos hallaban eco en toda la casa, como si un largo abandono hubiera sensibilizado su resonancia.",24
quiroga_cuentosdeamordelocuraydemuerte_0353,Horacio Quiroga,Uruguay,Cuentos de amor de locura y de muerte,Fue ése el último día que Alicia estuvo levantada.,9
quiroga_cuentosdeamordelocuraydemuerte_0354,Horacio Quiroga,Uruguay,Cuentos de amor de locura y de muerte,"El médico de Jordán la examinó con suma atención, ordenándole calma y descanso absolutos.",14
quiroga_cuentosdeamordelocuraydemuerte_0355,Horacio Quiroga,Uruguay,Cuentos de amor de locura y de muerte,"Constatóse una anemia de marcha agudísima, completamente inexplicable.",8
quiroga_cuentosdeamordelocuraydemuerte_0356,Horacio Quiroga,Uruguay,Cuentos de amor de locura y de muerte,"Alicia no tuvo más desmayos, pero se iba visiblemente a la muerte.",12
quiroga_cuentosdeamordelocuraydemuerte_0357,Horacio Quiroga,Uruguay,Cuentos de amor de locura y de muerte,Pasábanse horas sin que se oyera el menor ruido.,9
quiroga_cuentosdeamordelocuraydemuerte_0358,Horacio Quiroga,Uruguay,Cuentos de amor de locura y de muerte,"Jordán vivía casi en la sala, también con toda la luz encendida.",12
quiroga_cuentosdeamordelocuraydemuerte_0359,Horacio Quiroga,Uruguay,Cuentos de amor de locura y de muerte,"Pronto Alicia comenzó a tener alucinaciones, confusas y flotantes al principio, y que descendieron luego a ras del suelo.",19
quiroga_cuentosdeamordelocuraydemuerte_0360,Horacio Quiroga,Uruguay,Cuentos de amor de locura y de muerte,Una noche quedó de repente con los ojos fijos.,9
quiroga_cuentosdeamordelocuraydemuerte_0361,Horacio Quiroga,Uruguay,Cuentos de amor de locura y de muerte,"Sonrió y tomó entre las suyas la mano de su marido, acariciándola por media hora temblando.",16
quiroga_cuentosdeamordelocuraydemuerte_0362,Horacio Quiroga,Uruguay,Cuentos de amor de locura y de muerte,"En la última consulta Alicia yacía en estupor mientras ellos la pulsaban, pasándose de uno a otro la muñeca inerte.",20
quiroga_cuentosdeamordelocuraydemuerte_0363,Horacio Quiroga,Uruguay,Cuentos de amor de locura y de muerte,"Alicia fue extinguiéndose en subdelirio de anemia, agravado de tarde, pero que remitía siempre en las primeras horas.",18
quiroga_cuentosdeamordelocuraydemuerte_0364,Horacio Quiroga,Uruguay,Cuentos de amor de locura y de muerte,Parecía que únicamente de noche se le fuera la vida en nuevas oleadas de sangre.,15
quiroga_cuentosdeamordelocuraydemuerte_0365,Horacio Quiroga,Uruguay,Cuentos de amor de locura y de muerte,Tenía siempre al despertar la sensación de estar desplomada en la cama con un millón de kilos encima.,18
quiroga_cuentosdeamordelocuraydemuerte_0366,Horacio Quiroga,Uruguay,Cuentos de amor de locura y de muerte,Desde el tercer día este hundimiento no la abandonó más.,10
quiroga_cuentosdeamordelocuraydemuerte_0367,Horacio Quiroga,Uruguay,Cuentos de amor de locura y de muerte,"No quiso que le tocaran la cama, ni aun que le arreglaran el almohadón.",14
quiroga_cuentosdeamordelocuraydemuerte_0368,Horacio Quiroga,Uruguay,Cuentos de amor de locura y de muerte,Jordán se acercó rápidamente y se dobló sobre aquél.,9
quiroga_cuentosdeamordelocuraydemuerte_0369,Horacio Quiroga,Uruguay,Cuentos de amor de locura y de muerte,"Efectivamente, sobre la funda, a ambos lados del hueco que había dejado la cabeza de Alicia, se veían manchitas oscuras.",20
quiroga_cuentosdeamordelocuraydemuerte_0370,Horacio Quiroga,Uruguay,Cuentos de amor de locura y de muerte,"La sirvienta lo levantó; pero enseguida lo dejó caer, y se quedó mirando a aquél, lívida y temblando.",18
quiroga_cuentosdeamordelocuraydemuerte_0371,Horacio Quiroga,Uruguay,Cuentos de amor de locura y de muerte,"Sobre el fondo, entre las plumas, moviendo lentamente las patas velludas, había un animal monstruoso, una bola viviente y viscosa.",20
quiroga_cuentosdeamordelocuraydemuerte_0372,Horacio Quiroga,Uruguay,Cuentos de amor de locura y de muerte,Estaba tan hinchado que apenas se le pronunciaba la boca.,10
quiroga_cuentosdeamordelocuraydemuerte_0373,Horacio Quiroga,Uruguay,Cuentos de amor de locura y de muerte,"La remoción diaria del almohadón sin duda había impedido al principio su desarrollo: pero desde que la joven no pudo moverse, la succión fue vertiginosa.",25
quiroga_cuentosdeamordelocuraydemuerte_0374,Horacio Quiroga,Uruguay,Cuentos de amor de locura y de muerte,"La sangre humana parece serles particularmente favorable, y no es raro hallarlos en los almohadones de pluma.",17
quiroga_cuentosdeamordelocuraydemuerte_0375,Horacio Quiroga,Uruguay,Cuentos de amor de locura y de muerte,"Pero el sombrío rincón, admirable cuando a la depresión de la atmósfera acompaña falta de aire, tornábase imposible en un día de viento norte.",24
quiroga_cuentosdeamordelocuraydemuerte_0376,Horacio Quiroga,Uruguay,Cuentos de amor de locura y de muerte,El termómetro alcanzaba en ese momento a cuarenta grados.,9
quiroga_cuentosdeamordelocuraydemuerte_0377,Horacio Quiroga,Uruguay,Cuentos de amor de locura y de muerte,Desde setiembre no había logrado otra ocupación a las siestas bravas.,11
quiroga_cuentosdeamordelocuraydemuerte_0378,Horacio Quiroga,Uruguay,Cuentos de amor de locura y de muerte,"Esta vez rastreó cuatro lagartijas de las pocas que quedaban ya, cazó tres, perdió una, y se fue entonces a bañar.",21
quiroga_cuentosdeamordelocuraydemuerte_0379,Horacio Quiroga,Uruguay,Cuentos de amor de locura y de muerte,"Aún en noviembre, cuando tenía ya en jaque a todas las ratas de la casa, su gran encanto eran los saurios.",21
quiroga_cuentosdeamordelocuraydemuerte_0380,Horacio Quiroga,Uruguay,Cuentos de amor de locura y de muerte,"Los peones que por a o b llegaban a la siesta, admiraron siempre la obstinación del perro, resoplando en cuevitas bajo un sol de fuego; si bien la admiración de aquéllos no pasaba del cuadro de caza.",37
quiroga_cuentosdeamordelocuraydemuerte_0381,Horacio Quiroga,Uruguay,Cuentos de amor de locura y de muerte,Precisamente esa misma tarde un peón se quejó a Cooper de los venados que estaban concluyendo con los porotos.,19
quiroga_cuentosdeamordelocuraydemuerte_0382,Horacio Quiroga,Uruguay,Cuentos de amor de locura y de muerte,"Cooper prestó la escopeta, y aun propuso ir esa noche al rozado.",12
quiroga_cuentosdeamordelocuraydemuerte_0383,Horacio Quiroga,Uruguay,Cuentos de amor de locura y de muerte,Suelte el perro y veremos si el mío lo sigue.,10
quiroga_cuentosdeamordelocuraydemuerte_0384,Horacio Quiroga,Uruguay,Cuentos de amor de locura y de muerte,"Al ver partir a su compañero, Yaguaí intentó en vano forzar la barrera de caraguatá.",15
quiroga_cuentosdeamordelocuraydemuerte_0385,Horacio Quiroga,Uruguay,Cuentos de amor de locura y de muerte,"Pero a los dos minutos regresaba, muy contento de aquella escapatoria nocturna.",12
quiroga_cuentosdeamordelocuraydemuerte_0386,Horacio Quiroga,Uruguay,Cuentos de amor de locura y de muerte,"El perro del peón halló una pista, muy lejos, que perdió enseguida.",12
quiroga_cuentosdeamordelocuraydemuerte_0387,Horacio Quiroga,Uruguay,Cuentos de amor de locura y de muerte,"Durante cuatro días el tiempo se cargó, con asfixiante calma y aumentó de calor.",14
quiroga_cuentosdeamordelocuraydemuerte_0388,Horacio Quiroga,Uruguay,Cuentos de amor de locura y de muerte,"Al oeste, en el fondo del valle boscoso, hundido en la depresión de la doble sierra, el Paraná yacía, muerto a esa hora en su agua de cinc, esperando la caída de la tarde para revivir.",36
quiroga_cuentosdeamordelocuraydemuerte_0389,Horacio Quiroga,Uruguay,Cuentos de amor de locura y de muerte,"La atmósfera, entonces, ligeramente ahumada hasta esa hora, se velaba al horizonte en denso vapor, tras el cual el sol, cayendo sobre el río, sosteníase asfixiado en perfecto círculo de sangre.",31
quiroga_cuentosdeamordelocuraydemuerte_0390,Horacio Quiroga,Uruguay,Cuentos de amor de locura y de muerte,"Desde tiempo atrás el perrito blanco había sido muy solicitado por un amigo de Cooper, hombre de selva, cuyos muchos ratos perdidos se pasaban en el monte tras los tatetos.",30
quiroga_cuentosdeamordelocuraydemuerte_0391,Horacio Quiroga,Uruguay,Cuentos de amor de locura y de muerte,Por lo que instó repetidas veces a Cooper a que le prestara a Yaguaí.,14
quiroga_cuentosdeamordelocuraydemuerte_0392,Horacio Quiroga,Uruguay,Cuentos de amor de locura y de muerte,"Pero siendo Yaguaí mucho más perjudicial que útil al trabajo desenvuelto de sus tres perros, lo relegó desde entonces en el rancho a espera de mejores tiempos para esa enseñanza.",30
quiroga_cuentosdeamordelocuraydemuerte_0393,Horacio Quiroga,Uruguay,Cuentos de amor de locura y de muerte,"Aprendió a visitar los gallineros, a separar dos platos encimados con el hocico, y a llevarse en la boca una lata con grasa a fin de vaciarla en la impunidad del pajonal.",32
quiroga_cuentosdeamordelocuraydemuerte_0394,Horacio Quiroga,Uruguay,Cuentos de amor de locura y de muerte,"Adquirió la prudencia necesaria para apartarse del camino cuando un pasajero avanzaba, siguiéndolo con los ojos, agachado entre el pasto.",20
quiroga_cuentosdeamordelocuraydemuerte_0395,Horacio Quiroga,Uruguay,Cuentos de amor de locura y de muerte,"Los tres perros forzaban la distancia que los separaba del abrevadero de las bestias con éxito mediano, pues siendo aquél muy frecuentado a su vez por los yaguareteí, la caza menor tornábase desconfiada.",33
quiroga_cuentosdeamordelocuraydemuerte_0396,Horacio Quiroga,Uruguay,Cuentos de amor de locura y de muerte,"Y la situación amenazaba así tornarse muy crítica, cuando una circunstancia fortuita trajo un poco de aliento a la lamentable jauría.",21
quiroga_cuentosdeamordelocuraydemuerte_0397,Horacio Quiroga,Uruguay,Cuentos de amor de locura y de muerte,"En efecto, San Ignacio había sido menos azotado, resultas de lo cual algunos maizales, aunque miserables, se sostenían en pie.",20
quiroga_cuentosdeamordelocuraydemuerte_0398,Horacio Quiroga,Uruguay,Cuentos de amor de locura y de muerte,"Los perros avanzaron cautelosamente sobre el río a flor de piedra, saltando aquí, nadando allá, en un paso que en agua normal no da fondo a tres metros.",28
quiroga_cuentosdeamordelocuraydemuerte_0399,Horacio Quiroga,Uruguay,Cuentos de amor de locura y de muerte,"Sin sacudirse casi, reanudaron el trote silencioso y tenaz hacia el maizal más cercano.",14
quiroga_cuentosdeamordelocuraydemuerte_0400,Horacio Quiroga,Uruguay,Cuentos de amor de locura y de muerte,"Volvieron tres veces más, hasta que la última noche un estampido demasiado cercano los puso en guardia.",17
quiroga_cuentosdeamordelocuraydemuerte_0401,Horacio Quiroga,Uruguay,Cuentos de amor de locura y de muerte,"Cuando Fragoso se instaló, el tacuapí comenzaba a secarse.",9
quiroga_cuentosdeamordelocuraydemuerte_0402,Horacio Quiroga,Uruguay,Cuentos de amor de locura y de muerte,Fragoso mató esa misma noche cuatro ratas que asaltaban su lata de grasa.,13
quiroga_cuentosdeamordelocuraydemuerte_0403,Horacio Quiroga,Uruguay,Cuentos de amor de locura y de muerte,"Hambre, humillación, vicios adquiridos, todo se borró en un segundo ante las ratas que salían de todas partes.",18
quiroga_cuentosdeamordelocuraydemuerte_0404,Horacio Quiroga,Uruguay,Cuentos de amor de locura y de muerte,"Las ratas, al igual de las martinetas, saben muy bien desenterrar el grano adherido aún a la plantita.",18
quiroga_cuentosdeamordelocuraydemuerte_0405,Horacio Quiroga,Uruguay,Cuentos de amor de locura y de muerte,"Y si se recuerda que el ingenio de un poblador haragán llega hasta enseñar a sus cachorros esta maniobra para aprovecharse ambos de la presa, se comprenderá que Cooper perdiera la paciencia, descargando irremisiblemente su escopeta sobre todo ladrón nocturno.",40
quiroga_cuentosdeamordelocuraydemuerte_0406,Horacio Quiroga,Uruguay,Cuentos de amor de locura y de muerte,"Rápidamente hizo fuego, y a los aullidos traspasantes del animal con las patas traseras a la rastra, tuvo un fugitivo sobresalto, que no pudo explicar.",25
quiroga_cuentosdeamordelocuraydemuerte_0407,Horacio Quiroga,Uruguay,Cuentos de amor de locura y de muerte,"Con lo que vencido y conquistado, Candiyú concluyó por arrimar su caballo a la puerta, en cuyo umbral apoyó el codo.",21
quiroga_cuentosdeamordelocuraydemuerte_0408,Horacio Quiroga,Uruguay,Cuentos de amor de locura y de muerte,La mirada turbia e inexpresiva de míster Hall se aclaró.,10
quiroga_cuentosdeamordelocuraydemuerte_0409,Horacio Quiroga,Uruguay,Cuentos de amor de locura y de muerte,"Pero míster Hall proseguía mirándolo con pesada fijeza, mientras la membrana saltaba del disco a fuerza de marchas metálicas.",19
quiroga_cuentosdeamordelocuraydemuerte_0410,Horacio Quiroga,Uruguay,Cuentos de amor de locura y de muerte,"¡Lindo palo! Te gusta palo bueno, a usted.",8
quiroga_cuentosdeamordelocuraydemuerte_0411,Horacio Quiroga,Uruguay,Cuentos de amor de locura y de muerte,"El mercado prosiguió a son de cantos británicos, el indígena esquivando la vía recta, y el contador acorralándolo en el pequeño círculo de la precisión.",25
quiroga_cuentosdeamordelocuraydemuerte_0412,Horacio Quiroga,Uruguay,Cuentos de amor de locura y de muerte,"Sólo sus manos, lívidas zarpas veteadas de verde que penden inmensas de las muñecas, como proyectadas en primer término de una fotografía, se mueven monótonamente sin cesar, con temblor de loro implume.",32
quiroga_cuentosdeamordelocuraydemuerte_0413,Horacio Quiroga,Uruguay,Cuentos de amor de locura y de muerte,"Pero en aquel tiempo, Candiyú era otra cosa.",8
quiroga_cuentosdeamordelocuraydemuerte_0414,Horacio Quiroga,Uruguay,Cuentos de amor de locura y de muerte,"Normalmente, y sobre todo en época de creciente, derivan vigas escapadas de los obrajes, bien que se desprendan de una jangada en formación, bien que un peón bromista corte de un machetazo la soga que las retiene.",37
quiroga_cuentosdeamordelocuraydemuerte_0415,Horacio Quiroga,Uruguay,Cuentos de amor de locura y de muerte,"Pero como las dos toneladas de una viga, mientras no estén en el puerto, no pesan dos escrúpulos en caja, Castelhum y Cía. distaban muchísimas leguas de estar contentos.",29
quiroga_cuentosdeamordelocuraydemuerte_0416,Horacio Quiroga,Uruguay,Cuentos de amor de locura y de muerte,"Castelhum subió hasta el obraje y vio el stock de madera en el campamento, sobre la barranca del Ñacanguazú.",19
quiroga_cuentosdeamordelocuraydemuerte_0417,Horacio Quiroga,Uruguay,Cuentos de amor de locura y de muerte,"Óigame, Fernández: Esta misma tarde refuerce la maroma en la barra, y comience a arrimar todas las vigas, aquí a la barranca.",22
quiroga_cuentosdeamordelocuraydemuerte_0418,Horacio Quiroga,Uruguay,Cuentos de amor de locura y de muerte,"Mañana de mañana bajo a Posadas, y desde entonces, con el primer temporal que venga, eche los palos al arroyo.",20
quiroga_cuentosdeamordelocuraydemuerte_0419,Horacio Quiroga,Uruguay,Cuentos de amor de locura y de muerte,"Fernández se encogió de hombros, y silbó a los capataces.",10
quiroga_cuentosdeamordelocuraydemuerte_0420,Horacio Quiroga,Uruguay,Cuentos de amor de locura y de muerte,"El arroyo, venido a torrente, pasó a rugiente avalancha de agua roja.",12
quiroga_cuentosdeamordelocuraydemuerte_0421,Horacio Quiroga,Uruguay,Cuentos de amor de locura y de muerte,"Los peones, calados hasta los huesos, con su flacura en relieve por la ropa pegada al cuerpo, despeñaban las vigas por la barranca.",23
quiroga_cuentosdeamordelocuraydemuerte_0422,Horacio Quiroga,Uruguay,Cuentos de amor de locura y de muerte,"Cada esfuerzo arrancaba un unísono grito de ánimo, y cuando la monstruosa viga rodaba dando tumbos y se hundía con un cañonazo en el agua, todos los peones lanzaban su ¡a... hijú! de triunfo.",34
quiroga_cuentosdeamordelocuraydemuerte_0423,Horacio Quiroga,Uruguay,Cuentos de amor de locura y de muerte,"Y luego, los esfuerzos malgastados en el barro líquido, la zafadura de las palancas, las costaladas bajo la lluvia torrencial.",20
quiroga_cuentosdeamordelocuraydemuerte_0424,Horacio Quiroga,Uruguay,Cuentos de amor de locura y de muerte,"En el súbito silencio circunstante, se oyó el tronar de la lluvia todavía sobre el bosque inmediato.",17
quiroga_cuentosdeamordelocuraydemuerte_0425,Horacio Quiroga,Uruguay,Cuentos de amor de locura y de muerte,"Algunas gotas, distanciadas y livianas, caían aún del cielo exhausto.",10
quiroga_cuentosdeamordelocuraydemuerte_0426,Horacio Quiroga,Uruguay,Cuentos de amor de locura y de muerte,"Pero el tiempo proseguía cargado, sin el más ligero soplo.",10
quiroga_cuentosdeamordelocuraydemuerte_0427,Horacio Quiroga,Uruguay,Cuentos de amor de locura y de muerte,"Las maderas habían comenzado a descender, cedros o poco menos, y el pescador reservaba prudentemente sus fuerzas.",17
quiroga_cuentosdeamordelocuraydemuerte_0428,Horacio Quiroga,Uruguay,Cuentos de amor de locura y de muerte,"Esa noche el agua subió un metro aún, y a la tarde siguiente Candiyú tuvo la sorpresa de ver en el extremo de su anteojo una barra, una verdadera tropa de vigas sueltas que doblaban la punta de Itacurubí.",39
quiroga_cuentosdeamordelocuraydemuerte_0429,Horacio Quiroga,Uruguay,Cuentos de amor de locura y de muerte,"Ahora bien, en una creciente del Alto Paraná se encuentran muchas cosas antes de llegar a la viga elegida.",19
quiroga_cuentosdeamordelocuraydemuerte_0430,Horacio Quiroga,Uruguay,Cuentos de amor de locura y de muerte,"Pero las ramas, los árboles, pasaban sin cesar arrastrándolo.",9
quiroga_cuentosdeamordelocuraydemuerte_0431,Horacio Quiroga,Uruguay,Cuentos de amor de locura y de muerte,"Una viga, derivando con una gran creciente, lleva un impulso suficientemente grande para que tres hombres titubeen antes de atreverse con ella.",22
quiroga_cuentosdeamordelocuraydemuerte_0432,Horacio Quiroga,Uruguay,Cuentos de amor de locura y de muerte,"Pero Candiyú unía a su gran aliento treinta años de piraterías en río bajo o alto, y deseaba, además, ser dueño de un gramófono.",24
quiroga_cuentosdeamordelocuraydemuerte_0433,Horacio Quiroga,Uruguay,Cuentos de amor de locura y de muerte,La noche que caía ya le deparó incidentes a su plena satisfacción.,12
quiroga_cuentosdeamordelocuraydemuerte_0434,Horacio Quiroga,Uruguay,Cuentos de amor de locura y de muerte,"El río, a flor de ojo casi, corría velozmente con untuosidad de aceite.",13
quiroga_cuentosdeamordelocuraydemuerte_0435,Horacio Quiroga,Uruguay,Cuentos de amor de locura y de muerte,"Candiyú se inclinó, y vio que tenía la garganta abierta.",10
quiroga_cuentosdeamordelocuraydemuerte_0436,Horacio Quiroga,Uruguay,Cuentos de amor de locura y de muerte,"Al fin se rindió; cerró más el ángulo de abordaje, y sumó sus últimas fuerzas para alcanzar el borde de la canal, que rozaba los canteles del Teyucuaré.",28
quiroga_cuentosdeamordelocuraydemuerte_0437,Horacio Quiroga,Uruguay,Cuentos de amor de locura y de muerte,"Solamente un mes más tarde tuvo míster Hall sus tres docenas de tablas, y veinte segundos después entregaba a Candiyú el gramófono, incluso veinte discos.",25
quiroga_cuentosdeamordelocuraydemuerte_0438,Horacio Quiroga,Uruguay,Cuentos de amor de locura y de muerte,Allí vivirían primitivamente de la caza y la pesca.,9
quiroga_cuentosdeamordelocuraydemuerte_0439,Horacio Quiroga,Uruguay,Cuentos de amor de locura y de muerte,"Benincasa, habiendo concluido sus estudios de contaduría pública, sintió fulminante deseo de conocer la vida de la selva.",18
quiroga_cuentosdeamordelocuraydemuerte_0440,Horacio Quiroga,Uruguay,Cuentos de amor de locura y de muerte,"No fue arrastrado por su temperamento, pues antes bien Benincasa era un muchacho pacífico, gordinflón y de cara rosada, en razón de su excelente salud.",25
quiroga_cuentosdeamordelocuraydemuerte_0441,Horacio Quiroga,Uruguay,Cuentos de amor de locura y de muerte,"Y por este motivo remontaba el Paraná hasta un obraje, con sus famosos stromboot.",14
quiroga_cuentosdeamordelocuraydemuerte_0442,Horacio Quiroga,Uruguay,Cuentos de amor de locura y de muerte,"Mas a pesar de ello el contador público cuidaba mucho de su calzado, evitándole arañazos y sucios contactos.",18
quiroga_cuentosdeamordelocuraydemuerte_0443,Horacio Quiroga,Uruguay,Cuentos de amor de locura y de muerte,"De este modo llegó al obraje de su padrino, y a la hora tuvo éste que contener el desenfado de su ahijado.",22
quiroga_cuentosdeamordelocuraydemuerte_0444,Horacio Quiroga,Uruguay,Cuentos de amor de locura y de muerte,"Intentó vagamente un paso adentro, y quedó quieto.",8
quiroga_cuentosdeamordelocuraydemuerte_0445,Horacio Quiroga,Uruguay,Cuentos de amor de locura y de muerte,"Metióse las manos en los bolsillos, y miró detenidamente aquella inextricable maraña, silbando débilmente aires truncos.",16
quiroga_cuentosdeamordelocuraydemuerte_0446,Horacio Quiroga,Uruguay,Cuentos de amor de locura y de muerte,"Al día siguiente, sin embargo, recorrió la picada central por espacio de una legua, y aunque su fusil volvió profundamente dormido, Benincasa no deploró el paseo.",26
quiroga_cuentosdeamordelocuraydemuerte_0447,Horacio Quiroga,Uruguay,Cuentos de amor de locura y de muerte,"Benincasa dormía profundamente, cuando fue despertado por su padrino.",9
quiroga_cuentosdeamordelocuraydemuerte_0448,Horacio Quiroga,Uruguay,Cuentos de amor de locura y de muerte,Benincasa había sido ya enterado de las curiosas hormigas a que llamamos corrección.,13
quiroga_cuentosdeamordelocuraydemuerte_0449,Horacio Quiroga,Uruguay,Cuentos de amor de locura y de muerte,"Son pequeñas, negras, brillantes, y marchan velozmente en ríos más o menos anchos.",13
quiroga_cuentosdeamordelocuraydemuerte_0450,Horacio Quiroga,Uruguay,Cuentos de amor de locura y de muerte,"No hay animal, por grande y fuerte que sea, que no huya de ellas.",14
quiroga_cuentosdeamordelocuraydemuerte_0451,Horacio Quiroga,Uruguay,Cuentos de amor de locura y de muerte,"Los perros aúllan, los bueyes mugen, y es forzoso abandonarles la casa, a trueque de ser roído en diez horas hasta el esqueleto.",23
quiroga_cuentosdeamordelocuraydemuerte_0452,Horacio Quiroga,Uruguay,Cuentos de amor de locura y de muerte,Benincasa se observaba muy de cerca en los pies la placa lívida de una mordedura.,15
quiroga_cuentosdeamordelocuraydemuerte_0453,Horacio Quiroga,Uruguay,Cuentos de amor de locura y de muerte,"Al día siguiente se fue al monte, esta vez con un machete, pues había concluido por comprender que tal utensilio le sería en el monte mucho más útil que el fusil.",31
quiroga_cuentosdeamordelocuraydemuerte_0454,Horacio Quiroga,Uruguay,Cuentos de amor de locura y de muerte,El monte crepuscular y silencioso lo cansó pronto.,8
quiroga_cuentosdeamordelocuraydemuerte_0455,Horacio Quiroga,Uruguay,Cuentos de amor de locura y de muerte,"De la bullente vida tropical, no hay a esa hora más que el teatro helado; ni un animal, ni un pájaro, ni un ruido casi.",25
quiroga_cuentosdeamordelocuraydemuerte_0456,Horacio Quiroga,Uruguay,Cuentos de amor de locura y de muerte,"Benincasa volvía, cuando un sordo zumbido le llamó la atención.",10
quiroga_cuentosdeamordelocuraydemuerte_0457,Horacio Quiroga,Uruguay,Cuentos de amor de locura y de muerte,"Se acercó con cautela, y vio en el fondo de la abertura diez o doce bolas oscuras del tamaño de un huevo.",22
quiroga_cuentosdeamordelocuraydemuerte_0458,Horacio Quiroga,Uruguay,Cuentos de amor de locura y de muerte,"Deben de ser bolsitas de cera, llenas de miel Pero entre él, Benincasa, y las bolsitas, estaban las abejas.",19
quiroga_cuentosdeamordelocuraydemuerte_0459,Horacio Quiroga,Uruguay,Cuentos de amor de locura y de muerte,"Después de un momento de descanso, pensó en el fuego: levantaría una buena humareda.",14
quiroga_cuentosdeamordelocuraydemuerte_0460,Horacio Quiroga,Uruguay,Cuentos de amor de locura y de muerte,"La suerte quiso que mientras el ladrón acercaba cautelosamente la hojarasca húmeda, cuatro o cinco abejas se posaran en su mano, sin picarlo.",23
quiroga_cuentosdeamordelocuraydemuerte_0461,Horacio Quiroga,Uruguay,Cuentos de amor de locura y de muerte,"Su saliva, ya liviana, se clarificó en melífica abundancia.",9
quiroga_cuentosdeamordelocuraydemuerte_0462,Horacio Quiroga,Uruguay,Cuentos de amor de locura y de muerte,"Pero como la miel era espesa, tuvo que agrandar el agujero, después de haber permanecido medio minuto con la boca inútilmente abierta.",22
quiroga_cuentosdeamordelocuraydemuerte_0463,Horacio Quiroga,Uruguay,Cuentos de amor de locura y de muerte,"Fue inútil que éste prolongara la suspensión, y mucho más que repasara los globos exhaustos; tuvo que resignarse.",18
quiroga_cuentosdeamordelocuraydemuerte_0464,Horacio Quiroga,Uruguay,Cuentos de amor de locura y de muerte,"Pesado de miel, quieto y los ojos bien abiertos, Benincasa consideró de nuevo el monte crepuscular.",16
quiroga_cuentosdeamordelocuraydemuerte_0465,Horacio Quiroga,Uruguay,Cuentos de amor de locura y de muerte,"Y de pronto la respiración se le cortó en seco, de espanto.",12
quiroga_cuentosdeamordelocuraydemuerte_0466,Horacio Quiroga,Uruguay,Cuentos de amor de locura y de muerte,"Durante un rato el horror de morir allí, miserablemente solo, lejos de su madre y sus amigos, le cohibió todo medio de defensa.",23
quiroga_cuentosdeamordelocuraydemuerte_0467,Horacio Quiroga,Uruguay,Cuentos de amor de locura y de muerte,"En su pánico constató sin embargo que no tenía fiebre ni ardor de garganta, y el corazón y pulmones conservaban su ritmo normal.",23
quiroga_cuentosdeamordelocuraydemuerte_0468,Horacio Quiroga,Uruguay,Cuentos de amor de locura y de muerte,"Alrededor de él la corrección devoradora oscurecía el suelo, y el contador sintió por bajo del calzoncillo el río de hormigas carnívoras que subían.",24
quiroga_cuentosdeamordelocuraydemuerte_0469,Horacio Quiroga,Uruguay,Cuentos de amor de locura y de muerte,"Su padrino halló por fin, dos días después, y sin la menor partícula de carne, el esqueleto cubierto de ropa de Benincasa.",22
quiroga_cuentosdeamordelocuraydemuerte_0470,Horacio Quiroga,Uruguay,Cuentos de amor de locura y de muerte,"Esa misma tarde salimos de casa, instalándonos en la única que pudimos hallar con tanta premura, una vieja quinta de los alrededores.",22
quiroga_cuentosdeamordelocuraydemuerte_0471,Horacio Quiroga,Uruguay,Cuentos de amor de locura y de muerte,Hacía mucho tiempo que la quinta dormía en su sombrío y húmedo sosiego.,13
quiroga_cuentosdeamordelocuraydemuerte_0472,Horacio Quiroga,Uruguay,Cuentos de amor de locura y de muerte,"Pasábamos el día entero huroneando por la quinta, bien que las higueras, demasiado tupidas al pie, nos inquietaran un poco.",20
quiroga_cuentosdeamordelocuraydemuerte_0473,Horacio Quiroga,Uruguay,Cuentos de amor de locura y de muerte,"Era, sin embargo, menester explorarlo, y por vía de avanzada logramos con infinitos esfuerzos llevar hasta su borde una gran piedra.",21
quiroga_cuentosdeamordelocuraydemuerte_0474,Horacio Quiroga,Uruguay,Cuentos de amor de locura y de muerte,"Como el pozo quedaba oculto tras un macizo de cañas, nos fue permitida esta maniobra sin que mamá se enterase.",20
quiroga_cuentosdeamordelocuraydemuerte_0475,Horacio Quiroga,Uruguay,Cuentos de amor de locura y de muerte,"No obstante, María, cuya inspiración poética privó siempre en nuestras empresas, obtuvo que aplazáramos el fenómeno hasta que una gran lluvia, llenando a medias el pozo, nos proporcionara satisfacción artística a la par que científica.",35
quiroga_cuentosdeamordelocuraydemuerte_0476,Horacio Quiroga,Uruguay,Cuentos de amor de locura y de muerte,"Tardamos dos semanas enteras en explorar como era debido aquel diluviano enredo de varas verdes, varas secas, varas verticales, varas oblicuas, varas atravesadas, varas dobladas hacia tierra.",27
quiroga_cuentosdeamordelocuraydemuerte_0477,Horacio Quiroga,Uruguay,Cuentos de amor de locura y de muerte,"Las hojas secas, detenidas en su caída, entretejían el macizo, que llenaba el aire de polvo y briznas al menor contacto.",21
quiroga_cuentosdeamordelocuraydemuerte_0478,Horacio Quiroga,Uruguay,Cuentos de amor de locura y de muerte,"María y yo, por de pronto, profesábamos cordialísima antipatía al padrastrillo.",11
quiroga_cuentosdeamordelocuraydemuerte_0479,Horacio Quiroga,Uruguay,Cuentos de amor de locura y de muerte,Nosotros no decíamos nada; pero nos mirábamos por encima del plato.,11
quiroga_cuentosdeamordelocuraydemuerte_0480,Horacio Quiroga,Uruguay,Cuentos de amor de locura y de muerte,"A este severo personaje, pues, habíamos robado un paquete de cigarrillos; y aunque nos tentaba iniciarnos súbitamente en la viril virtud, esperamos el artefacto.",24
quiroga_cuentosdeamordelocuraydemuerte_0481,Horacio Quiroga,Uruguay,Cuentos de amor de locura y de muerte,"Este artefacto consistía en un pipa que yo había fabricado con un trozo de caña, por depósito; una varilla de cortina, por boquilla; y por cemento, masilla de un vidrio recién colocado.",32
quiroga_cuentosdeamordelocuraydemuerte_0482,Horacio Quiroga,Uruguay,Cuentos de amor de locura y de muerte,"Cinco cigarrillos dejaron su tabaco adentro, y sentándonos entonces con las rodillas altas encendí la pipa y aspiré.",18
quiroga_cuentosdeamordelocuraydemuerte_0483,Horacio Quiroga,Uruguay,Cuentos de amor de locura y de muerte,"María, que devoraba mi acto con los ojos, notó que los míos se cubrían de lágrimas: jamás se ha visto ni verá cosa más abominable.",25
quiroga_cuentosdeamordelocuraydemuerte_0484,Horacio Quiroga,Uruguay,Cuentos de amor de locura y de muerte,Y se llevó heroicamente otra vez a la boca la varilla de bronce.,13
quiroga_cuentosdeamordelocuraydemuerte_0485,Horacio Quiroga,Uruguay,Cuentos de amor de locura y de muerte,"El orgullo, sólo él, la precipitaba de nuevo a aquel infernal humo con gusto a sal de Chantaud, el mismo orgullo que me había hecho alabarle la nauseabunda fogata.",29
quiroga_cuentosdeamordelocuraydemuerte_0486,Horacio Quiroga,Uruguay,Cuentos de amor de locura y de muerte,"Solos en el patio, María y yo nos miramos con altivo fuego en los ojos.",15
quiroga_cuentosdeamordelocuraydemuerte_0487,Horacio Quiroga,Uruguay,Cuentos de amor de locura y de muerte,"Con el violento chorro de chispas había bastante, y en su total, todo el éxito estribaba en que nuestro tío, adormilado, no se diera cuenta de la singular rigidez de su cigarrillo.",32
quiroga_cuentosdeamordelocuraydemuerte_0488,Horacio Quiroga,Uruguay,Cuentos de amor de locura y de muerte,"Las cosas se precipitan a veces de tal modo, que no hay tiempo ni aliento para contarlas.",17
quiroga_cuentosdeamordelocuraydemuerte_0489,Horacio Quiroga,Uruguay,Cuentos de amor de locura y de muerte,"Sólo sé que el padrastrillo salió como una bomba de su cuarto, encontrando a mamá en el comedor.",18
quiroga_cuentosdeamordelocuraydemuerte_0490,Horacio Quiroga,Uruguay,Cuentos de amor de locura y de muerte,¡Te juro que esta vez se van a acordar de mí!,11
quiroga_cuentosdeamordelocuraydemuerte_0491,Horacio Quiroga,Uruguay,Cuentos de amor de locura y de muerte,Esto era lo último que se podía decir al padrastrillo.,10
quiroga_cuentosdeamordelocuraydemuerte_0492,Horacio Quiroga,Uruguay,Cuentos de amor de locura y de muerte,"Pero en ese instante yo salía como de una honda por la puerta abierta, y disparaba hacia la quinta, con mi tío detrás.",23
quiroga_cuentosdeamordelocuraydemuerte_0493,Horacio Quiroga,Uruguay,Cuentos de amor de locura y de muerte,"Bruscamente desaparecí a sus ojos tras las cañas; corriendo siempre, di un empujón a la piedra exploradora que esperaba una lluvia, y salté de costado, hundiéndome bajo la hojarasca.",29
quiroga_cuentosdeamordelocuraydemuerte_0494,Horacio Quiroga,Uruguay,Cuentos de amor de locura y de muerte,"Descubrió enseguida mi cubil, volviendo pertinazmente a él con admirable olfato; pero aparte de que la hojarasca diluviana me ocultaba del todo, el ruido de mi cuerpo estrellándose obsediaba a mi tío, que no buscaba bien, en consecuencia.",38
quiroga_cuentosdeamordelocuraydemuerte_0495,Horacio Quiroga,Uruguay,Cuentos de amor de locura y de muerte,"Fue pues resuelto que yo yacía aplastado en el fondo del pozo, dando entonces principio a lo que llamaríamos mi venganza póstuma.",22
quiroga_cuentosdeamordelocuraydemuerte_0496,Horacio Quiroga,Uruguay,Cuentos de amor de locura y de muerte,"Seguramente mamá presintió algo, porque su voz sonó de nuevo, alterada.",11
quiroga_cuentosdeamordelocuraydemuerte_0497,Horacio Quiroga,Uruguay,Cuentos de amor de locura y de muerte,¡Si fue una broma! Mamá entró de nuevo.,8
quiroga_cuentosdeamordelocuraydemuerte_0498,Horacio Quiroga,Uruguay,Cuentos de amor de locura y de muerte,"Celia, mi tía mayor, que había concluido de dormir la siesta, cruzó el patio, y Alfonso la llamó en silencio con la mano.",23
quiroga_cuentosdeamordelocuraydemuerte_0499,Horacio Quiroga,Uruguay,Cuentos de amor de locura y de muerte,"Momentos después Celia lanzaba un ¡oh! ahogado, llevándose las manos a la cabeza.",13
quiroga_cuentosdeamordelocuraydemuerte_0500,Horacio Quiroga,Uruguay,Cuentos de amor de locura y de muerte,El pozo tenía catorce metros sobre piedra viva.,8
quiroga_cuentosdeamordelocuraydemuerte_0501,Horacio Quiroga,Uruguay,Cuentos de amor de locura y de muerte,"Pero para ello sería preciso traer sogas, hombres; y Mercedes...",10
quiroga_cuentosdeamordelocuraydemuerte_0502,Horacio Quiroga,Uruguay,Cuentos de amor de locura y de muerte,"Mamá acaparaba todos los entusiasmos de aquel dolor, sacrificándole ellos la remota probabilidad de vida que yo pudiera aún conservar allá abajo.",22
quiroga_cuentosdeamordelocuraydemuerte_0503,Horacio Quiroga,Uruguay,Cuentos de amor de locura y de muerte,"Lo cual, hiriendo mi doble vanidad de muerto y de vivo, avivó mi sed de venganza.",16
quiroga_cuentosdeamordelocuraydemuerte_0504,Horacio Quiroga,Uruguay,Cuentos de amor de locura y de muerte,"Media hora después mamá volvió a preguntar por mí, respondiéndole Celia con tan pobre diplomacia, que mamá tuvo enseguida la seguridad de una catástrofe.",24
quiroga_cuentosdeamordelocuraydemuerte_0505,Horacio Quiroga,Uruguay,Cuentos de amor de locura y de muerte,"Mamá no pensaba en nada concreto; pero al ver el gesto horrorizado de su hermano, recordó entonces mi exclamación de una hora antes, y lanzó un espantoso alarido.",28
quiroga_cuentosdeamordelocuraydemuerte_0506,Horacio Quiroga,Uruguay,Cuentos de amor de locura y de muerte,Aquél era el momento de dedicar toda mi seriedad a agotar la pipa.,13
quiroga_cuentosdeamordelocuraydemuerte_0507,Horacio Quiroga,Uruguay,Cuentos de amor de locura y de muerte,"El humo de aquel tabaco humedecido, seco, vuelto a humedecer y resecar infinitas veces, tenía en aquel momento un gusto a cumbarí, solución Coirre y sulfato de soda, mucho más ventajoso que la primera vez.",35
quiroga_cuentosdeamordelocuraydemuerte_0508,Horacio Quiroga,Uruguay,Cuentos de amor de locura y de muerte,"Emprendí, sin embargo, la tarea que sabía dura, con el caño contraído y los dientes crispados sobre la boquilla.",19
quiroga_cuentosdeamordelocuraydemuerte_0509,Horacio Quiroga,Uruguay,Cuentos de amor de locura y de muerte,"Pero dime, Alfonso, ¿cómo pudo no haberse hecho nada?",9
quiroga_cuentosdeamordelocuraydemuerte_0510,Horacio Quiroga,Uruguay,Cuentos de amor de locura y de muerte,"Los ojos de un joven suicida que fumó heroicamente su pipa, ¿expresan acaso desesperado valor?",15
quiroga_cuentosdeamordelocuraydemuerte_0511,Horacio Quiroga,Uruguay,Cuentos de amor de locura y de muerte,"¿Qué diablos quieren decir la carta de Funes, y luego la charla del médico?",14
quiroga_cuentosdeamordelocuraydemuerte_0512,Horacio Quiroga,Uruguay,Cuentos de amor de locura y de muerte,"Mi amistad con él es bastante vaga, y en cuanto a su casa, he estado allí una sola vez.",19
quiroga_cuentosdeamordelocuraydemuerte_0513,Horacio Quiroga,Uruguay,Cuentos de amor de locura y de muerte,"Así, pues, me va a permitir una pregunta, una sola.",10
quiroga_cuentosdeamordelocuraydemuerte_0514,Horacio Quiroga,Uruguay,Cuentos de amor de locura y de muerte,"Todo lo que tenga de indiscreta, se lo explicaré enseguida.",10
quiroga_cuentosdeamordelocuraydemuerte_0515,Horacio Quiroga,Uruguay,Cuentos de amor de locura y de muerte,"¡Ah, ah! ¡Por aquí andaba la cosa, entonces! ¡María Elvira Funes, hermana de Luis María Funes, todos en María! ¡Pero si apenas conocía a esa persona!",26
quiroga_cuentosdeamordelocuraydemuerte_0516,Horacio Quiroga,Uruguay,Cuentos de amor de locura y de muerte,"Apenas la conozco, vuelvo a repetirle, y no creo que ella se acuerde de haberme visto jamás.",17
quiroga_cuentosdeamordelocuraydemuerte_0517,Horacio Quiroga,Uruguay,Cuentos de amor de locura y de muerte,"Con dos palabras podrá comprender que el asunto es de todo, menos de broma...",14
quiroga_cuentosdeamordelocuraydemuerte_0518,Horacio Quiroga,Uruguay,Cuentos de amor de locura y de muerte,"La persona de quien hablamos está gravemente enferma, casi a la muerte... ¿Entiende algo?",14
quiroga_cuentosdeamordelocuraydemuerte_0519,Horacio Quiroga,Uruguay,Cuentos de amor de locura y de muerte,"Cuestión de un baño demasiado frío esa tarde, según opinión de la madre.",13
quiroga_cuentosdeamordelocuraydemuerte_0520,Horacio Quiroga,Uruguay,Cuentos de amor de locura y de muerte,"Lo cierto es que había pasado la noche fatigada, y con buen dolor de cabeza.",15
quiroga_cuentosdeamordelocuraydemuerte_0521,Horacio Quiroga,Uruguay,Cuentos de amor de locura y de muerte,"Viene un terremoto, remueve como un demonio todo eso, tritura el resto, y brota una semilla, una cualquiera, de arriba o del fondo, lo mismo da.",26
quiroga_cuentosdeamordelocuraydemuerte_0522,Horacio Quiroga,Uruguay,Cuentos de amor de locura y de muerte,Sería cosa de volverse loco con otra persona...,8
quiroga_cuentosdeamordelocuraydemuerte_0523,Horacio Quiroga,Uruguay,Cuentos de amor de locura y de muerte,"Los Funes, y en particular la familia de que comenzaba yo a formar tan ridícula parte, tienen un fuerte orgullo; por motivos de abolengo, supongo, y por su fortuna, que me parece lo más probable.",35
quiroga_cuentosdeamordelocuraydemuerte_0524,Horacio Quiroga,Uruguay,Cuentos de amor de locura y de muerte,"Así, pues, agradecí en mi fuero interno el distingo de que me hacía honor el joven patricio.",17
quiroga_cuentosdeamordelocuraydemuerte_0525,Horacio Quiroga,Uruguay,Cuentos de amor de locura y de muerte,"Miré la cama, y vi, bajo la bolsa de hielo, dos ojos abiertos vueltos a mí.",16
quiroga_cuentosdeamordelocuraydemuerte_0526,Horacio Quiroga,Uruguay,Cuentos de amor de locura y de muerte,"Yo tengo alguna idea, como todo hombre, de lo que son dos ojos que nos aman cuando uno se va acercando despacio a ellos.",24
quiroga_cuentosdeamordelocuraydemuerte_0527,Horacio Quiroga,Uruguay,Cuentos de amor de locura y de muerte,"La enferma balbuceó algunas palabras, pero con tanta dificultad de sus labios resecos, que nada oí.",16
quiroga_cuentosdeamordelocuraydemuerte_0528,Horacio Quiroga,Uruguay,Cuentos de amor de locura y de muerte,"Véase ahora si ha sido dado a persona alguna una situación más extraña y disparatada: Yo, en primer término, puesto que era el héroe, teniendo en la mía una mano ardiendo en fiebre y en un amor totalmente equivocado.",39
quiroga_cuentosdeamordelocuraydemuerte_0529,Horacio Quiroga,Uruguay,Cuentos de amor de locura y de muerte,"Todos acudieron, se estiraron las sábanas, se renovó el hielo, y otra vez los ojos se fijaron en inmóvil dicha.",20
quiroga_cuentosdeamordelocuraydemuerte_0530,Horacio Quiroga,Uruguay,Cuentos de amor de locura y de muerte,"Y tuvo razón al fin, porque de pronto, bruscamente, como un derrumbe de sueño, la enferma cerró los ojos y se durmió.",22
quiroga_cuentosdeamordelocuraydemuerte_0531,Horacio Quiroga,Uruguay,Cuentos de amor de locura y de muerte,Estaba visto que todas las galanterías iban a ser para mí en aquella casa.,14
quiroga_cuentosdeamordelocuraydemuerte_0532,Horacio Quiroga,Uruguay,Cuentos de amor de locura y de muerte,"Ayestarain, que nos había dejado un instante, salió muy satisfecho del estado de la enferma; descansaba con una placidez desconocida aún.",21
quiroga_cuentosdeamordelocuraydemuerte_0533,Horacio Quiroga,Uruguay,Cuentos de amor de locura y de muerte,"La madre miró a otro lado, y yo miré al médico.",11
quiroga_cuentosdeamordelocuraydemuerte_0534,Horacio Quiroga,Uruguay,Cuentos de amor de locura y de muerte,"Podía irme, claro que sí, y me despedí.",8
quiroga_cuentosdeamordelocuraydemuerte_0535,Horacio Quiroga,Uruguay,Cuentos de amor de locura y de muerte,"Y la culpa de ello está en la familia Funes, con Luis María, madre, hermanas y parientes colaterales.",18
quiroga_cuentosdeamordelocuraydemuerte_0536,Horacio Quiroga,Uruguay,Cuentos de amor de locura y de muerte,"Tomo, pues, una determinación que haré conocer al primero de esa bendita casa que llegue hasta mi puerta.",18
quiroga_cuentosdeamordelocuraydemuerte_0537,Horacio Quiroga,Uruguay,Cuentos de amor de locura y de muerte,"¡Sabe Dios lo que es! Al principio parecía eso, y anoche también... Hoy ya no tenemos idea de lo que será.",21
quiroga_cuentosdeamordelocuraydemuerte_0538,Horacio Quiroga,Uruguay,Cuentos de amor de locura y de muerte,"Hay de todo allí... Y a propósito, esta noche lo esperamos.",11
quiroga_cuentosdeamordelocuraydemuerte_0539,Horacio Quiroga,Uruguay,Cuentos de amor de locura y de muerte,"Pero me parece algo así como..., no se ofenda, cuestión de amor propio.",13
quiroga_cuentosdeamordelocuraydemuerte_0540,Horacio Quiroga,Uruguay,Cuentos de amor de locura y de muerte,"Lo que no lo está tanto es que hace diez minutos acabo de recibir una esquela del médico, así concebida: AmigoDurán: Con todo su bagaje de rencores, nos es usted indispensable esta noche.",33
quiroga_cuentosdeamordelocuraydemuerte_0541,Horacio Quiroga,Uruguay,Cuentos de amor de locura y de muerte,"Supóngase una vez más que usted hace de cloral, veronal, el hipnótico que menos le irrite los nervios, y véngase.",20
quiroga_cuentosdeamordelocuraydemuerte_0542,Horacio Quiroga,Uruguay,Cuentos de amor de locura y de muerte,Está bien que la primera noche yo no viera en su mirada sine el reflejo de mi propia ridiculez de remedio inocuo.,22
quiroga_cuentosdeamordelocuraydemuerte_0543,Horacio Quiroga,Uruguay,Cuentos de amor de locura y de muerte,La segunda noche sentí menos mi insuficiencia real.,8
quiroga_cuentosdeamordelocuraydemuerte_0544,Horacio Quiroga,Uruguay,Cuentos de amor de locura y de muerte,"Me, ha dicho que la enferma sigue mejor, y que mucho se equivoca, o me veré uno de estos días libre de la presencia de María Elvira.",27
quiroga_cuentosdeamordelocuraydemuerte_0545,Horacio Quiroga,Uruguay,Cuentos de amor de locura y de muerte,Mi hombre se puso serio y me miró detenidamente.,9
quiroga_cuentosdeamordelocuraydemuerte_0546,Horacio Quiroga,Uruguay,Cuentos de amor de locura y de muerte,"Ayestarain tornó a mirarme fijamente, pero esta vez creí notar un vago, vaguísimo dejo de amargura.",16
quiroga_cuentosdeamordelocuraydemuerte_0547,Horacio Quiroga,Uruguay,Cuentos de amor de locura y de muerte,"No era precisamente una comida alegre, si bien Luis María, por lo menos, estuvo muy cordial conmigo.",17
quiroga_cuentosdeamordelocuraydemuerte_0548,Horacio Quiroga,Uruguay,Cuentos de amor de locura y de muerte,¿Se comprende esto? ¡No verla en todo el día!,9
quiroga_cuentosdeamordelocuraydemuerte_0549,Horacio Quiroga,Uruguay,Cuentos de amor de locura y de muerte,"Si por bendición de Dios, la fiebre de cuarenta, ochenta, ciento veinte grados, cualquier fiebre, cayera esta noche sobre su cabeza... ¡Y aquí!: Esta sola línea del bendito Ayestarain: Deliriodenuevo.",30
quiroga_cuentosdeamordelocuraydemuerte_0550,Horacio Quiroga,Uruguay,Cuentos de amor de locura y de muerte,"Acostó su cara sobre la mejilla izquierda, y cómoda así, fijó los ojos en mí.",15
quiroga_cuentosdeamordelocuraydemuerte_0551,Horacio Quiroga,Uruguay,Cuentos de amor de locura y de muerte,No sé qué me decían sus ojos; posiblemente me daban toda su vida y toda su alma en una entrega infinitamente dichosa.,22
quiroga_cuentosdeamordelocuraydemuerte_0552,Horacio Quiroga,Uruguay,Cuentos de amor de locura y de muerte,¡Locura que se ha sentado a horcajadas sobre mi corazón! ¡Después! ¡Cuando no tenga más delirio!,16
quiroga_cuentosdeamordelocuraydemuerte_0553,Horacio Quiroga,Uruguay,Cuentos de amor de locura y de muerte,Pero apenas había murmurado yo; apenas había murmurado ella con una sonrisa...,12
quiroga_cuentosdeamordelocuraydemuerte_0554,Horacio Quiroga,Uruguay,Cuentos de amor de locura y de muerte,"Porque las cosas, para ser claras, deben ser planteadas así: La enferma con delirio, que por una aberración psicológica cualquiera, ama únicamente en su delirio, a X. Esto por un lado.",31
quiroga_cuentosdeamordelocuraydemuerte_0555,Horacio Quiroga,Uruguay,Cuentos de amor de locura y de muerte,"Esto es lo que yo llamo un pequeño caso de locura, claro y rotundo.",14
quiroga_cuentosdeamordelocuraydemuerte_0556,Horacio Quiroga,Uruguay,Cuentos de amor de locura y de muerte,"Anoche, cuando llegaba a casa, creí un momento haber hallado la solución, que sería ésta: María Elvira, en su fiebre, soñaba que estaba despierta.",24
quiroga_cuentosdeamordelocuraydemuerte_0557,Horacio Quiroga,Uruguay,Cuentos de amor de locura y de muerte,¿A quién no ha sido dado soñar que está soñando?,10
quiroga_cuentosdeamordelocuraydemuerte_0558,Horacio Quiroga,Uruguay,Cuentos de amor de locura y de muerte,"Pero eso está acabado, concluido, finalizado, muerto, inmaterial, como si nunca hubiera sido.",13
quiroga_cuentosdeamordelocuraydemuerte_0559,Horacio Quiroga,Uruguay,Cuentos de amor de locura y de muerte,¡Cualquiera creería al oírte que le estamos diciendo mentiras a Durán!,11
quiroga_cuentosdeamordelocuraydemuerte_0560,Horacio Quiroga,Uruguay,Cuentos de amor de locura y de muerte,Había esperado y temido con ansia ese instante.,8
quiroga_cuentosdeamordelocuraydemuerte_0561,Horacio Quiroga,Uruguay,Cuentos de amor de locura y de muerte,"Ni el más leve rastro de lo pasado, ni siquiera afectación de no mirarme, con lo que había yo contado como último triunfo de mi juego.",26
quiroga_cuentosdeamordelocuraydemuerte_0562,Horacio Quiroga,Uruguay,Cuentos de amor de locura y de muerte,"Pero de interés, el hombre con quien se ha soñado veinte noches seguidas, eso no.",15
quiroga_cuentosdeamordelocuraydemuerte_0563,Horacio Quiroga,Uruguay,Cuentos de amor de locura y de muerte,"¿Qué ventajas, qué remota probabilidad de dicha puede reportarme constatar esto?",11
quiroga_cuentosdeamordelocuraydemuerte_0564,Horacio Quiroga,Uruguay,Cuentos de amor de locura y de muerte,"Del baile de lo de Rodríguez Peña, a Palermo.",9
quiroga_cuentosdeamordelocuraydemuerte_0565,Horacio Quiroga,Uruguay,Cuentos de amor de locura y de muerte,Y aquí está la causa: bailé anoche con María Elvira.,10
quiroga_cuentosdeamordelocuraydemuerte_0566,Horacio Quiroga,Uruguay,Cuentos de amor de locura y de muerte,No sé qué será... Antes de mi enfermedad no los tenía.,11
quiroga_cuentosdeamordelocuraydemuerte_0567,Horacio Quiroga,Uruguay,Cuentos de amor de locura y de muerte,Precisamente nuestra vecina de mesa acababa de hacerle notar ese detalle.,11
quiroga_cuentosdeamordelocuraydemuerte_0568,Horacio Quiroga,Uruguay,Cuentos de amor de locura y de muerte,Con lo que sus ojos no quedaban sino más luminosos.,10
quiroga_cuentosdeamordelocuraydemuerte_0569,Horacio Quiroga,Uruguay,Cuentos de amor de locura y de muerte,"¡Ah! ¡Qué sensación de inmensa losa derrumbada por fin de sobre mi pecho! ¡Era posible hablar de eso, por fin!",20
quiroga_cuentosdeamordelocuraydemuerte_0570,Horacio Quiroga,Uruguay,Cuentos de amor de locura y de muerte,"Pero sí; en el momento a que se refiere, ¡más que nadie, con seguridad! Me detuve de nuevo; mi voz comenzaba a bajar demasiado de tono.",26
quiroga_cuentosdeamordelocuraydemuerte_0571,Horacio Quiroga,Uruguay,Cuentos de amor de locura y de muerte,"Pero a mi vez el demonio de la locura me arrastró tras aquel ¡ydale! burlón, a una pregunta que nunca debiera haber hecho.",23
quiroga_cuentosdeamordelocuraydemuerte_0572,Horacio Quiroga,Uruguay,Cuentos de amor de locura y de muerte,"María Elvira contrajo las cejas un largo instante, y las levantó luego, más altas que lo natural.",17
quiroga_cuentosdeamordelocuraydemuerte_0573,Horacio Quiroga,Uruguay,Cuentos de amor de locura y de muerte,"Si usted no recuerda absolutamente nada, puesto que todo era una alucinación de fiebre, ¿qué puede importarle lo que me haya o no dicho en su delirio?",27
quiroga_cuentosdeamordelocuraydemuerte_0574,Horacio Quiroga,Uruguay,Cuentos de amor de locura y de muerte,El sueño de vals que bailábamos no tiene nada de divertido.,11
quiroga_cuentosdeamordelocuraydemuerte_0575,Horacio Quiroga,Uruguay,Cuentos de amor de locura y de muerte,"Mientras avanzábamos al salón, parecía buscar con los ojos a alguno de sus habituales compañeros de vals.",17
quiroga_cuentosdeamordelocuraydemuerte_0576,Horacio Quiroga,Uruguay,Cuentos de amor de locura y de muerte,"Pero aunque María Elvira no respondió una palabra, tampoco pareció hallar al compañero ideal que buscaba.",16
quiroga_cuentosdeamordelocuraydemuerte_0577,Horacio Quiroga,Uruguay,Cuentos de amor de locura y de muerte,"En cuanto a mí, me paso la vida llevando cigarros a la boca como quien quema margaritas: ¿me quiere?",19
quiroga_cuentosdeamordelocuraydemuerte_0578,Horacio Quiroga,Uruguay,Cuentos de amor de locura y de muerte,"Conserva su mismo círculo de amigos, sostiene a todos con su risa, y flirtea admirablemente cuantas veces se lo proponen.",20
quiroga_cuentosdeamordelocuraydemuerte_0579,Horacio Quiroga,Uruguay,Cuentos de amor de locura y de muerte,Pero siempre halla modo de no perderme de vista.,9
quiroga_cuentosdeamordelocuraydemuerte_0580,Horacio Quiroga,Uruguay,Cuentos de amor de locura y de muerte,"Pero cuando está conmigo, entonces no aparta los ojos de ellos.",11
quiroga_cuentosdeamordelocuraydemuerte_0581,Horacio Quiroga,Uruguay,Cuentos de amor de locura y de muerte,"Anoche, sin embargo, hemos tenido un momento de tregua.",9
quiroga_cuentosdeamordelocuraydemuerte_0582,Horacio Quiroga,Uruguay,Cuentos de amor de locura y de muerte,"Ayestarain conversaba conmigo, y una breve mirada de María Elvira, lanzada hacia nosotros por sobre los hombros de cuádruple flirt que la rodeaba, puso su espléndida figura en nuestra conversación.",30
quiroga_cuentosdeamordelocuraydemuerte_0583,Horacio Quiroga,Uruguay,Cuentos de amor de locura y de muerte,"Hablamos de ella y, fugazmente, de la vieja historia.",9
quiroga_cuentosdeamordelocuraydemuerte_0584,Horacio Quiroga,Uruguay,Cuentos de amor de locura y de muerte,Solamente que es más feliz que el suyo.,8
quiroga_cuentosdeamordelocuraydemuerte_0585,Horacio Quiroga,Uruguay,Cuentos de amor de locura y de muerte,¿Le ha hecho el amor a usted alguna vez?,9
quiroga_cuentosdeamordelocuraydemuerte_0586,Horacio Quiroga,Uruguay,Cuentos de amor de locura y de muerte,"Y estrellarme enseguida yo mismo contra un espejo, por imbécil.",10
quiroga_cuentosdeamordelocuraydemuerte_0587,Horacio Quiroga,Uruguay,Cuentos de amor de locura y de muerte,"La inmensa rabia de mí mismo me hacía sufrir, sobre todo.",11
quiroga_cuentosdeamordelocuraydemuerte_0588,Horacio Quiroga,Uruguay,Cuentos de amor de locura y de muerte,"Además, sueño, sueño demasiado, y cosas por el estilo: Ibamos del brazo por un salón, ella toda de blanco, y yo como un bulto negro a su lado.",28
quiroga_cuentosdeamordelocuraydemuerte_0589,Horacio Quiroga,Uruguay,Cuentos de amor de locura y de muerte,"Me voy a Europa, a Norteamérica, a cualquier parte donde pueda olvidarla.",12
quiroga_cuentosdeamordelocuraydemuerte_0590,Horacio Quiroga,Uruguay,Cuentos de amor de locura y de muerte,"No sé el bien que les podrá hacer a mis planos de máquinas esta ausencia sentimental (¡y sí, sentimental, ¡aunque no quiera!); pero quedarme sería ridículo, y estúpido, y no hay para qué divertir más a las María Elvira.",39
quiroga_cuentosdeamordelocuraydemuerte_0591,Horacio Quiroga,Uruguay,Cuentos de amor de locura y de muerte,"Por bravata, o desafío a mí mismo, o quién sabe por qué mortuoria esperanza de suicida, fui la tarde anterior de mi salida a despedirme de los Funes.",28
quiroga_cuentosdeamordelocuraydemuerte_0592,Horacio Quiroga,Uruguay,Cuentos de amor de locura y de muerte,Pasé un momento a la antesala a saludarla.,8
quiroga_cuentosdeamordelocuraydemuerte_0593,Horacio Quiroga,Uruguay,Cuentos de amor de locura y de muerte,"Pero era ella siempre, más hermosa aún para mí porque la perdía.",12
quiroga_cuentosdeamordelocuraydemuerte_0594,Horacio Quiroga,Uruguay,Cuentos de amor de locura y de muerte,"Y miró hacia afuera a través de los vidrios abriendo bien los ojos, como cuando uno pierde el pensamiento.",19
quiroga_cuentosdeamordelocuraydemuerte_0595,Horacio Quiroga,Uruguay,Cuentos de amor de locura y de muerte,"María Elvira fijó aún los ojos en mí, y su expresión preocupada y atenta se tornó sombría.",17
quiroga_cuentosdeamordelocuraydemuerte_0596,Horacio Quiroga,Uruguay,Cuentos de amor de locura y de muerte,"¿Quedarme aquí, a su lado, desangrándome vivo con su modo de ser, porque la quiero como un idiota...?",18
quiroga_cuentosdeamordelocuraydemuerte_0597,Horacio Quiroga,Uruguay,Cuentos de amor de locura y de muerte,"Y ella, en silenciosas lágrimas de tormento concluido, vencida, entregada, dichosa, había hallado por fin sobre mi pecho postura cómoda a su cabeza.",23
quiroga_cuentosdeamordelocuraydemuerte_0598,Horacio Quiroga,Uruguay,Cuentos de amor de locura y de muerte,"Ha protestado, bien se ve, ante no pocas observaciones mías; pero en honor del arte literario en que nos hemos engolfado con tanta frescura, se resigna como buena esposa.",29
quiroga_cuentosdeamordelocuraydemuerte_0599,Horacio Quiroga,Uruguay,Cuentos de amor de locura y de muerte,"En este momento María Elvira me interrumpe para decirme que la última línea escrita no es verdad: Mi narración no sólo no está del todo mal, sino que está bien, muy bien.",32
